[2026-04-24T13:37:36Z] Starting Phase 2 batch archive: 1937 unique URLs
[2026-04-24T13:37:37Z] [1/1937] fresh     https://www.cornerstonechapel.cc
[2026-04-24T13:37:38Z] [2/1937] fresh     https://en.wikipedia.org/wiki/Oneness_Pentecostalism
[2026-04-24T13:37:42Z] [3/1937] fresh     https://fumcva.org
[2026-04-24T13:37:45Z] [4/1937] fresh     https://ccfred.org
[2026-04-24T13:37:45Z] [5/1937] fresh     https://www.trinity-fredericksburg.org
[2026-04-24T13:37:59Z]   CDX check failed: timed out
[2026-04-24T13:37:59Z] [6/1937] no-snapshot  https://www.selahchurchfxbg.com
[2026-04-24T13:38:09Z] [7/1937] fresh     https://www.modernday.org/profile/lukeandamanda/
[2026-04-24T13:38:10Z] [8/1937] fresh     https://www.revivechurchva.com
[2026-04-24T13:38:22Z]   CDX check failed: timed out
[2026-04-24T13:38:22Z] [9/1937] no-snapshot  https://www.revivechurchva.com/about
[2026-04-24T13:38:26Z] [10/1937] fresh     https://fawnlakechurch.net/
[2026-04-24T13:38:26Z]   checkpoint: {"fresh": 8, "older": 0, "saved": 0, "skip": 0, "fail": 0, "cached": 0, "no-snapshot": 2}
[2026-04-24T13:38:39Z] [11/1937] fresh     https://churchjobfinder.com/church-jobs/pastor-spotsylvania-courthouse-va-2
[2026-04-24T13:38:44Z] [12/1937] fresh     https://themount.org/fredericksburg
[2026-04-24T13:38:44Z] [13/1937] older     https://www.fxbgbaptist.org
[2026-04-24T13:38:57Z]   CDX check failed: timed out
[2026-04-24T13:38:57Z] [14/1937] no-snapshot  https://www.fredericksburgcoc.com/
[2026-04-24T13:38:58Z] [15/1937] older     https://christianchronicle.org/classified/full-time-pulpit-preacher-fredericksburg-church-of-christ-2/
[2026-04-24T13:38:59Z] [16/1937] older     https://shiloholdsite.org
[2026-04-24T13:39:06Z] [17/1937] fresh     https://www.bridgefbg.com
[2026-04-24T13:39:07Z] [18/1937] fresh     https://www.salemfxbg.com
[2026-04-24T13:39:14Z] [19/1937] fresh     https://www.salemfxbg.com/about
[2026-04-24T13:39:19Z] [20/1937] fresh     https://spotswood.org/
[2026-04-24T13:39:19Z]   checkpoint: {"fresh": 14, "older": 3, "saved": 0, "skip": 0, "fail": 0, "cached": 0, "no-snapshot": 3}
[2026-04-24T13:39:25Z] [21/1937] fresh     https://www.sbcv.org/churches/spotswood-baptist-church-fredericksburg/
[2026-04-24T13:39:42Z] [22/1937] fresh     https://www.tbc.me
[2026-04-24T13:39:54Z] [23/1937] fresh     https://www.tbc.me/church-staff-and-elders
[2026-04-24T13:39:56Z] [24/1937] fresh     https://www.graceefca.org
[2026-04-24T13:40:14Z]   CDX check failed: timed out
[2026-04-24T13:40:14Z] [25/1937] no-snapshot  https://www.zion-presbyterian.com
[2026-04-24T13:40:31Z]   CDX check failed: timed out
[2026-04-24T13:40:31Z] [26/1937] no-snapshot  https://www.fredericksburgpc.org
[2026-04-24T13:40:37Z] [27/1937] fresh     https://www.strongtowerlive.com
[2026-04-24T13:40:46Z] [28/1937] fresh     https://www.strongtowerlive.com/who-we-are
[2026-04-24T13:41:04Z]   CDX check failed: timed out
[2026-04-24T13:41:04Z] [29/1937] no-snapshot  https://www.keepthefaith.co.uk/2022/09/01/strong-tower-church-releases-creative-visual-for-praise-and-worship-single-arise-ft-richard-t-davis/
[2026-04-24T13:41:08Z] [30/1937] older     https://tabchurch.org
[2026-04-24T13:41:08Z]   checkpoint: {"fresh": 20, "older": 4, "saved": 0, "skip": 0, "fail": 0, "cached": 0, "no-snapshot": 6}
[2026-04-24T13:41:18Z] [31/1937] older     https://tabchurch.org/about
[2026-04-24T13:41:36Z]   CDX check failed: timed out
[2026-04-24T13:41:36Z] [32/1937] no-snapshot  https://www.sonobaptist.org/what-we-believe
[2026-04-24T13:41:53Z]   CDX check failed: timed out
[2026-04-24T13:41:53Z] [33/1937] no-snapshot  https://immanuelbaptist.org
[2026-04-24T13:42:01Z] [34/1937] fresh     https://bonairbaptist.org
[2026-04-24T13:42:09Z] [35/1937] older     https://bonairbaptist.org/staff/
[2026-04-24T13:42:12Z] [36/1937] older     https://hrbcrichmond.org/about
[2026-04-24T13:42:30Z]   CDX check failed: timed out
[2026-04-24T13:42:30Z] [37/1937] no-snapshot  https://hrbcrichmond.org
[2026-04-24T13:42:47Z]   CDX check failed: timed out
[2026-04-24T13:42:47Z] [38/1937] no-snapshot  https://wepc.org/about-us/what-we-believe/
[2026-04-24T13:42:59Z] [39/1937] fresh     https://wepc.org
[2026-04-24T13:43:16Z]   CDX check failed: timed out
[2026-04-24T13:43:16Z] [40/1937] no-snapshot  https://churchhillpres.org/
[2026-04-24T13:43:16Z]   checkpoint: {"fresh": 22, "older": 7, "saved": 0, "skip": 0, "fail": 0, "cached": 0, "no-snapshot": 11}
[2026-04-24T13:43:34Z]   CDX check failed: timed out
[2026-04-24T13:43:34Z] [41/1937] no-snapshot  https://incarnationrichmond.org/about/clergy-staff
[2026-04-24T13:43:51Z]   CDX check failed: timed out
[2026-04-24T13:43:51Z] [42/1937] no-snapshot  https://www.acna.org/admin_units/1725
[2026-04-24T13:43:53Z] [43/1937] fresh     https://stjudesrec.org
[2026-04-24T13:43:59Z] [44/1937] older     https://www.firstafricanbaptist.org
[2026-04-24T13:44:01Z] [45/1937] fresh     https://www.sbcwestend.com
[2026-04-24T13:44:09Z] [46/1937] fresh     https://theheightschurch.com
[2026-04-24T13:44:22Z] [47/1937] fresh     https://www.arcchurches.com/heights-church-richmond-va/
[2026-04-24T13:44:36Z]   CDX check failed: timed out
[2026-04-24T13:44:36Z] [48/1937] no-snapshot  https://www.bgav.org/church-directory/bethlehem-baptist-church
[2026-04-24T13:44:44Z] [49/1937] no-snapshot  https://tfcanglican.org/about
[2026-04-24T13:45:01Z]   CDX check failed: timed out
[2026-04-24T13:45:01Z] [50/1937] no-snapshot  https://www.redemptionhilldc.org
[2026-04-24T13:45:01Z]   checkpoint: {"fresh": 26, "older": 8, "saved": 0, "skip": 0, "fail": 0, "cached": 0, "no-snapshot": 16}
[2026-04-24T13:45:18Z]   CDX check failed: timed out
[2026-04-24T13:45:18Z] [51/1937] no-snapshot  https://www.acts29.com/church/redemption-hill-church/
[2026-04-24T13:45:26Z] [52/1937] fresh     https://rgcfairfax.org
[2026-04-24T13:45:39Z]   CDX check failed: timed out
[2026-04-24T13:45:39Z] [53/1937] no-snapshot  https://rgcfairfax.org/beliefs
[2026-04-24T13:45:46Z] [54/1937] no-snapshot  https://www.burkecommunity.com (403 blocked; existing detailed source data used)
[2026-04-24T13:46:03Z]   CDX check failed: timed out
[2026-04-24T13:46:03Z] [55/1937] no-snapshot  https://www.antioch-church.org/
[2026-04-24T13:46:21Z]   CDX check failed: timed out
[2026-04-24T13:46:21Z] [56/1937] no-snapshot  https://cathedral.org
[2026-04-24T13:46:29Z] [57/1937] older     https://nationalpres.org/about
[2026-04-24T13:46:39Z] [58/1937] fresh     https://pcusa.org/congregation/national-church-washington-dc
[2026-04-24T13:46:51Z] [59/1937] fresh     https://fbcparkstreet.com/about
[2026-04-24T13:47:09Z]   CDX check failed: timed out
[2026-04-24T13:47:09Z] [60/1937] no-snapshot  https://www.sbcv.org/churches/first-baptist-church-of-charlottesville/
[2026-04-24T13:47:09Z]   checkpoint: {"fresh": 29, "older": 9, "saved": 0, "skip": 0, "fail": 0, "cached": 0, "no-snapshot": 22}
[2026-04-24T13:47:19Z] [61/1937] older     https://www.northsidecville.com/team
[2026-04-24T13:47:36Z]   CDX check failed: timed out
[2026-04-24T13:47:36Z] [62/1937] no-snapshot  https://www.sbcv.org/churches/northside-baptist-church-charlottesville/
[2026-04-24T13:47:47Z] [63/1937] no-snapshot  https://churches.sbc.net/church/northside-baptist-church-of-charlottesville/
[2026-04-24T13:48:01Z] [64/1937] fresh     https://immanuelbible.church
[2026-04-24T13:48:19Z]   CDX check failed: timed out
[2026-04-24T13:48:19Z] [65/1937] no-snapshot  https://national.cc
[2026-04-24T13:48:36Z]   CDX check failed: timed out
[2026-04-24T13:48:36Z] [66/1937] no-snapshot  https://cornerstonechapel.net
[2026-04-24T13:48:50Z] [67/1937] fresh     https://loudoungop.com/gary-hamrick/
[2026-04-24T13:49:03Z] [68/1937] fresh     https://restorationcity.church/about
[2026-04-24T13:49:14Z] [69/1937] fresh     https://www.1bc.org
[2026-04-24T13:49:18Z] [70/1937] fresh     https://www.delraybaptist.org
[2026-04-24T13:49:18Z]   checkpoint: {"fresh": 34, "older": 10, "saved": 0, "skip": 0, "fail": 0, "cached": 0, "no-snapshot": 26}
[2026-04-24T13:49:34Z] [71/1937] fresh     https://truroanglican.com
[2026-04-24T13:49:52Z]   CDX check failed: timed out
[2026-04-24T13:49:52Z] [72/1937] no-snapshot  https://www.restonbible.org/about
[2026-04-24T13:50:01Z] [73/1937] fresh     https://centrevillebaptist.org
[2026-04-24T13:50:15Z]   CDX check failed: timed out
[2026-04-24T13:50:15Z] [74/1937] no-snapshot  https://centrevillebaptist.org/about
[2026-04-24T13:50:32Z]   CDX check failed: timed out
[2026-04-24T13:50:32Z] [75/1937] no-snapshot  https://www.gracecov.org
[2026-04-24T13:50:49Z]   CDX check failed: timed out
[2026-04-24T13:50:49Z] [76/1937] no-snapshot  https://hbclynchburg.com/staff/
[2026-04-24T13:50:54Z] [77/1937] older     https://www.kjvchurches.com/churches/united-states/virginia/lynchburg/heritage-baptist-church-105/
[2026-04-24T13:51:02Z] [78/1937] older     https://graceefc.net
[2026-04-24T13:51:09Z] [79/1937] fresh     https://www.gmbcbedford.org
[2026-04-24T13:51:12Z] [80/1937] fresh     https://brgrace.com
[2026-04-24T13:51:12Z]   checkpoint: {"fresh": 38, "older": 12, "saved": 0, "skip": 0, "fail": 0, "cached": 0, "no-snapshot": 30}
[2026-04-24T13:51:21Z] [81/1937] fresh     https://cov-pres.org
[2026-04-24T13:51:29Z] [82/1937] fresh     https://cov-pres.org/people/todd-pruitt/
[2026-04-24T13:51:38Z] [83/1937] fresh     https://www.cbcstaunton.org
[2026-04-24T13:51:48Z] [84/1937] fresh     https://www.brutonparish.org
[2026-04-24T13:52:06Z]   CDX check failed: timed out
[2026-04-24T13:52:06Z] [85/1937] no-snapshot  https://www.brutonparish.org/clergy
[2026-04-24T13:52:12Z] [86/1937] older     https://wcchapel.org
[2026-04-24T13:52:26Z]   CDX check failed: timed out
[2026-04-24T13:52:26Z] [87/1937] no-snapshot  https://wcchapel.org/about-us/what-we-believe/staff
[2026-04-24T13:52:44Z]   CDX check failed: timed out
[2026-04-24T13:52:44Z] [88/1937] no-snapshot  https://wcchapel.org/about-us/our-elders/
[2026-04-24T13:52:48Z] [89/1937] fresh     https://www.gracecovpca.org
[2026-04-24T13:53:06Z]   CDX check failed: timed out
[2026-04-24T13:53:06Z] [90/1937] no-snapshot  https://redeemerarlington.com
[2026-04-24T13:53:06Z]   checkpoint: {"fresh": 43, "older": 13, "saved": 0, "skip": 0, "fail": 0, "cached": 0, "no-snapshot": 34}
[2026-04-24T13:53:09Z] [91/1937] fresh     https://rognova.com
[2026-04-24T13:53:17Z] [92/1937] fresh     https://ctranglican.church/
[2026-04-24T13:53:23Z] [93/1937] fresh     https://www.acna.org/admin_units/1371
[2026-04-24T13:53:41Z]   CDX check failed: timed out
[2026-04-24T13:53:41Z] [94/1937] no-snapshot  https://gracereformedchurchdc.org
[2026-04-24T13:53:59Z]   CDX check failed: timed out
[2026-04-24T13:53:59Z] [95/1937] no-snapshot  https://christkirkdc.com
[2026-04-24T13:54:16Z]   CDX check failed: timed out
[2026-04-24T13:54:16Z] [96/1937] no-snapshot  https://www.christkirkdc.com
[2026-04-24T13:54:28Z] [97/1937] fresh     https://pohick.org
[2026-04-24T13:54:45Z]   CDX check failed: timed out
[2026-04-24T13:54:45Z] [98/1937] no-snapshot  https://episcopalvirginia.org/church/pohick-lorton/
[2026-04-24T13:54:53Z] [99/1937] fresh     https://viennapres.org
[2026-04-24T13:54:56Z] [100/1937] no-snapshot  https://viennapres.org/about
[2026-04-24T13:54:56Z]   checkpoint: {"fresh": 48, "older": 13, "saved": 0, "skip": 0, "fail": 0, "cached": 0, "no-snapshot": 39}
[2026-04-24T13:55:04Z] [101/1937] fresh     https://www.viennapres.org/rev-dr-hope-lee/
[2026-04-24T13:55:09Z] [102/1937] fresh     https://gracemosaic.org
[2026-04-24T13:55:10Z] [103/1937] fresh     https://gracedc.net/mosaic/
[2026-04-24T13:55:26Z] [104/1937] fresh     https://byfaithonline.com/statement-from-mna-committee/
[2026-04-24T13:55:42Z] [105/1937] fresh     https://wcfchurch.org
[2026-04-24T13:55:45Z] [106/1937] fresh     https://wcfchurch.org/about/our-beliefs
[2026-04-24T13:55:47Z] [107/1937] fresh     https://wcfchurch.org/about/our-team
[2026-04-24T13:56:05Z]   CDX check failed: timed out
[2026-04-24T13:56:05Z] [108/1937] no-snapshot  https://www.faithstreet.com/church/washington-community-fellowship-washington-district-of-columbia
[2026-04-24T13:56:06Z] [109/1937] fresh     https://clarendonpresbyterian.org
[2026-04-24T13:56:07Z] [110/1937] older     https://redeemerva.org/
[2026-04-24T13:56:07Z]   checkpoint: {"fresh": 56, "older": 14, "saved": 0, "skip": 0, "fail": 0, "cached": 0, "no-snapshot": 40}
[2026-04-24T13:56:14Z] [111/1937] fresh     https://www.sbcv.org/churches/redeemer-bible-church/
[2026-04-24T13:56:21Z] [112/1937] older     https://redeemerstafford.org/
[2026-04-24T13:56:27Z] [113/1937] fresh     https://www.staffordbaptistchurch.org/our-leaders
[2026-04-24T13:56:40Z] [114/1937] fresh     https://rbcstafford.org
[2026-04-24T13:56:58Z]   CDX check failed: timed out
[2026-04-24T13:56:58Z] [115/1937] no-snapshot  https://www.sbcv.org/churches/ramoth-baptist-church/
[2026-04-24T13:57:15Z]   CDX check failed: timed out
[2026-04-24T13:57:15Z] [116/1937] no-snapshot  https://www.northstaffordbaptistchurch.com/about
[2026-04-24T13:57:32Z] [117/1937] fresh     https://pillarstafford.com/
[2026-04-24T13:57:51Z]   CDX check failed: timed out
[2026-04-24T13:57:51Z] [118/1937] no-snapshot  https://goodhopelive.com/our-leadership
[2026-04-24T13:57:57Z] [119/1937] older     https://craigsbaptistchurch.org
[2026-04-24T13:57:58Z] [120/1937] fresh     https://www.sbcv.org/churches/craigs-baptist-church-spotsylvania/
[2026-04-24T13:57:58Z]   checkpoint: {"fresh": 61, "older": 16, "saved": 0, "skip": 0, "fail": 0, "cached": 0, "no-snapshot": 43}
[2026-04-24T13:58:04Z] [121/1937] no-snapshot  https://spotsylvaniabaptistchurch.org/about
[2026-04-24T13:58:08Z] [122/1937] fresh     https://livinghopestafford.org
[2026-04-24T13:58:26Z]   CDX check failed: timed out
[2026-04-24T13:58:26Z] [123/1937] no-snapshot  https://www.hopechurchva.org
[2026-04-24T13:58:32Z] [124/1937] no-snapshot  https://www.bgav.org/church-directory/community-baptist-church
[2026-04-24T13:58:32Z] [125/1937] skip      https://www.facebook.com/communitybapchurch/
[2026-04-24T13:58:49Z]   CDX check failed: timed out
[2026-04-24T13:58:49Z] [126/1937] no-snapshot  https://en.wikipedia.org/wiki/Baptist_General_Association_of_Virginia
[2026-04-24T13:58:54Z] [127/1937] older     https://rolva.org
[2026-04-24T13:59:00Z] [128/1937] fresh     https://mthopeva.org
[2026-04-24T13:59:01Z] [129/1937] fresh     https://mthopeva.org/meet-dr-bell/
[2026-04-24T13:59:02Z] [130/1937] older     https://vaumc.org/church/falmouth-umc/
[2026-04-24T13:59:02Z]   checkpoint: {"fresh": 64, "older": 18, "saved": 0, "skip": 1, "fail": 0, "cached": 0, "no-snapshot": 47}
[2026-04-24T13:59:16Z] [131/1937] older     https://www.umc.org/en/find-a-church/church?id=001Um00000PFDILIA5
[2026-04-24T13:59:19Z] [132/1937] fresh     https://pineybranchbc.org
[2026-04-24T13:59:25Z] [133/1937] fresh     https://www.summitstafford.com
[2026-04-24T13:59:34Z] [134/1937] fresh     https://pcusa.org/congregation/summit-church-stafford-va
[2026-04-24T13:59:38Z] [135/1937] no-snapshot  https://www.faithstreet.com/church/summit-presbyterian-church-stafford-va
[2026-04-24T13:59:42Z] [136/1937] fresh     https://www.berea-baptist.org
[2026-04-24T13:59:59Z]   CDX check failed: timed out
[2026-04-24T13:59:59Z] [137/1937] no-snapshot  https://www.faithstreet.com/church/berea-baptist-church-fredericksburg-va
[2026-04-24T14:00:08Z] [138/1937] older     https://www.kingdomfamilyworshipcenter.info/
[2026-04-24T14:00:25Z]   CDX check failed: timed out
[2026-04-24T14:00:25Z] [139/1937] no-snapshot  https://www.kingdomfamilyworshipcenter.info/brief-church-history/
[2026-04-24T14:00:30Z] [140/1937] older     https://redeemerkg.org/about-us/leadership/
[2026-04-24T14:00:30Z]   checkpoint: {"fresh": 68, "older": 21, "saved": 0, "skip": 1, "fail": 0, "cached": 0, "no-snapshot": 50}
[2026-04-24T14:00:39Z] [141/1937] fresh     https://locustgrovebaptist.com/ministry-team
[2026-04-24T14:00:41Z] [142/1937] fresh     https://locustgrovebaptist.com/who-we-are
[2026-04-24T14:00:44Z] [143/1937] older     https://thepillarnetwork.com/directory
[2026-04-24T14:00:46Z] [144/1937] older     https://www.faithstreet.com/church/pillar-church-at-locust-grove-locust-grove-va
[2026-04-24T14:00:47Z] [145/1937] fresh     https://www.fairfax.cc/staff-leadership/
[2026-04-24T14:00:56Z] [146/1937] fresh     https://www.churchclarity.org/church-old/fairfax-community-church-2141
[2026-04-24T14:01:13Z]   CDX check failed: timed out
[2026-04-24T14:01:13Z] [147/1937] no-snapshot  https://www.jesusisthesubject.org/host-pastor-fairfax/
[2026-04-24T14:01:31Z]   CDX check failed: timed out
[2026-04-24T14:01:31Z] [148/1937] no-snapshot  https://www.thirdrva.org/about
[2026-04-24T14:01:49Z]   CDX check failed: timed out
[2026-04-24T14:01:49Z] [149/1937] no-snapshot  https://eco-pres.org/churches/third-church/
[2026-04-24T14:01:57Z] [150/1937] older     https://www.thirdrva.org/leadership-staff-directory/elisabeth-hayes
[2026-04-24T14:01:57Z]   checkpoint: {"fresh": 72, "older": 24, "saved": 0, "skip": 1, "fail": 0, "cached": 0, "no-snapshot": 53}
[2026-04-24T14:02:00Z] [151/1937] fresh     https://www.grace-covenant.org
[2026-04-24T14:02:06Z] [152/1937] fresh     https://www.grace-covenant.org/leadership
[2026-04-24T14:02:08Z] [153/1937] fresh     https://weag.church/
[2026-04-24T14:02:11Z] [154/1937] fresh     https://www.fbcrichmond.org
[2026-04-24T14:02:15Z] [155/1937] fresh     https://www.swiftcreekbaptist.org
[2026-04-24T14:02:18Z] [156/1937] fresh     https://www.sbcv.org/churches/north-run-baptist-church/
[2026-04-24T14:02:36Z]   CDX check failed: timed out
[2026-04-24T14:02:36Z] [157/1937] no-snapshot  https://www.northrun.church/
[2026-04-24T14:02:54Z]   CDX check failed: timed out
[2026-04-24T14:02:54Z] [158/1937] no-snapshot  https://churches.sbc.net/church/north-run-baptist-church/
[2026-04-24T14:03:11Z]   CDX check failed: timed out
[2026-04-24T14:03:11Z] [159/1937] no-snapshot  https://www.hopechurchrva.com/our-team/
[2026-04-24T14:03:25Z] [160/1937] fresh     https://www.hopechurchrva.com/about/
[2026-04-24T14:03:25Z]   checkpoint: {"fresh": 79, "older": 24, "saved": 0, "skip": 1, "fail": 0, "cached": 0, "no-snapshot": 56}
[2026-04-24T14:03:29Z] [161/1937] no-snapshot  https://www.stonypointrpc.org
[2026-04-24T14:03:43Z] [162/1937] older     https://www.jrp-pca.org/church-directory/directory-plugin/48/stony-point-reformed-presbyterian-church/
[2026-04-24T14:03:57Z] [163/1937] fresh     https://stonypointchurch.org/
[2026-04-24T14:04:15Z]   CDX check failed: timed out
[2026-04-24T14:04:15Z] [164/1937] no-snapshot  https://www.smrbc.org/
[2026-04-24T14:04:19Z] [165/1937] fresh     https://www.sbcv.org/churches/staples-mill-road-baptist-church/
[2026-04-24T14:04:36Z]   CDX check failed: timed out
[2026-04-24T14:04:36Z] [166/1937] no-snapshot  https://churches.sbc.net/church/staples-mill-road-baptist-church/
[2026-04-24T14:04:54Z]   CDX check failed: timed out
[2026-04-24T14:04:54Z] [167/1937] no-snapshot  https://colonialheights.org/leadership/
[2026-04-24T14:05:06Z] [168/1937] no-snapshot  https://wrldrels.org/wrr/group.profiles/AssemblyofGod/MechanicsvilleChristianCenter.html
[2026-04-24T14:05:20Z] [169/1937] fresh     https://www.mccag.org/
[2026-04-24T14:05:38Z]   CDX check failed: timed out
[2026-04-24T14:05:38Z] [170/1937] no-snapshot  https://coolspring.org/
[2026-04-24T14:05:38Z]   checkpoint: {"fresh": 82, "older": 25, "saved": 0, "skip": 1, "fail": 0, "cached": 0, "no-snapshot": 62}
[2026-04-24T14:05:44Z] [171/1937] no-snapshot  https://www.bgav.org/church-directory/cool-spring-baptist-church
[2026-04-24T14:05:54Z] [172/1937] no-snapshot  https://www.derbyshire.org/about
[2026-04-24T14:06:11Z]   CDX check failed: timed out
[2026-04-24T14:06:11Z] [173/1937] no-snapshot  https://first-presbyterian-richmond-va-35553.mydraftsite.io/
[2026-04-24T14:06:29Z]   CDX check failed: timed out
[2026-04-24T14:06:29Z] [174/1937] no-snapshot  https://www.monumentheights.org/
[2026-04-24T14:06:33Z] [175/1937] older     https://www.monumentheights.org/our-staff
[2026-04-24T14:06:50Z]   CDX check failed: timed out
[2026-04-24T14:06:50Z] [176/1937] no-snapshot  https://districtchurch.org
[2026-04-24T14:06:54Z] [177/1937] fresh     https://districtchurch.org/about
[2026-04-24T14:06:57Z] [178/1937] older     https://hopemd.church/about
[2026-04-24T14:07:15Z]   CDX check failed: timed out
[2026-04-24T14:07:15Z] [179/1937] no-snapshot  https://pcusa.org/congregation/trinity-church-herndon-va
[2026-04-24T14:07:17Z] [180/1937] fresh     https://www.trinityherndon.org/
[2026-04-24T14:07:17Z]   checkpoint: {"fresh": 84, "older": 27, "saved": 0, "skip": 1, "fail": 0, "cached": 0, "no-snapshot": 68}
[2026-04-24T14:07:28Z] [181/1937] no-snapshot  https://bd.linkedin.com/in/stephen-smith-cobbs-0b6a3454
[2026-04-24T14:07:34Z] [182/1937] fresh     https://www.reston.cc/beliefs
[2026-04-24T14:07:37Z] [183/1937] fresh     https://www.reston.cc/leadership
[2026-04-24T14:07:44Z] [184/1937] older     https://www.lordoflifeva.org/
[2026-04-24T14:08:01Z]   CDX check failed: timed out
[2026-04-24T14:08:01Z] [185/1937] no-snapshot  https://mcleanpres.org/
[2026-04-24T14:08:02Z] [186/1937] fresh     https://mcleanpres.org/staff
[2026-04-24T14:08:05Z] [187/1937] fresh     https://www.delraybaptist.org/
[2026-04-24T14:08:19Z] [188/1937] fresh     https://www.poplc.org/
[2026-04-24T14:08:35Z]   CDX check failed: timed out
[2026-04-24T14:08:35Z] [189/1937] no-snapshot  https://www.popappleton.org/reconciling-in-christ
[2026-04-24T14:08:39Z] [190/1937] fresh     https://www.burkepreschurch.org/
[2026-04-24T14:08:39Z]   checkpoint: {"fresh": 90, "older": 28, "saved": 0, "skip": 1, "fail": 0, "cached": 0, "no-snapshot": 71}
[2026-04-24T14:08:54Z] [191/1937] fresh     http://lvcn.org/
[2026-04-24T14:09:12Z]   CDX check failed: timed out
[2026-04-24T14:09:12Z] [192/1937] no-snapshot  http://lvcn.org/staff.html
[2026-04-24T14:09:16Z] [193/1937] fresh     https://www.kempsvillebaptist.com
[2026-04-24T14:09:34Z]   CDX check failed: timed out
[2026-04-24T14:09:34Z] [194/1937] no-snapshot  https://www.sbcv.org/churches/kempsville-baptist-church/
[2026-04-24T14:09:51Z]   CDX check failed: timed out
[2026-04-24T14:09:51Z] [195/1937] no-snapshot  https://churches.sbc.net/church/kempsville-baptist-church/
[2026-04-24T14:10:10Z]   CDX check failed: timed out
[2026-04-24T14:10:10Z] [196/1937] no-snapshot  https://crcglobal.org/about
[2026-04-24T14:10:23Z] [197/1937] fresh     https://cvillechurch.org/what-we-believe
[2026-04-24T14:10:41Z]   CDX check failed: timed out
[2026-04-24T14:10:41Z] [198/1937] no-snapshot  https://cvillechurch.org/leadership
[2026-04-24T14:10:54Z] [199/1937] fresh     https://www.timberlakebaptist.org/
[2026-04-24T14:11:04Z] [200/1937] fresh     https://www.firstroanoke.com/pastor/
[2026-04-24T14:11:04Z]   checkpoint: {"fresh": 95, "older": 28, "saved": 0, "skip": 1, "fail": 0, "cached": 0, "no-snapshot": 76}
[2026-04-24T14:11:08Z] [201/1937] fresh     https://www.rvba.org/our-churches
[2026-04-24T14:11:16Z] [202/1937] no-snapshot  https://roanoke.com/archive/new-pastor-to-lead-first-baptist/article_55d4f3df-2184-5a85-a8a1-d4836ff54dab.html
[2026-04-24T14:11:31Z] [203/1937] fresh     https://cmcva.org/
[2026-04-24T14:11:39Z] [204/1937] fresh     https://religionnews.com/2022/06/02/mennonite-church-usa-passes-resolution-committing-to-lgbtq-inclusion/
[2026-04-24T14:11:57Z]   CDX check failed: timed out
[2026-04-24T14:11:57Z] [205/1937] no-snapshot  https://emu.edu/studentlife/docs/welcoming-affirming-churches.pdf
[2026-04-24T14:12:12Z] [206/1937] fresh     https://fbcwinc.org
[2026-04-24T14:12:31Z]   CDX check failed: timed out
[2026-04-24T14:12:31Z] [207/1937] no-snapshot  https://www.bgav.org/church-directory/first-baptist-church-of-winchester
[2026-04-24T14:12:48Z]   CDX check failed: timed out
[2026-04-24T14:12:48Z] [208/1937] no-snapshot  https://firstbcw.wordpress.com/about/staff/kristin-adkins-whitesides/
[2026-04-24T14:13:02Z] [209/1937] older     https://www.day1.org/organizations/5d9b820ef71918cdf2004322/view
[2026-04-24T14:13:14Z] [210/1937] fresh     https://www.abingdonchurch.org/
[2026-04-24T14:13:14Z]   checkpoint: {"fresh": 100, "older": 29, "saved": 0, "skip": 1, "fail": 0, "cached": 0, "no-snapshot": 80}
[2026-04-24T14:13:31Z] [211/1937] fresh     https://www.hrc.org/resources/stances-of-faiths-on-lgbt-issues-episcopal-church
[2026-04-24T14:13:43Z] [212/1937] fresh     https://www.gracechurch.org/about
[2026-04-24T14:13:45Z] [213/1937] older     https://abc7.com/post/john-macarthur-pastor-grace-community-church-la-dies-86/17126187/
[2026-04-24T14:13:58Z] [214/1937] fresh     https://marshill.org/
[2026-04-24T14:14:16Z]   CDX check failed: timed out
[2026-04-24T14:14:16Z] [215/1937] no-snapshot  https://en.wikipedia.org/wiki/Mars_Hill_Bible_Church
[2026-04-24T14:14:25Z] [216/1937] fresh     https://www.christianpost.com/news/rob-bell-affirmed-gay-christians-in-2012-as-passionate-disciples-of-jesus-92181
[2026-04-24T14:14:43Z]   CDX check failed: timed out
[2026-04-24T14:14:43Z] [217/1937] no-snapshot  https://www.redeemer.com
[2026-04-24T14:14:53Z] [218/1937] fresh     https://byfaithonline.com/redeemer-changes-%E2%80%A8course/
[2026-04-24T14:15:11Z] [219/1937] fresh     https://en.wikipedia.org/wiki/Redeemer_Presbyterian_Church_(New_York_City)
[2026-04-24T14:15:29Z]   CDX check failed: timed out
[2026-04-24T14:15:29Z] [220/1937] no-snapshot  https://www.tenth.org/
[2026-04-24T14:15:29Z]   checkpoint: {"fresh": 106, "older": 30, "saved": 0, "skip": 1, "fail": 0, "cached": 0, "no-snapshot": 83}
[2026-04-24T14:15:46Z]   CDX check failed: timed out
[2026-04-24T14:15:46Z] [221/1937] no-snapshot  https://www.tenth.org/about/what-we-believe/
[2026-04-24T14:16:00Z] [222/1937] fresh     https://parkchurch.org/about
[2026-04-24T14:16:17Z]   CDX check failed: timed out
[2026-04-24T14:16:17Z] [223/1937] no-snapshot  https://fbcjax.com/about (redirects)
[2026-04-24T14:16:23Z] [224/1937] no-snapshot  https://firstbaptist.com/about (403)
[2026-04-24T14:16:41Z]   CDX check failed: timed out
[2026-04-24T14:16:41Z] [225/1937] no-snapshot  https://college-church.org
[2026-04-24T14:16:50Z] [226/1937] fresh     https://christkirk.com
[2026-04-24T14:17:03Z] [227/1937] fresh     https://trinitykirk.com
[2026-04-24T14:17:04Z] [228/1937] older     https://trinitykirk.com/about
[2026-04-24T14:17:06Z] [229/1937] fresh     https://www.graceaz.com/
[2026-04-24T14:17:07Z] [230/1937] fresh     https://www.perimeter.org/about
[2026-04-24T14:17:07Z]   checkpoint: {"fresh": 111, "older": 31, "saved": 0, "skip": 1, "fail": 0, "cached": 0, "no-snapshot": 87}
[2026-04-24T14:17:23Z] [231/1937] fresh     https://en.wikipedia.org/wiki/Perimeter_Church
[2026-04-24T14:17:41Z]   CDX check failed: timed out
[2026-04-24T14:17:41Z] [232/1937] no-snapshot  https://briarwood.org/about/
[2026-04-24T14:17:42Z] [233/1937] fresh     https://rts.edu/news/reformed-theological-seminary-celebrates-dr-j-scott-redd-jr-s-call-to-senior-pastor-role-at-briarwood-presbyterian-church/
[2026-04-24T14:17:59Z]   CDX check failed: timed out
[2026-04-24T14:17:59Z] [234/1937] no-snapshot  https://byfaithonline.com/briarwood-presbyterian-begins-search-for-next-pastor/
[2026-04-24T14:18:17Z]   CDX check failed: timed out
[2026-04-24T14:18:17Z] [235/1937] no-snapshot  https://www.firstprescolumbia.org/
[2026-04-24T14:18:20Z] [236/1937] fresh     https://arpchurch.org/churches/first-presbyterian-church-columbia/
[2026-04-24T14:18:39Z]   CDX check failed: timed out
[2026-04-24T14:18:39Z] [237/1937] no-snapshot  https://www.2pc.org/
[2026-04-24T14:18:52Z] [238/1937] fresh     https://www.2pc.org/about-us/our-staff/
[2026-04-24T14:18:53Z] [239/1937] fresh     https://faithlongview.org
[2026-04-24T14:18:54Z] [240/1937] fresh     https://shadowmountain.org/
[2026-04-24T14:18:54Z]   checkpoint: {"fresh": 117, "older": 31, "saved": 0, "skip": 1, "fail": 0, "cached": 0, "no-snapshot": 91}
[2026-04-24T14:19:03Z] [241/1937] older     https://firstdallas.org/about
[2026-04-24T14:19:04Z] [242/1937] older     https://www.bellevue.org/about/beliefs
[2026-04-24T14:19:05Z] [243/1937] fresh     https://www.second.org
[2026-04-24T14:19:23Z]   CDX check failed: timed out
[2026-04-24T14:19:23Z] [244/1937] no-snapshot  https://www.9marks.org/by-author/greg-gilbert/
[2026-04-24T14:19:26Z] [245/1937] fresh     https://thirdavenue.org/about
[2026-04-24T14:19:39Z] [246/1937] fresh     https://www.thejourney.org
[2026-04-24T14:19:46Z] [247/1937] fresh     https://crpc.org
[2026-04-24T14:19:50Z] [248/1937] fresh     https://en.wikipedia.org/wiki/Coral_Ridge_Presbyterian_Church
[2026-04-24T14:20:08Z]   CDX check failed: timed out
[2026-04-24T14:20:08Z] [249/1937] no-snapshot  https://www.bostonglobe.com/2024/03/19/metro/park-street-church-leadership-crisis/
[2026-04-24T14:20:09Z] [250/1937] older     https://www.parkstreet.org/wp-content/uploads/2024/07/Vicinage-Council-final-report-0711241.pdf
[2026-04-24T14:20:09Z]   checkpoint: {"fresh": 122, "older": 34, "saved": 0, "skip": 1, "fail": 0, "cached": 0, "no-snapshot": 93}
[2026-04-24T14:20:10Z] [251/1937] older     https://www.christianitytoday.com/2024/02/park-street-division-vote-booker-balboni-congregationalism/
[2026-04-24T14:20:13Z] [252/1937] older     https://thewartburgwatch.com/2024/06/03/a-majority-of-park-street-church-members-vote-against-affirming-mark-booker-as-senior-pastor-the-hot-potato-passes-to-the-stunned-elders/
[2026-04-24T14:20:31Z]   CDX check failed: timed out
[2026-04-24T14:20:31Z] [253/1937] no-snapshot  https://www.oldsouth.org
[2026-04-24T14:20:33Z] [254/1937] fresh     https://trinitychurchnyc.org/about
[2026-04-24T14:20:41Z] [255/1937] fresh     https://religionnews.com/2023/02/24/how-did-saddleback-get-kicked-out-of-the-sbc-its-complicated/
[2026-04-24T14:20:51Z] [256/1937] fresh     https://www.christianitytoday.com/2023/02/saddleback-church-southern-baptist-sbc-disfellowship-female/
[2026-04-24T14:20:58Z] [257/1937] older     https://www.willowcreek.org/about
[2026-04-24T14:21:10Z] [258/1937] fresh     https://www.willowcreek.org/elder-leadership-at-willow-creek/
[2026-04-24T14:21:28Z]   CDX check failed: timed out
[2026-04-24T14:21:28Z] [259/1937] no-snapshot  https://en.wikipedia.org/wiki/Life.Church
[2026-04-24T14:21:28Z] [260/1937] skip      https://www.facebook.com/life.church/posts/10158785765308796/
[2026-04-24T14:21:28Z]   checkpoint: {"fresh": 126, "older": 37, "saved": 0, "skip": 2, "fail": 0, "cached": 0, "no-snapshot": 95}
[2026-04-24T14:21:40Z] [261/1937] no-snapshot  https://lifechurchlancaster.org/lgbtq-statement
[2026-04-24T14:21:44Z] [262/1937] older     https://www.cbsnews.com/texas/news/gateway-church-new-lead-pastor-daniel-floyd-robert-morris-abuse-scandal/
[2026-04-24T14:21:46Z] [263/1937] fresh     https://www.texastribune.org/2025/10/02/robert-morris-gateway-church-guilty-plea-child-sex-abuse-2/
[2026-04-24T14:22:04Z]   CDX check failed: timed out
[2026-04-24T14:22:04Z] [264/1937] no-snapshot  https://www.bethel.com/about/
[2026-04-24T14:22:19Z]   CDX check failed: timed out
[2026-04-24T14:22:19Z] [265/1937] no-snapshot  http://hillsong.com/usa/nyc/
[2026-04-24T14:22:22Z] [266/1937] older     https://en.wikipedia.org/wiki/Carl_Lentz
[2026-04-24T14:22:30Z] [267/1937] fresh     https://ministrywatch.com/hillsong/
[2026-04-24T14:22:40Z] [268/1937] no-snapshot  https://transformchurch.us/about
[2026-04-24T14:22:48Z] [269/1937] fresh     https://www.graceky.org
[2026-04-24T14:22:51Z] [270/1937] fresh     https://dentonbible.org/
[2026-04-24T14:22:51Z]   checkpoint: {"fresh": 130, "older": 39, "saved": 0, "skip": 2, "fail": 0, "cached": 0, "no-snapshot": 99}
[2026-04-24T14:22:57Z] [271/1937] fresh     https://dentonbible.org/about/our-team/
[2026-04-24T14:23:15Z]   CDX check failed: timed out
[2026-04-24T14:23:15Z] [272/1937] no-snapshot  https://www.stonebriar.org/resources/announcements/embracing-a-new-chapter/
[2026-04-24T14:23:25Z] [273/1937] fresh     https://en.wikipedia.org/wiki/Stonebriar_Community_Church
[2026-04-24T14:23:39Z] [274/1937] fresh     https://www.providencefrisco.com/im-new/our-beliefs/
[2026-04-24T14:23:44Z] [275/1937] older     https://www.redeemindy.org/
[2026-04-24T14:23:47Z] [276/1937] fresh     https://www.fba.org
[2026-04-24T14:24:05Z]   CDX check failed: timed out
[2026-04-24T14:24:05Z] [277/1937] no-snapshot  https://faithcommunity.church/
[2026-04-24T14:24:16Z] [278/1937] no-snapshot  https://redeemerkc.church/about
[2026-04-24T14:24:22Z] [279/1937] fresh     https://www.acts29.com/person/kevin-cawley/
[2026-04-24T14:24:29Z] [280/1937] fresh     https://evangelicaldarkweb.org/2021/07/26/redeemer-fellowship-kc-a-woke-church-powered-by-docent-research-group/
[2026-04-24T14:24:29Z]   checkpoint: {"fresh": 136, "older": 40, "saved": 0, "skip": 2, "fail": 0, "cached": 0, "no-snapshot": 102}
[2026-04-24T14:24:48Z]   CDX check failed: timed out
[2026-04-24T14:24:48Z] [281/1937] no-snapshot  https://elizabeth-behrens.medium.com/our-redeemer-story-the-epilogue-8619e5de7a0a
[2026-04-24T14:24:54Z] [282/1937] fresh     https://www.theorchard.church
[2026-04-24T14:24:56Z] [283/1937] no-snapshot  https://churches.efca.org/?id=12106
[2026-04-24T14:25:10Z] [284/1937] fresh     https://hope.org/about/staff/
[2026-04-24T14:25:23Z] [285/1937] fresh     https://hppres.org
[2026-04-24T14:25:42Z]   CDX check failed: timed out
[2026-04-24T14:25:42Z] [286/1937] no-snapshot  https://www.peoplenewspapers.com/2025/09/08/hp-pres-chooses-experienced-leader-as-senior-pastor/
[2026-04-24T14:25:51Z] [287/1937] fresh     https://en.wikipedia.org/wiki/Highland_Park_Presbyterian_Church_(University_Park,_Texas)
[2026-04-24T14:26:06Z] [288/1937] fresh     https://rrcb.org/
[2026-04-24T14:26:09Z] [289/1937] older     https://bonairpc.org/
[2026-04-24T14:26:27Z]   CDX check failed: timed out
[2026-04-24T14:26:27Z] [290/1937] no-snapshot  https://bonairpc.org/risc-2/
[2026-04-24T14:26:27Z]   checkpoint: {"fresh": 141, "older": 41, "saved": 0, "skip": 2, "fail": 0, "cached": 0, "no-snapshot": 106}
[2026-04-24T14:26:41Z] [291/1937] fresh     https://www.hrc.org/resources/stances-of-faiths-on-lgbt-issues-presbyterian-church-usa
[2026-04-24T14:26:49Z] [292/1937] fresh     https://secondbaptistrva.org
[2026-04-24T14:26:50Z] [293/1937] fresh     https://www.ginterparkbc.org
[2026-04-24T14:26:53Z] [294/1937] fresh     https://faithlandmarks.org/
[2026-04-24T14:26:59Z] [295/1937] fresh     https://www.flbi.org/about/
[2026-04-24T14:27:14Z]   CDX check failed: timed out
[2026-04-24T14:27:14Z] [296/1937] no-snapshot  https://www.wgva.church/staff
[2026-04-24T14:27:31Z]   CDX check failed: timed out
[2026-04-24T14:27:31Z] [297/1937] no-snapshot  https://www.staffordbaptistchurch.org/
[2026-04-24T14:27:46Z] [298/1937] fresh     https://www.staffordbaptistchurch.org/our-beliefs
[2026-04-24T14:27:49Z] [299/1937] fresh     https://www.clarendonpresbyterian.org/
[2026-04-24T14:28:06Z]   CDX check failed: timed out
[2026-04-24T14:28:06Z] [300/1937] no-snapshot  https://fbcherndon.org/
[2026-04-24T14:28:06Z]   checkpoint: {"fresh": 148, "older": 41, "saved": 0, "skip": 2, "fail": 0, "cached": 0, "no-snapshot": 109}
[2026-04-24T14:28:13Z] [301/1937] older     http://fbclva.com
[2026-04-24T14:28:20Z] [302/1937] no-snapshot  https://newsadvance.com/news/local/lynchburg-s-first-baptist-church-celebrates-200-years/article_e1313a53-be4e-5232-bc25-b9e0ad55d11b.html
[2026-04-24T14:28:29Z] [303/1937] fresh     https://www.cavespringumc.org
[2026-04-24T14:28:37Z] [304/1937] no-snapshot  https://www.bgav.org/church-directory/bonsack-baptist-church
[2026-04-24T14:28:43Z] [305/1937] no-snapshot  https://www.bonsackbaptist.org/staff
[2026-04-24T14:28:52Z] [306/1937] fresh     https://churches.sbc.net/church/bonsack-baptist-church/
[2026-04-24T14:29:05Z] [307/1937] fresh     https://mcmchurch.us
[2026-04-24T14:29:11Z] [308/1937] older     http://www.rolifecc.org/
[2026-04-24T14:29:14Z] [309/1937] older     http://www.rolifecc.org/pastorregrol.htm
[2026-04-24T14:29:20Z] [310/1937] older     https://www.gracehome.com/
[2026-04-24T14:29:20Z]   checkpoint: {"fresh": 151, "older": 45, "saved": 0, "skip": 2, "fail": 0, "cached": 0, "no-snapshot": 112}
[2026-04-24T14:29:22Z] [311/1937] no-snapshot  https://www.gracehome.com/beliefs
[2026-04-24T14:29:39Z]   CDX check failed: timed out
[2026-04-24T14:29:39Z] [312/1937] no-snapshot  https://bciowa.org/pray-for-grace-baptist-church-des-moines/
[2026-04-24T14:29:40Z] [313/1937] fresh     https://fbchurch.org/about/full-staff
[2026-04-24T14:29:54Z] [314/1937] older     https://fbchurch.org/ministry/faith-on-mission-church-planting
[2026-04-24T14:30:09Z] [315/1937] fresh     https://en.wikipedia.org/wiki/Bethel_Church_(Jacksonville,_Florida)
[2026-04-24T14:30:11Z] [316/1937] fresh     https://thebethelexperience.com/
[2026-04-24T14:30:17Z] [317/1937] fresh     https://www.gracevalleymemphis.org
[2026-04-24T14:30:34Z]   CDX check failed: timed out
[2026-04-24T14:30:34Z] [318/1937] no-snapshot  https://www.christianpost.com/news/pastor-andy-savage-criticized-for-minimizing-sexual-abuse.html
[2026-04-24T14:30:50Z] [319/1937] older     https://www.actionnews5.com/2019/10/29/embattled-memphis-pastor-andy-savage-files-state-documents-set-up-new-church/
[2026-04-24T14:31:08Z]   CDX check failed: timed out
[2026-04-24T14:31:08Z] [320/1937] no-snapshot  https://www.fbctulsa.org/
[2026-04-24T14:31:08Z]   checkpoint: {"fresh": 155, "older": 47, "saved": 0, "skip": 2, "fail": 0, "cached": 0, "no-snapshot": 116}
[2026-04-24T14:31:25Z]   CDX check failed: timed out
[2026-04-24T14:31:25Z] [321/1937] no-snapshot  https://www.fbctulsa.org/beliefs
[2026-04-24T14:31:43Z]   CDX check failed: timed out
[2026-04-24T14:31:43Z] [322/1937] no-snapshot  https://www.westsidebaptist.org/beliefs
[2026-04-24T14:31:51Z] [323/1937] fresh     https://julieroys.com/biblical-counseling-leader-steve-viars-forced-to-resign-due-to-marriage-issues/
[2026-04-24T14:31:54Z] [324/1937] older     https://ministrywatch.com/biblical-counseling-movement-leader-ousted-from-pulpit/
[2026-04-24T14:31:58Z] [325/1937] fresh     https://www.basedinlafayette.com/p/pastor-steve-viars-asked-to-resign
[2026-04-24T14:32:14Z] [326/1937] fresh     https://www.faithlafayette.org/
[2026-04-24T14:32:25Z] [327/1937] fresh     https://www.kjvchurches.com/churches/united-states/south-carolina/columbia-6/anchor-baptist-church-columbia-sc/
[2026-04-24T14:32:43Z]   CDX check failed: timed out
[2026-04-24T14:32:43Z] [328/1937] no-snapshot  http://anchorbaptistchurchsc.com/about-us/our-pastor/
[2026-04-24T14:32:45Z] [329/1937] fresh     https://christcovenant.org/staff/kevin-deyoung/
[2026-04-24T14:32:57Z] [330/1937] fresh     https://en.wikipedia.org/wiki/Kevin_DeYoung
[2026-04-24T14:32:57Z]   checkpoint: {"fresh": 161, "older": 48, "saved": 0, "skip": 2, "fail": 0, "cached": 0, "no-snapshot": 119}
[2026-04-24T14:32:59Z] [331/1937] older     https://fbcava.org
[2026-04-24T14:33:18Z]   CDX check failed: timed out
[2026-04-24T14:33:18Z] [332/1937] no-snapshot  https://fbcava.org/leadership
[2026-04-24T14:33:20Z] [333/1937] fresh     https://www.brandermillchurch.org
[2026-04-24T14:33:38Z]   CDX check failed: timed out
[2026-04-24T14:33:38Z] [334/1937] no-snapshot  https://pcusa.org/congregation/brandermill-church-midlothian-va
[2026-04-24T14:33:55Z]   CDX check failed: timed out
[2026-04-24T14:33:55Z] [335/1937] no-snapshot  https://www.fellowshipcc.com
[2026-04-24T14:34:01Z] [336/1937] fresh     https://rivercityrichmond.org
[2026-04-24T14:34:19Z]   CDX check failed: timed out
[2026-04-24T14:34:19Z] [337/1937] no-snapshot  https://www.sbcv.org/churches/river-city-baptist-church/
[2026-04-24T14:34:22Z] [338/1937] older     https://rivercityrichmond.org/leadership
[2026-04-24T14:34:24Z] [339/1937] fresh     https://www.sudley-methodist.org
[2026-04-24T14:34:37Z] [340/1937] fresh     https://fbcmanassas.org/about/vision-beliefs/
[2026-04-24T14:34:37Z]   checkpoint: {"fresh": 165, "older": 50, "saved": 0, "skip": 2, "fail": 0, "cached": 0, "no-snapshot": 123}
[2026-04-24T14:34:55Z]   CDX check failed: timed out
[2026-04-24T14:34:55Z] [341/1937] no-snapshot  https://fbcmanassas.org/
[2026-04-24T14:34:58Z] [342/1937] fresh     https://fbcbristow.com
[2026-04-24T14:35:16Z]   CDX check failed: timed out
[2026-04-24T14:35:16Z] [343/1937] no-snapshot  https://www.vbcoastal.com/beliefs
[2026-04-24T14:35:33Z]   CDX check failed: timed out
[2026-04-24T14:35:33Z] [344/1937] no-snapshot  https://www.bbmva.org
[2026-04-24T14:35:51Z]   CDX check failed: timed out
[2026-04-24T14:35:51Z] [345/1937] no-snapshot  https://www.usachurches.org/church/bethel-baptist-church-hampton.htm
[2026-04-24T14:35:51Z] [346/1937] older     https://www.fbcsuffolk.org/about
[2026-04-24T14:35:58Z] [347/1937] fresh     https://broadus.org/
[2026-04-24T14:35:59Z] [348/1937] fresh     https://broadus.org/a_different_kind_of_baptist
[2026-04-24T14:36:05Z] [349/1937] no-snapshot  https://www.bgav.org/church-directory/pantops-community-church
[2026-04-24T14:36:10Z] [350/1937] fresh     https://www.fbcdanville.com
[2026-04-24T14:36:10Z]   checkpoint: {"fresh": 169, "older": 51, "saved": 0, "skip": 2, "fail": 0, "cached": 0, "no-snapshot": 128}
[2026-04-24T14:36:22Z] [351/1937] older     https://www.fbcdanville.com/meet-our-staff
[2026-04-24T14:36:38Z] [352/1937] no-snapshot  https://www.bgav.org/church-directory/first-baptist-church-of-danville
[2026-04-24T14:36:55Z]   CDX check failed: timed out
[2026-04-24T14:36:55Z] [353/1937] no-snapshot  https://wlbc.life
[2026-04-24T14:36:56Z] [354/1937] fresh     https://wlbc.life/leadership/
[2026-04-24T14:37:09Z]   CDX check failed: timed out
[2026-04-24T14:37:09Z] [355/1937] no-snapshot  https://www.bgav.org/church-directory/west-lynchburg-baptist-church
[2026-04-24T14:37:12Z] [356/1937] fresh     https://thb.church
[2026-04-24T14:37:16Z] [357/1937] fresh     https://firstbaptistchurchofpetersburg.com/
[2026-04-24T14:37:33Z]   CDX check failed: timed out
[2026-04-24T14:37:33Z] [358/1937] no-snapshot  https://www.bgav.org/church-directory/first-baptist-church-of-petersburg
[2026-04-24T14:37:36Z] [359/1937] fresh     https://en.wikipedia.org/wiki/First_Baptist_Church_(Petersburg,_Virginia)
[2026-04-24T14:37:46Z] [360/1937] older     https://blackpast.org/african-american-history/first-baptist-church-petersburg-virginia-1774/
[2026-04-24T14:37:46Z]   checkpoint: {"fresh": 173, "older": 53, "saved": 0, "skip": 2, "fail": 0, "cached": 0, "no-snapshot": 132}
[2026-04-24T14:37:53Z] [361/1937] older     https://www.emporiafbc.com/
[2026-04-24T14:38:00Z] [362/1937] older     https://www.faithstreet.com/church/first-baptist-church-emporia-ks
[2026-04-24T14:38:00Z] [363/1937] fresh     https://www.radfordbaptist.com/faith-and-message
[2026-04-24T14:38:07Z] [364/1937] no-snapshot  https://www.bgav.org/church-directory/wytheville-baptist-church
[2026-04-24T14:38:15Z] [365/1937] fresh     https://abingdonbaptist.org
[2026-04-24T14:38:21Z] [366/1937] fresh     https://www.fbcsouthboston.org
[2026-04-24T14:38:28Z] [367/1937] no-snapshot  https://www.bgav.org/church-directory/first-baptist-church-of-south-boston
[2026-04-24T14:38:46Z]   CDX check failed: timed out
[2026-04-24T14:38:46Z] [368/1937] no-snapshot  https://cbfblog.com/2018/02/26/while-bgav-votes-to-stop-facilitating-gifts-to-cbf-cbf-honors-2-virginia-pastors/
[2026-04-24T14:39:03Z]   CDX check failed: timed out
[2026-04-24T14:39:03Z] [369/1937] no-snapshot  https://www.fbccovington.org
[2026-04-24T14:39:08Z] [370/1937] fresh     https://virginianreview.com/232157/
[2026-04-24T14:39:08Z]   checkpoint: {"fresh": 177, "older": 55, "saved": 0, "skip": 2, "fail": 0, "cached": 0, "no-snapshot": 136}
[2026-04-24T14:39:13Z] [371/1937] older     https://en.wikipedia.org/wiki/First_Baptist_Church_(Covington,_Virginia)
[2026-04-24T14:39:21Z] [372/1937] older     https://www.fbcgretna.org
[2026-04-24T14:39:22Z] [373/1937] fresh     https://www.radianceroanoke.org
[2026-04-24T14:39:35Z] [374/1937] no-snapshot  https://www.radianceroanoke.org/our-beliefs
[2026-04-24T14:39:39Z] [375/1937] fresh     https://www.forestbaptistchurch.org
[2026-04-24T14:39:44Z] [376/1937] fresh     https://churchonmain.church
[2026-04-24T14:39:55Z] [377/1937] older     https://pulaskibaptistchurch.org/
[2026-04-24T14:40:05Z] [378/1937] no-snapshot  https://www.bgav.org/church-directory/tazewell-baptist-church
[2026-04-24T14:40:23Z]   CDX check failed: timed out
[2026-04-24T14:40:23Z] [379/1937] no-snapshot  https://cgba.net/church_directory/tazewell-baptist-church/
[2026-04-24T14:40:26Z] [380/1937] fresh     https://churches.sbc.net/church/tazewell-baptist-church-2/
[2026-04-24T14:40:26Z]   checkpoint: {"fresh": 181, "older": 58, "saved": 0, "skip": 2, "fail": 0, "cached": 0, "no-snapshot": 139}
[2026-04-24T14:40:39Z] [381/1937] fresh     https://fbcgatecity.org/about
[2026-04-24T14:40:53Z] [382/1937] fresh     https://churches.sbc.net/church/first-baptist-church-of-richlands-nc-inc/
[2026-04-24T14:41:00Z] [383/1937] older     https://www.gracebiblehouston.com
[2026-04-24T14:41:14Z] [384/1937] older     https://prestonwood.org/about
[2026-04-24T14:41:28Z] [385/1937] fresh     https://gracewaco.com
[2026-04-24T14:41:40Z] [386/1937] older     https://www.fbcmobile.com/
[2026-04-24T14:41:46Z] [387/1937] no-snapshot  https://www.linkedin.com/in/trey-doyle-96096b108/
[2026-04-24T14:41:56Z] [388/1937] fresh     https://www.dwbc.org
[2026-04-24T14:42:14Z]   CDX check failed: timed out
[2026-04-24T14:42:14Z] [389/1937] no-snapshot  https://www.fbcbr.com/
[2026-04-24T14:42:27Z]   CDX check failed: timed out
[2026-04-24T14:42:27Z] [390/1937] no-snapshot  https://www.parkhill.church/about
[2026-04-24T14:42:27Z]   checkpoint: {"fresh": 185, "older": 61, "saved": 0, "skip": 2, "fail": 0, "cached": 0, "no-snapshot": 142}
[2026-04-24T14:42:32Z]   CDX check failed: HTTP Error 403: FORBIDDEN
[2026-04-24T14:42:32Z] [391/1937] no-snapshot  https://www.yelp.com/biz/first-baptist-church-of-wichita-wichita
[2026-04-24T14:42:46Z]   CDX check failed: timed out
[2026-04-24T14:42:46Z] [392/1937] no-snapshot  https://www.faithstreet.com/church/first-baptist-church-wichita-ks
[2026-04-24T14:42:53Z] [393/1937] older     https://firstbaptistchurchlincoln.org/
[2026-04-24T14:43:11Z]   CDX check failed: timed out
[2026-04-24T14:43:11Z] [394/1937] no-snapshot  https://abcnebraska.com/church-list/
[2026-04-24T14:43:29Z]   CDX check failed: timed out
[2026-04-24T14:43:29Z] [395/1937] no-snapshot  https://firstb.org/
[2026-04-24T14:43:46Z]   CDX check failed: timed out
[2026-04-24T14:43:46Z] [396/1937] no-snapshot  https://www.graceumcbillings.org/
[2026-04-24T14:44:04Z]   CDX check failed: timed out
[2026-04-24T14:44:04Z] [397/1937] no-snapshot  https://gracebaptistbillings.com/
[2026-04-24T14:44:08Z] [398/1937] older     https://www.gracepointbillings.com/
[2026-04-24T14:44:22Z] [399/1937] older     https://mtsbc.org/2018/04/support-gracepoint-church/
[2026-04-24T14:44:28Z] [400/1937] fresh     https://www.greatfallsfirstbaptist.com/
[2026-04-24T14:44:28Z]   checkpoint: {"fresh": 186, "older": 64, "saved": 0, "skip": 2, "fail": 0, "cached": 0, "no-snapshot": 148}
[2026-04-24T14:44:37Z] [401/1937] fresh     https://cheyenne.church/
[2026-04-24T14:44:39Z] [402/1937] fresh     https://www.groveave.com
[2026-04-24T14:44:49Z] [403/1937] fresh     https://www.sbcv.org/churches/grove-avenue-baptist-church-richmond/
[2026-04-24T14:45:06Z]   CDX check failed: timed out
[2026-04-24T14:45:06Z] [404/1937] no-snapshot  https://www.faithstreet.com/church/grove-avenue-baptist-church-richmond-va
[2026-04-24T14:45:24Z]   CDX check failed: timed out
[2026-04-24T14:45:24Z] [405/1937] no-snapshot  https://www.trinitybaptistrva.org
[2026-04-24T14:45:42Z]   CDX check failed: timed out
[2026-04-24T14:45:42Z] [406/1937] no-snapshot  https://m.richmondfreepress.com/news/2025/dec/24/longtime-trinity-baptist-pastor-a-lincoln-james-jr-dies-at-80/
[2026-04-24T14:45:45Z] [407/1937] fresh     https://gayton.church
[2026-04-24T14:46:03Z]   CDX check failed: timed out
[2026-04-24T14:46:03Z] [408/1937] no-snapshot  https://www.fcbcrichmond.org/
[2026-04-24T14:46:12Z] [409/1937] fresh     https://churches.sbc.net/church/the-way-baptist-church-branson/
[2026-04-24T14:46:30Z]   CDX check failed: timed out
[2026-04-24T14:46:30Z] [410/1937] no-snapshot  https://church.founders.org/church/the-way-baptist-church/
[2026-04-24T14:46:30Z]   checkpoint: {"fresh": 191, "older": 64, "saved": 0, "skip": 2, "fail": 0, "cached": 0, "no-snapshot": 153}
[2026-04-24T14:46:48Z]   CDX check failed: timed out
[2026-04-24T14:46:48Z] [411/1937] no-snapshot  https://fbcabilene.org
[2026-04-24T14:47:05Z]   CDX check failed: timed out
[2026-04-24T14:47:05Z] [412/1937] no-snapshot  https://www.fbca.org
[2026-04-24T14:47:17Z] [413/1937] older     https://www.fbcaustin.org
[2026-04-24T14:47:32Z] [414/1937] older     https://www.firstchurch.com
[2026-04-24T14:47:50Z]   CDX check failed: timed out
[2026-04-24T14:47:50Z] [415/1937] no-snapshot  https://stxupci.com/about/our-team/
[2026-04-24T14:48:08Z]   CDX check failed: timed out
[2026-04-24T14:48:08Z] [416/1937] no-snapshot  https://kengurley.com/about
[2026-04-24T14:48:25Z]   CDX check failed: timed out
[2026-04-24T14:48:25Z] [417/1937] no-snapshot  https://www.fbckissimmee.com
[2026-04-24T14:48:29Z] [418/1937] fresh     https://firstnsb.org
[2026-04-24T14:48:36Z] [419/1937] fresh     https://firstbaptistathens.org
[2026-04-24T14:48:53Z] [420/1937] older     https://firstbaptistathens.org/about
[2026-04-24T14:48:53Z]   checkpoint: {"fresh": 193, "older": 67, "saved": 0, "skip": 2, "fail": 0, "cached": 0, "no-snapshot": 158}
[2026-04-24T14:49:10Z] [421/1937] fresh     https://discoverfbc.org
[2026-04-24T14:49:24Z] [422/1937] no-snapshot  https://discoverfbc.org/about
[2026-04-24T14:49:30Z] [423/1937] fresh     https://discoverfbc.org/fbc-evans/
[2026-04-24T14:49:39Z] [424/1937] older     https://www.firstconyers.com
[2026-04-24T14:49:54Z] [425/1937] fresh     https://www.fbccordele.com
[2026-04-24T14:50:01Z] [426/1937] older     http://firstbaptistmacon.org
[2026-04-24T14:50:11Z] [427/1937] older     https://firstbaptistmacon.com/Home
[2026-04-24T14:50:23Z] [428/1937] older     https://baptistnews.com/article/2-baptist-churches-use-shared-roots-to-grow-covenant-of-action-in-macon-ga/
[2026-04-24T14:50:40Z]   CDX check failed: timed out
[2026-04-24T14:50:40Z] [429/1937] no-snapshot  https://www.caryfirst.com
[2026-04-24T14:50:43Z] [430/1937] fresh     https://fbcclaytonnc.org
[2026-04-24T14:50:43Z]   checkpoint: {"fresh": 197, "older": 71, "saved": 0, "skip": 2, "fail": 0, "cached": 0, "no-snapshot": 160}
[2026-04-24T14:50:50Z] [431/1937] fresh     https://www.fbcconcord.org
[2026-04-24T14:51:08Z]   CDX check failed: timed out
[2026-04-24T14:51:08Z] [432/1937] no-snapshot  https://firstbaptistgarner.org
[2026-04-24T14:51:25Z]   CDX check failed: timed out
[2026-04-24T14:51:25Z] [433/1937] no-snapshot  https://thefbc.org
[2026-04-24T14:51:39Z]   CDX check failed: timed out
[2026-04-24T14:51:39Z] [434/1937] no-snapshot  https://www.fbchenderson.net/about
[2026-04-24T14:51:50Z] [435/1937] fresh     https://www.fbchighpoint.org
[2026-04-24T14:52:06Z] [436/1937] older     https://en.wikipedia.org/wiki/First_Baptist_Church_(High_Point,_North_Carolina)
[2026-04-24T14:52:24Z]   CDX check failed: timed out
[2026-04-24T14:52:24Z] [437/1937] no-snapshot  https://www.fbc-h.org
[2026-04-24T14:52:41Z]   CDX check failed: timed out
[2026-04-24T14:52:41Z] [438/1937] no-snapshot  https://www.fbckm.com
[2026-04-24T14:52:58Z] [439/1937] fresh     https://www.fbclaurinburg.org
[2026-04-24T14:53:05Z] [440/1937] fresh     https://cbfnc.org/about/leadership/
[2026-04-24T14:53:05Z]   checkpoint: {"fresh": 201, "older": 72, "saved": 0, "skip": 2, "fail": 0, "cached": 0, "no-snapshot": 165}
[2026-04-24T14:53:15Z] [441/1937] fresh     https://fbclex.org
[2026-04-24T14:53:33Z]   CDX check failed: timed out
[2026-04-24T14:53:33Z] [442/1937] no-snapshot  https://www.fbcmonroenc.com
[2026-04-24T14:53:39Z] [443/1937] older     https://fbcmountairy.org
[2026-04-24T14:53:49Z] [444/1937] older     https://fbcmountairy.org/about-us/our-team/
[2026-04-24T14:54:06Z]   CDX check failed: timed out
[2026-04-24T14:54:06Z] [445/1937] no-snapshot  https://firstbaptistcleveland.com
[2026-04-24T14:54:24Z]   CDX check failed: timed out
[2026-04-24T14:54:24Z] [446/1937] no-snapshot  https://www.firstmanchester.org
[2026-04-24T14:54:40Z] [447/1937] fresh     https://fbcaiken.org/about
[2026-04-24T14:54:45Z] [448/1937] older     https://fbcclemson.com
[2026-04-24T14:54:46Z] [449/1937] older     https://firstbaptistclemson.com/
[2026-04-24T14:54:50Z] [450/1937] older     https://www.fbcgwd.org
[2026-04-24T14:54:50Z]   checkpoint: {"fresh": 203, "older": 77, "saved": 0, "skip": 2, "fail": 0, "cached": 0, "no-snapshot": 168}
[2026-04-24T14:55:08Z]   CDX check failed: timed out
[2026-04-24T14:55:08Z] [451/1937] no-snapshot  https://fbcorangeburg.org
[2026-04-24T14:55:25Z]   CDX check failed: timed out
[2026-04-24T14:55:25Z] [452/1937] no-snapshot  https://fbcorangeburg.org/who-we-are/cbf/
[2026-04-24T14:55:43Z]   CDX check failed: timed out
[2026-04-24T14:55:43Z] [453/1937] no-snapshot  https://fbcorangeburg.org/leadership/
[2026-04-24T14:55:58Z] [454/1937] older     https://www.senecafbc.com
[2026-04-24T14:56:15Z]   CDX check failed: timed out
[2026-04-24T14:56:15Z] [455/1937] no-snapshot  https://www.fbcclinton.org
[2026-04-24T14:56:19Z] [456/1937] fresh     https://firstbaptistcolumbus.org
[2026-04-24T14:56:38Z]   CDX check failed: timed out
[2026-04-24T14:56:38Z] [457/1937] no-snapshot  https://fbclaurel.org
[2026-04-24T14:56:39Z] [458/1937] fresh     https://www.fbcg.net
[2026-04-24T14:56:40Z] [459/1937] fresh     https://firstkenner.org
[2026-04-24T14:56:58Z]   CDX check failed: timed out
[2026-04-24T14:56:58Z] [460/1937] no-snapshot  https://www.fbcdanville.org
[2026-04-24T14:56:58Z]   checkpoint: {"fresh": 206, "older": 78, "saved": 0, "skip": 2, "fail": 0, "cached": 0, "no-snapshot": 174}
[2026-04-24T14:57:04Z] [461/1937] fresh     http://ashlanddanville.org/
[2026-04-24T14:57:14Z] [462/1937] fresh     https://www.fbc-morehead.org
[2026-04-24T14:57:32Z]   CDX check failed: timed out
[2026-04-24T14:57:32Z] [463/1937] no-snapshot  https://www.firstbaptistbelton.org
[2026-04-24T14:57:40Z] [464/1937] older     https://www.fbcfultonmo.org
[2026-04-24T14:57:54Z] [465/1937] fresh     https://fbcsedalia.org
[2026-04-24T14:58:12Z]   CDX check failed: timed out
[2026-04-24T14:58:12Z] [466/1937] no-snapshot  https://fbccabot.org
[2026-04-24T14:58:18Z] [467/1937] fresh     https://vbfirst.org
[2026-04-24T14:58:36Z]   CDX check failed: timed out
[2026-04-24T14:58:36Z] [468/1937] no-snapshot  https://www.fbcaltus.org
[2026-04-24T14:58:37Z] [469/1937] fresh     https://gracechurchga.org
[2026-04-24T14:58:38Z] [470/1937] fresh     https://www.churchofthehighlands.com/about
[2026-04-24T14:58:38Z]   checkpoint: {"fresh": 212, "older": 79, "saved": 0, "skip": 2, "fail": 0, "cached": 0, "no-snapshot": 177}
[2026-04-24T14:58:56Z]   CDX check failed: timed out
[2026-04-24T14:58:56Z] [471/1937] no-snapshot  https://www.churchofthehighlands.com/team
[2026-04-24T14:59:14Z]   CDX check failed: timed out
[2026-04-24T14:59:14Z] [472/1937] no-snapshot  https://www.faithstreet.com/church/sugar-creek-baptist-church-sugar-land-tx-1
[2026-04-24T14:59:20Z] [473/1937] older     https://outreachmagazine.com/ideas/19187-sugar-creek-baptist-church.html
[2026-04-24T14:59:27Z] [474/1937] fresh     https://churches.sbc.net/church/travis-avenue-baptist-church/
[2026-04-24T14:59:31Z] [475/1937] fresh     https://www.fbcwaco.org
[2026-04-24T14:59:36Z] [476/1937] fresh     https://crosscity.church/about
[2026-04-24T14:59:54Z]   CDX check failed: timed out
[2026-04-24T14:59:54Z] [477/1937] no-snapshot  https://www.fbcl.org/about
[2026-04-24T15:00:05Z] [478/1937] fresh     https://www.ibclife.org/
[2026-04-24T15:00:14Z] [479/1937] fresh     https://gccsatx.com
[2026-04-24T15:00:27Z]   availability check failed: The read operation timed out
[2026-04-24T15:00:31Z] [480/1937] fresh     https://www.compasschurch.org
[2026-04-24T15:00:31Z]   checkpoint: {"fresh": 218, "older": 80, "saved": 0, "skip": 2, "fail": 0, "cached": 0, "no-snapshot": 180}
[2026-04-24T15:00:39Z] [481/1937] no-snapshot  https://www.compasschurch.org/beliefs
[2026-04-24T15:00:50Z] [482/1937] fresh     https://fbcwf.org/about
[2026-04-24T15:00:58Z] [483/1937] older     https://faithwf.com
[2026-04-24T15:01:01Z] [484/1937] fresh     https://trinitytxk.com/
[2026-04-24T15:01:07Z] [485/1937] older     https://calvaryharlingen.churchcenter.com/
[2026-04-24T15:01:17Z] [486/1937] fresh     https://calvarynac.church/
[2026-04-24T15:01:24Z] [487/1937] fresh     https://www.calvarychapelparis.com/
[2026-04-24T15:01:33Z] [488/1937] fresh     https://www.mysumc.org/
[2026-04-24T15:01:43Z] [489/1937] no-snapshot  https://www.mysumc.org/affiliation
[2026-04-24T15:02:39Z]   availability check failed: The read operation timed out
[2026-04-24T15:02:39Z]   CDX check failed: <urlopen error [Errno 8] nodename nor servname provided, or not known>
[2026-04-24T15:02:39Z] [490/1937] no-snapshot  https://ntcumc.org/churches/stonebridge-umc
[2026-04-24T15:02:39Z]   checkpoint: {"fresh": 223, "older": 82, "saved": 0, "skip": 2, "fail": 0, "cached": 0, "no-snapshot": 183}
[2026-04-24T15:02:39Z]   availability check failed: <urlopen error [Errno 8] nodename nor servname provided, or not known>
[2026-04-24T15:02:39Z]   CDX check failed: <urlopen error [Errno 8] nodename nor servname provided, or not known>
[2026-04-24T15:02:39Z] [491/1937] no-snapshot  https://cottonwoodcreek.org
[2026-04-24T15:02:39Z]   availability check failed: <urlopen error [Errno 8] nodename nor servname provided, or not known>
[2026-04-24T15:02:39Z]   CDX check failed: <urlopen error [Errno 8] nodename nor servname provided, or not known>
[2026-04-24T15:02:39Z] [492/1937] no-snapshot  https://www.plymouthpark.org/
[2026-04-24T15:02:39Z]   availability check failed: <urlopen error [Errno 8] nodename nor servname provided, or not known>
[2026-04-24T15:02:39Z]   CDX check failed: <urlopen error [Errno 8] nodename nor servname provided, or not known>
[2026-04-24T15:02:39Z] [493/1937] no-snapshot  https://www.plymouthpark.org/matt-henslee
[2026-04-24T15:02:39Z]   availability check failed: <urlopen error [Errno 8] nodename nor servname provided, or not known>
[2026-04-24T15:02:39Z]   CDX check failed: <urlopen error [Errno 8] nodename nor servname provided, or not known>
[2026-04-24T15:02:39Z] [494/1937] no-snapshot  https://www.baptistpress.com/resource-library/news/texas-pastor-helps-bring-new-life-to-congregation-with-down-home-approach/
[2026-04-24T15:02:39Z]   availability check failed: <urlopen error [Errno 8] nodename nor servname provided, or not known>
[2026-04-24T15:02:39Z]   CDX check failed: <urlopen error [Errno 8] nodename nor servname provided, or not known>
[2026-04-24T15:02:39Z] [495/1937] no-snapshot  https://www.fbcstephenville.org/
[2026-04-24T15:02:39Z]   availability check failed: <urlopen error [Errno 8] nodename nor servname provided, or not known>
[2026-04-24T15:02:39Z]   CDX check failed: <urlopen error [Errno 8] nodename nor servname provided, or not known>
[2026-04-24T15:02:39Z] [496/1937] no-snapshot  https://calvarybaptiststephenville.com/
[2026-04-24T15:02:39Z]   availability check failed: <urlopen error [Errno 8] nodename nor servname provided, or not known>
[2026-04-24T15:02:39Z]   CDX check failed: <urlopen error [Errno 8] nodename nor servname provided, or not known>
[2026-04-24T15:02:39Z] [497/1937] no-snapshot  https://www.cogginchurch.org/about
[2026-04-24T15:02:39Z]   availability check failed: <urlopen error [Errno 8] nodename nor servname provided, or not known>
[2026-04-24T15:02:39Z]   CDX check failed: <urlopen error [Errno 8] nodename nor servname provided, or not known>
[2026-04-24T15:02:39Z] [498/1937] no-snapshot  https://www.esperanzafirst.org/
[2026-04-24T15:02:39Z]   availability check failed: <urlopen error [Errno 8] nodename nor servname provided, or not known>
[2026-04-24T15:02:39Z]   CDX check failed: <urlopen error [Errno 8] nodename nor servname provided, or not known>
[2026-04-24T15:02:39Z] [499/1937] no-snapshot  https://www.texanonline.net/articles/sbtc/del-rio-church-combines-creativity-and-christ/
[2026-04-24T15:02:39Z]   availability check failed: <urlopen error [Errno 8] nodename nor servname provided, or not known>
[2026-04-24T15:02:39Z]   CDX check failed: <urlopen error [Errno 8] nodename nor servname provided, or not known>
[2026-04-24T15:02:39Z] [500/1937] no-snapshot  https://www.hmdb.org/m.asp?m=181247
[2026-04-24T15:02:39Z]   checkpoint: {"fresh": 223, "older": 82, "saved": 0, "skip": 2, "fail": 0, "cached": 0, "no-snapshot": 193}
[2026-04-24T15:02:39Z]   availability check failed: <urlopen error [Errno 8] nodename nor servname provided, or not known>
[2026-04-24T15:02:39Z]   CDX check failed: <urlopen error [Errno 8] nodename nor servname provided, or not known>
[2026-04-24T15:02:39Z] [501/1937] no-snapshot  https://www.fellowshipchurch.com/
[2026-04-24T15:02:39Z]   availability check failed: <urlopen error [Errno 8] nodename nor servname provided, or not known>
[2026-04-24T15:02:39Z]   CDX check failed: <urlopen error [Errno 8] nodename nor servname provided, or not known>
[2026-04-24T15:02:39Z] [502/1937] no-snapshot  https://crosscity.church/
[2026-04-24T15:02:39Z]   availability check failed: <urlopen error [Errno 8] nodename nor servname provided, or not known>
[2026-04-24T15:02:39Z]   CDX check failed: <urlopen error [Errno 8] nodename nor servname provided, or not known>
[2026-04-24T15:02:39Z] [503/1937] no-snapshot  https://valleycreek.org/about
[2026-04-24T15:02:39Z]   availability check failed: <urlopen error [Errno 8] nodename nor servname provided, or not known>
[2026-04-24T15:02:39Z]   CDX check failed: <urlopen error [Errno 8] nodename nor servname provided, or not known>
[2026-04-24T15:02:39Z] [504/1937] no-snapshot  https://www.fbcmidlo.com
[2026-04-24T15:02:39Z]   availability check failed: <urlopen error [Errno 8] nodename nor servname provided, or not known>
[2026-04-24T15:02:39Z]   CDX check failed: <urlopen error [Errno 8] nodename nor servname provided, or not known>
[2026-04-24T15:02:39Z] [505/1937] no-snapshot  https://fbccana.org/
[2026-04-24T15:02:39Z]   availability check failed: <urlopen error [Errno 8] nodename nor servname provided, or not known>
[2026-04-24T15:02:39Z]   CDX check failed: <urlopen error [Errno 8] nodename nor servname provided, or not known>
[2026-04-24T15:02:39Z] [506/1937] no-snapshot  https://wacotrib.com/news/local/texas-baptists-group-re-elects-corsicana-pastor-as-president/article_eb408bbb-f967-5a9d-9399-f7dbd37fce7f.html
[2026-04-24T15:02:39Z]   availability check failed: <urlopen error [Errno 8] nodename nor servname provided, or not known>
[2026-04-24T15:02:39Z]   CDX check failed: <urlopen error [Errno 8] nodename nor servname provided, or not known>
[2026-04-24T15:02:39Z] [507/1937] no-snapshot  https://www.fbccove.net/
[2026-04-24T15:02:39Z]   availability check failed: <urlopen error [Errno 8] nodename nor servname provided, or not known>
[2026-04-24T15:02:39Z]   CDX check failed: <urlopen error [Errno 8] nodename nor servname provided, or not known>
[2026-04-24T15:02:39Z] [508/1937] no-snapshot  https://churches.sbc.net/church/first-baptist-church-copperas-cove/
[2026-04-24T15:02:39Z]   availability check failed: <urlopen error [Errno 8] nodename nor servname provided, or not known>
[2026-04-24T15:02:39Z]   CDX check failed: <urlopen error [Errno 8] nodename nor servname provided, or not known>
[2026-04-24T15:02:39Z] [509/1937] no-snapshot  https://www.hpcaustin.org
[2026-04-24T15:02:39Z]   availability check failed: <urlopen error [Errno 8] nodename nor servname provided, or not known>
[2026-04-24T15:02:39Z]   CDX check failed: <urlopen error [Errno 8] nodename nor servname provided, or not known>
[2026-04-24T15:02:39Z] [510/1937] no-snapshot  https://fbckerrville.com/about-us/staff-leadership
[2026-04-24T15:02:39Z]   checkpoint: {"fresh": 223, "older": 82, "saved": 0, "skip": 2, "fail": 0, "cached": 0, "no-snapshot": 203}
[2026-04-24T15:02:39Z]   availability check failed: <urlopen error [Errno 8] nodename nor servname provided, or not known>
[2026-04-24T15:02:39Z]   CDX check failed: <urlopen error [Errno 8] nodename nor servname provided, or not known>
[2026-04-24T15:02:39Z] [511/1937] no-snapshot  https://www.fbcmtpleasant.org/
[2026-04-24T15:02:39Z]   availability check failed: <urlopen error [Errno 8] nodename nor servname provided, or not known>
[2026-04-24T15:02:39Z]   CDX check failed: <urlopen error [Errno 8] nodename nor servname provided, or not known>
[2026-04-24T15:02:39Z] [512/1937] no-snapshot  https://www.fbcmtpleasant.org/leadership
[2026-04-24T15:02:39Z]   availability check failed: <urlopen error [Errno 8] nodename nor servname provided, or not known>
[2026-04-24T15:02:39Z]   CDX check failed: <urlopen error [Errno 8] nodename nor servname provided, or not known>
[2026-04-24T15:02:39Z] [513/1937] no-snapshot  https://churches.sbc.net/church/mt-pleasant-first-baptist-church/
[2026-04-24T15:02:39Z]   availability check failed: <urlopen error [Errno 8] nodename nor servname provided, or not known>
[2026-04-24T15:02:39Z]   CDX check failed: <urlopen error [Errno 8] nodename nor servname provided, or not known>
[2026-04-24T15:02:39Z] [514/1937] no-snapshot  https://fbcgreenville.org/
[2026-04-24T15:02:39Z]   availability check failed: <urlopen error [Errno 8] nodename nor servname provided, or not known>
[2026-04-24T15:02:39Z]   CDX check failed: <urlopen error [Errno 8] nodename nor servname provided, or not known>
[2026-04-24T15:02:39Z] [515/1937] no-snapshot  https://www.fbcgreenville.net/
[2026-04-24T15:02:39Z]   availability check failed: <urlopen error [Errno 8] nodename nor servname provided, or not known>
[2026-04-24T15:02:39Z]   CDX check failed: <urlopen error [Errno 8] nodename nor servname provided, or not known>
[2026-04-24T15:02:39Z] [516/1937] no-snapshot  https://fbcterrell.org/leadership
[2026-04-24T15:02:40Z]   availability check failed: <urlopen error [Errno 8] nodename nor servname provided, or not known>
[2026-04-24T15:02:40Z]   CDX check failed: <urlopen error [Errno 8] nodename nor servname provided, or not known>
[2026-04-24T15:02:40Z] [517/1937] no-snapshot  https://fbcterrell.org/
[2026-04-24T15:02:40Z]   availability check failed: <urlopen error [Errno 8] nodename nor servname provided, or not known>
[2026-04-24T15:02:40Z]   CDX check failed: <urlopen error [Errno 8] nodename nor servname provided, or not known>
[2026-04-24T15:02:40Z] [518/1937] no-snapshot  https://www.hbcwaco.org
[2026-04-24T15:02:40Z]   availability check failed: <urlopen error [Errno 8] nodename nor servname provided, or not known>
[2026-04-24T15:02:40Z]   CDX check failed: <urlopen error [Errno 8] nodename nor servname provided, or not known>
[2026-04-24T15:02:40Z] [519/1937] no-snapshot  https://www.hbcwaco.org/what-we-believe
[2026-04-24T15:02:40Z]   availability check failed: <urlopen error [Errno 8] nodename nor servname provided, or not known>
[2026-04-24T15:02:40Z]   CDX check failed: <urlopen error [Errno 8] nodename nor servname provided, or not known>
[2026-04-24T15:02:40Z] [520/1937] no-snapshot  https://www.hbcwaco.org/about/leadership/
[2026-04-24T15:02:40Z]   checkpoint: {"fresh": 223, "older": 82, "saved": 0, "skip": 2, "fail": 0, "cached": 0, "no-snapshot": 213}
[2026-04-24T15:02:40Z]   availability check failed: <urlopen error [Errno 8] nodename nor servname provided, or not known>
[2026-04-24T15:02:40Z]   CDX check failed: <urlopen error [Errno 8] nodename nor servname provided, or not known>
[2026-04-24T15:02:40Z] [521/1937] no-snapshot  https://centralbcs.org/about
[2026-04-24T15:02:40Z]   availability check failed: <urlopen error [Errno 8] nodename nor servname provided, or not known>
[2026-04-24T15:02:40Z]   CDX check failed: <urlopen error [Errno 8] nodename nor servname provided, or not known>
[2026-04-24T15:02:40Z] [522/1937] no-snapshot  https://fbchuntsville.org/LeadershipTeam
[2026-04-24T15:02:40Z]   availability check failed: <urlopen error [Errno 8] nodename nor servname provided, or not known>
[2026-04-24T15:02:40Z]   CDX check failed: <urlopen error [Errno 8] nodename nor servname provided, or not known>
[2026-04-24T15:02:40Z] [523/1937] no-snapshot  https://www.hmdb.org/m.asp?m=180311
[2026-04-24T15:02:40Z]   availability check failed: <urlopen error [Errno 8] nodename nor servname provided, or not known>
[2026-04-24T15:02:40Z]   CDX check failed: <urlopen error [Errno 8] nodename nor servname provided, or not known>
[2026-04-24T15:02:40Z] [524/1937] no-snapshot  https://www.fbcjaspertx.com
[2026-04-24T15:02:40Z]   availability check failed: <urlopen error [Errno 8] nodename nor servname provided, or not known>
[2026-04-24T15:02:40Z]   CDX check failed: <urlopen error [Errno 8] nodename nor servname provided, or not known>
[2026-04-24T15:02:40Z] [525/1937] no-snapshot  https://www.fbcjaspertx.com/team
[2026-04-24T15:02:40Z]   availability check failed: <urlopen error [Errno 8] nodename nor servname provided, or not known>
[2026-04-24T15:02:40Z]   CDX check failed: <urlopen error [Errno 8] nodename nor servname provided, or not known>
[2026-04-24T15:02:40Z] [526/1937] no-snapshot  https://www.snbarea.com/churches
[2026-04-24T15:02:40Z]   availability check failed: <urlopen error [Errno 8] nodename nor servname provided, or not known>
[2026-04-24T15:02:40Z]   CDX check failed: <urlopen error [Errno 8] nodename nor servname provided, or not known>
[2026-04-24T15:02:40Z] [527/1937] no-snapshot  https://www.firstjax.org
[2026-04-24T15:02:40Z]   availability check failed: <urlopen error [Errno 8] nodename nor servname provided, or not known>
[2026-04-24T15:02:40Z]   CDX check failed: <urlopen error [Errno 8] nodename nor servname provided, or not known>
[2026-04-24T15:02:40Z] [528/1937] no-snapshot  https://morrisonheights.org/
[2026-04-24T15:02:40Z]   availability check failed: <urlopen error [Errno 8] nodename nor servname provided, or not known>
[2026-04-24T15:02:40Z]   CDX check failed: <urlopen error [Errno 8] nodename nor servname provided, or not known>
[2026-04-24T15:02:40Z] [529/1937] no-snapshot  https://gotofirst.org/
[2026-04-24T15:02:40Z]   availability check failed: <urlopen error [Errno 8] nodename nor servname provided, or not known>
[2026-04-24T15:02:40Z]   CDX check failed: <urlopen error [Errno 8] nodename nor servname provided, or not known>
[2026-04-24T15:02:40Z] [530/1937] no-snapshot  https://www.oxfordbaptist.net/
[2026-04-24T15:02:40Z]   checkpoint: {"fresh": 223, "older": 82, "saved": 0, "skip": 2, "fail": 0, "cached": 0, "no-snapshot": 223}
[2026-04-24T15:02:40Z]   availability check failed: <urlopen error [Errno 8] nodename nor servname provided, or not known>
[2026-04-24T15:02:40Z]   CDX check failed: <urlopen error [Errno 8] nodename nor servname provided, or not known>
[2026-04-24T15:02:40Z] [531/1937] no-snapshot  https://churches.sbc.net/church/first-baptist-church-vicksburg/
[2026-04-24T15:02:40Z]   availability check failed: <urlopen error [Errno 8] nodename nor servname provided, or not known>
[2026-04-24T15:02:40Z]   CDX check failed: <urlopen error [Errno 8] nodename nor servname provided, or not known>
[2026-04-24T15:02:40Z] [532/1937] no-snapshot  https://www.vicksburgpost.com/2024/02/18/first-baptist-church-vicksburg-welcomes-new-pastor/
[2026-04-24T15:02:40Z]   availability check failed: <urlopen error [Errno 8] nodename nor servname provided, or not known>
[2026-04-24T15:02:40Z]   CDX check failed: <urlopen error [Errno 8] nodename nor servname provided, or not known>
[2026-04-24T15:02:40Z] [533/1937] no-snapshot  https://www.msbaptistfoundation.org/donor-stories/first-baptist-church-vicksburg-reaching-over-and-above
[2026-04-24T15:02:40Z]   availability check failed: <urlopen error [Errno 8] nodename nor servname provided, or not known>
[2026-04-24T15:02:40Z]   CDX check failed: <urlopen error [Errno 8] nodename nor servname provided, or not known>
[2026-04-24T15:02:40Z] [534/1937] no-snapshot  https://fbchsv.org/about
[2026-04-24T15:02:40Z]   availability check failed: <urlopen error [Errno 8] nodename nor servname provided, or not known>
[2026-04-24T15:02:40Z]   CDX check failed: <urlopen error [Errno 8] nodename nor servname provided, or not known>
[2026-04-24T15:02:40Z] [535/1937] no-snapshot  https://mobilebaptists.org/
[2026-04-24T15:02:40Z]   availability check failed: <urlopen error [Errno 8] nodename nor servname provided, or not known>
[2026-04-24T15:02:40Z]   CDX check failed: <urlopen error [Errno 8] nodename nor servname provided, or not known>
[2026-04-24T15:02:40Z] [536/1937] no-snapshot  https://www.auburnfbc.org
[2026-04-24T15:02:40Z]   availability check failed: <urlopen error [Errno 8] nodename nor servname provided, or not known>
[2026-04-24T15:02:40Z]   CDX check failed: <urlopen error [Errno 8] nodename nor servname provided, or not known>
[2026-04-24T15:02:40Z] [537/1937] no-snapshot  https://churches.sbc.net/church/dauphin-way-baptist-church/
[2026-04-24T15:02:40Z]   availability check failed: <urlopen error [Errno 8] nodename nor servname provided, or not known>
[2026-04-24T15:02:40Z]   CDX check failed: <urlopen error [Errno 8] nodename nor servname provided, or not known>
[2026-04-24T15:02:40Z] [538/1937] no-snapshot  https://thealabamabaptist.org/dauphin-way-baptist-calls-new-pastor/
[2026-04-24T15:02:40Z]   availability check failed: <urlopen error [Errno 8] nodename nor servname provided, or not known>
[2026-04-24T15:02:40Z]   CDX check failed: <urlopen error [Errno 8] nodename nor servname provided, or not known>
[2026-04-24T15:02:40Z] [539/1937] no-snapshot  https://cbmw.org/profiles/clint-pressley/
[2026-04-24T15:02:40Z]   availability check failed: <urlopen error [Errno 8] nodename nor servname provided, or not known>
[2026-04-24T15:02:40Z]   CDX check failed: <urlopen error [Errno 8] nodename nor servname provided, or not known>
[2026-04-24T15:02:40Z] [540/1937] no-snapshot  https://www.cottagehill.org/about
[2026-04-24T15:02:40Z]   checkpoint: {"fresh": 223, "older": 82, "saved": 0, "skip": 2, "fail": 0, "cached": 0, "no-snapshot": 233}
[2026-04-24T15:02:40Z]   availability check failed: <urlopen error [Errno 8] nodename nor servname provided, or not known>
[2026-04-24T15:02:40Z]   CDX check failed: <urlopen error [Errno 8] nodename nor servname provided, or not known>
[2026-04-24T15:02:40Z] [541/1937] no-snapshot  https://sherwoodbaptist.net
[2026-04-24T15:02:40Z]   availability check failed: <urlopen error [Errno 8] nodename nor servname provided, or not known>
[2026-04-24T15:02:40Z]   CDX check failed: <urlopen error [Errno 8] nodename nor servname provided, or not known>
[2026-04-24T15:02:40Z] [542/1937] no-snapshot  https://fbccola.com/staff/
[2026-04-24T15:02:40Z]   availability check failed: <urlopen error [Errno 8] nodename nor servname provided, or not known>
[2026-04-24T15:02:40Z]   CDX check failed: <urlopen error [Errno 8] nodename nor servname provided, or not known>
[2026-04-24T15:02:40Z] [543/1937] no-snapshot  https://churches.sbc.net/church/columbia-first-baptist-church/
[2026-04-24T15:02:40Z]   availability check failed: <urlopen error [Errno 8] nodename nor servname provided, or not known>
[2026-04-24T15:02:40Z]   CDX check failed: <urlopen error [Errno 8] nodename nor servname provided, or not known>
[2026-04-24T15:02:40Z] [544/1937] no-snapshot  https://en.wikipedia.org/wiki/First_Baptist_Church_(Columbia,_South_Carolina)
[2026-04-24T15:02:40Z]   availability check failed: <urlopen error [Errno 8] nodename nor servname provided, or not known>
[2026-04-24T15:02:40Z]   CDX check failed: <urlopen error [Errno 8] nodename nor servname provided, or not known>
[2026-04-24T15:02:40Z] [545/1937] no-snapshot  https://www.fbcharleston.org/about
[2026-04-24T15:02:40Z]   availability check failed: <urlopen error [Errno 8] nodename nor servname provided, or not known>
[2026-04-24T15:02:40Z]   CDX check failed: <urlopen error [Errno 8] nodename nor servname provided, or not known>
[2026-04-24T15:02:40Z] [546/1937] no-snapshot  https://baptistcourier.com/2022/06/marshall-blalock-reflects-on-service-with-sbc-sexual-abuse-task-force/
[2026-04-24T15:02:40Z]   availability check failed: <urlopen error [Errno 8] nodename nor servname provided, or not known>
[2026-04-24T15:02:40Z]   CDX check failed: <urlopen error [Errno 8] nodename nor servname provided, or not known>
[2026-04-24T15:02:40Z] [547/1937] no-snapshot  https://www.fbs.org
[2026-04-24T15:02:40Z]   availability check failed: <urlopen error [Errno 8] nodename nor servname provided, or not known>
[2026-04-24T15:02:40Z]   CDX check failed: <urlopen error [Errno 8] nodename nor servname provided, or not known>
[2026-04-24T15:02:40Z] [548/1937] no-snapshot  https://www.andersonfbc.org
[2026-04-24T15:02:41Z]   availability check failed: <urlopen error [Errno 8] nodename nor servname provided, or not known>
[2026-04-24T15:02:41Z]   CDX check failed: <urlopen error [Errno 8] nodename nor servname provided, or not known>
[2026-04-24T15:02:41Z] [549/1937] no-snapshot  https://www.fbcflorence.org/about
[2026-04-24T15:02:41Z]   availability check failed: <urlopen error [Errno 8] nodename nor servname provided, or not known>
[2026-04-24T15:02:41Z]   CDX check failed: <urlopen error [Errno 8] nodename nor servname provided, or not known>
[2026-04-24T15:02:41Z] [550/1937] no-snapshot  https://www.fbcrockhill.org/staff/
[2026-04-24T15:02:41Z]   checkpoint: {"fresh": 223, "older": 82, "saved": 0, "skip": 2, "fail": 0, "cached": 0, "no-snapshot": 243}
[2026-04-24T15:02:41Z]   availability check failed: <urlopen error [Errno 8] nodename nor servname provided, or not known>
[2026-04-24T15:02:41Z]   CDX check failed: <urlopen error [Errno 8] nodename nor servname provided, or not known>
[2026-04-24T15:02:41Z] [551/1937] no-snapshot  https://charlottefbc.org/staff
[2026-04-24T15:02:41Z]   availability check failed: <urlopen error [Errno 8] nodename nor servname provided, or not known>
[2026-04-24T15:02:41Z]   CDX check failed: <urlopen error [Errno 8] nodename nor servname provided, or not known>
[2026-04-24T15:02:41Z] [552/1937] no-snapshot  https://metrolina.org/church-directory/
[2026-04-24T15:02:41Z]   availability check failed: <urlopen error [Errno 8] nodename nor servname provided, or not known>
[2026-04-24T15:02:41Z]   CDX check failed: <urlopen error [Errno 8] nodename nor servname provided, or not known>
[2026-04-24T15:02:41Z] [553/1937] no-snapshot  https://fbcdurham.org/
[2026-04-24T15:02:41Z]   availability check failed: <urlopen error [Errno 8] nodename nor servname provided, or not known>
[2026-04-24T15:02:41Z]   CDX check failed: <urlopen error [Errno 8] nodename nor servname provided, or not known>
[2026-04-24T15:02:41Z] [554/1937] no-snapshot  https://calvarynow.com/leadership/
[2026-04-24T15:02:41Z]   availability check failed: <urlopen error [Errno 8] nodename nor servname provided, or not known>
[2026-04-24T15:02:41Z]   CDX check failed: <urlopen error [Errno 8] nodename nor servname provided, or not known>
[2026-04-24T15:02:41Z] [555/1937] no-snapshot  https://calvarynow.com/beliefs
[2026-04-24T15:02:41Z]   availability check failed: <urlopen error [Errno 8] nodename nor servname provided, or not known>
[2026-04-24T15:02:41Z]   CDX check failed: <urlopen error [Errno 8] nodename nor servname provided, or not known>
[2026-04-24T15:02:41Z] [556/1937] no-snapshot  https://3-mft.fireside.fm/61
[2026-04-24T15:02:41Z]   availability check failed: <urlopen error [Errno 8] nodename nor servname provided, or not known>
[2026-04-24T15:02:41Z]   CDX check failed: <urlopen error [Errno 8] nodename nor servname provided, or not known>
[2026-04-24T15:02:41Z] [557/1937] no-snapshot  https://www.fbclexington.com/staff
[2026-04-24T15:02:41Z]   availability check failed: <urlopen error [Errno 8] nodename nor servname provided, or not known>
[2026-04-24T15:02:41Z]   CDX check failed: <urlopen error [Errno 8] nodename nor servname provided, or not known>
[2026-04-24T15:02:41Z] [558/1937] no-snapshot  https://baptistandreflector.org/lexington-pastor-excited-to-serve-as-tbc-president/
[2026-04-24T15:02:41Z]   availability check failed: <urlopen error [Errno 8] nodename nor servname provided, or not known>
[2026-04-24T15:02:41Z]   CDX check failed: <urlopen error [Errno 8] nodename nor servname provided, or not known>
[2026-04-24T15:02:41Z] [559/1937] no-snapshot  https://www.fbcowb.org/
[2026-04-24T15:02:41Z]   availability check failed: <urlopen error [Errno 8] nodename nor servname provided, or not known>
[2026-04-24T15:02:54Z]   CDX check failed: timed out
[2026-04-24T15:02:54Z] [560/1937] no-snapshot  https://www.fbcpaducah.org/our-leadership
[2026-04-24T15:02:55Z]   checkpoint: {"fresh": 223, "older": 82, "saved": 0, "skip": 2, "fail": 0, "cached": 0, "no-snapshot": 253}
[2026-04-24T15:02:58Z] [561/1937] older     https://www.buckrun.org/leadership/
[2026-04-24T15:03:16Z]   CDX check failed: timed out
[2026-04-24T15:03:16Z] [562/1937] no-snapshot  https://www.kybaptist.org/churches/buck-run-baptist-church/
[2026-04-24T15:03:24Z] [563/1937] fresh     https://www.fbcrichmondky.church/staff
[2026-04-24T15:03:29Z] [564/1937] fresh     https://www.kybaptist.org/churches/first-baptist-church-richmond/
[2026-04-24T15:03:44Z] [565/1937] older     https://fbcshreveport.org
[2026-04-24T15:03:45Z] [566/1937] older     https://fbcshreveport.org/staff
[2026-04-24T15:03:47Z] [567/1937] older     https://fbcshreveport.org/fbcmissions
[2026-04-24T15:03:48Z] [568/1937] fresh     https://cbf.net/church-locator/
[2026-04-24T15:03:55Z] [569/1937] no-snapshot  https://christkirk.com/about
[2026-04-24T15:04:06Z] [570/1937] fresh     https://cpcstl.org
[2026-04-24T15:04:06Z]   checkpoint: {"fresh": 227, "older": 86, "saved": 0, "skip": 2, "fail": 0, "cached": 0, "no-snapshot": 255}
[2026-04-24T15:04:12Z] [571/1937] fresh     https://crpc.org/about
[2026-04-24T15:04:30Z]   CDX check failed: timed out
[2026-04-24T15:04:30Z] [572/1937] no-snapshot  https://www.covenantpres.com
[2026-04-24T15:04:40Z] [573/1937] fresh     https://www.faithtacoma.org
[2026-04-24T15:04:44Z] [574/1937] fresh     https://www.thejourney.org/
[2026-04-24T15:05:02Z]   CDX check failed: timed out
[2026-04-24T15:05:02Z] [575/1937] no-snapshot  https://sbcvoices.com/acts-29-vs-the-sbc-one-year-later/
[2026-04-24T15:05:07Z] [576/1937] older     https://midtown-church.org/about/
[2026-04-24T15:05:23Z] [577/1937] fresh     https://calvarychapelkaneohe.com
[2026-04-24T15:05:30Z] [578/1937] older     https://lighthousebaptist.com/about
[2026-04-24T15:05:48Z]   CDX check failed: timed out
[2026-04-24T15:05:48Z] [579/1937] no-snapshot  https://lighthousebaptist.com/staff
[2026-04-24T15:05:51Z] [580/1937] fresh     https://www.bethelministries.org/our-leaders/
[2026-04-24T15:05:51Z]   checkpoint: {"fresh": 232, "older": 88, "saved": 0, "skip": 2, "fail": 0, "cached": 0, "no-snapshot": 258}
[2026-04-24T15:06:08Z]   CDX check failed: timed out
[2026-04-24T15:06:08Z] [581/1937] no-snapshot  https://www.churchfinder.com/churches/il/schaumburg/bethel-baptist-church
[2026-04-24T15:06:20Z] [582/1937] fresh     https://www.gracelakeville.org
[2026-04-24T15:06:37Z]   CDX check failed: timed out
[2026-04-24T15:06:37Z] [583/1937] no-snapshot  https://www.idlewild.org/about
[2026-04-24T15:06:45Z] [584/1937] fresh     https://fbcstpete.org/
[2026-04-24T15:06:56Z] [585/1937] no-snapshot  https://cbf.net/first-baptist-church-st-petersburg-excels-with-thriving-congregations/
[2026-04-24T15:07:13Z]   CDX check failed: timed out
[2026-04-24T15:07:13Z] [586/1937] no-snapshot  https://www.floridacbf.org/all-churches/2016/2/16/first-baptist-church
[2026-04-24T15:07:30Z] [587/1937] fresh     https://firstsarasota.org/about/
[2026-04-24T15:07:47Z]   CDX check failed: timed out
[2026-04-24T15:07:47Z] [588/1937] no-snapshot  https://churches.sbc.net/church/sarasota-first-baptist-church/
[2026-04-24T15:07:54Z] [589/1937] fresh     https://gofamilychurch.org
[2026-04-24T15:07:58Z] [590/1937] fresh     https://gofamilychurch.org/about/
[2026-04-24T15:07:58Z]   checkpoint: {"fresh": 237, "older": 88, "saved": 0, "skip": 2, "fail": 0, "cached": 0, "no-snapshot": 263}
[2026-04-24T15:08:15Z]   CDX check failed: timed out
[2026-04-24T15:08:15Z] [591/1937] no-snapshot  https://erlc.com/profile/jimmy-scroggins/
[2026-04-24T15:08:17Z] [592/1937] fresh     https://www.johnsonferry.org
[2026-04-24T15:08:32Z] [593/1937] fresh     https://www.gracebc.org/whatwebelieve/
[2026-04-24T15:08:50Z]   CDX check failed: timed out
[2026-04-24T15:08:50Z] [594/1937] no-snapshot  https://www.gracebc.org
[2026-04-24T15:09:08Z]   CDX check failed: timed out
[2026-04-24T15:09:08Z] [595/1937] no-snapshot  https://en.everybodywiki.com/Trinity_Fellowship_Church
[2026-04-24T15:09:13Z] [596/1937] fresh     https://www.tfc.org/
[2026-04-24T15:09:31Z]   CDX check failed: timed out
[2026-04-24T15:09:31Z] [597/1937] no-snapshot  https://www.sweetwaterfbc.org/
[2026-04-24T15:09:40Z] [598/1937] older     https://www.churchstaffing.com/job/228262/senior-pastor/first-baptist-church-sweetwater/
[2026-04-24T15:09:51Z] [599/1937] fresh     https://firstplainview.com
[2026-04-24T15:09:59Z] [600/1937] fresh     https://www.gabc.org
[2026-04-24T15:09:59Z]   checkpoint: {"fresh": 242, "older": 89, "saved": 0, "skip": 2, "fail": 0, "cached": 0, "no-snapshot": 267}
[2026-04-24T15:10:07Z] [601/1937] fresh     https://mobberly.org/
[2026-04-24T15:10:10Z] [602/1937] fresh     https://churches.sbc.net/church/mobberly-baptist-church/
[2026-04-24T15:10:28Z]   CDX check failed: timed out
[2026-04-24T15:10:28Z] [603/1937] no-snapshot  https://outreach100.com/churches/mobberly-baptist-church
[2026-04-24T15:10:40Z] [604/1937] fresh     https://thefbc.org/staff
[2026-04-24T15:10:48Z] [605/1937] no-snapshot  https://www.easttexasbaptist.net/church/4398
[2026-04-24T15:10:56Z] [606/1937] fresh     https://www.baptistpress.com/resource-library/news/whos-your-one-campaign-leads-to-growth-in-texas-church/
[2026-04-24T15:11:02Z] [607/1937] fresh     https://fbcpharr.org/about
[2026-04-24T15:11:04Z] [608/1937] fresh     https://www.sbcv.org/churches/thomas-road-baptist-church-lynchburg/
[2026-04-24T15:11:22Z]   CDX check failed: timed out
[2026-04-24T15:11:22Z] [609/1937] no-snapshot  https://en.wikipedia.org/wiki/Thomas_Road_Baptist_Church
[2026-04-24T15:11:28Z] [610/1937] fresh     https://www.fbcbristol.org
[2026-04-24T15:11:28Z]   checkpoint: {"fresh": 249, "older": 89, "saved": 0, "skip": 2, "fail": 0, "cached": 0, "no-snapshot": 270}
[2026-04-24T15:11:30Z] [611/1937] no-snapshot  https://www.bgav.org/church-directory/first-baptist-church-of-bristol
[2026-04-24T15:11:32Z] [612/1937] fresh     https://baptistnews.com/article/author/kristopher_aaron/
[2026-04-24T15:11:38Z] [613/1937] older     https://cbf.net/who-we-are/governance/
[2026-04-24T15:11:52Z] [614/1937] fresh     https://www.fbcsuffolk.org/
[2026-04-24T15:12:01Z] [615/1937] fresh     https://www.sbcv.org/churches/first-baptist-church-suffolk/
[2026-04-24T15:12:09Z] [616/1937] fresh     https://www.secondbaptist.org/
[2026-04-24T15:12:15Z] [617/1937] fresh     https://www.fbcjc.org/about
[2026-04-24T15:12:22Z] [618/1937] no-snapshot  https://www.linkedin.com/in/melissahatfield/
[2026-04-24T15:12:32Z] [619/1937] fresh     https://fbcokc.org
[2026-04-24T15:12:41Z] [620/1937] fresh     https://www.fbcba.org
[2026-04-24T15:12:41Z]   checkpoint: {"fresh": 256, "older": 90, "saved": 0, "skip": 2, "fail": 0, "cached": 0, "no-snapshot": 272}
[2026-04-24T15:12:52Z] [621/1937] older     https://tulsabeacon.com/dr-matt-brooks-hired-by-first-baptist-ba/
[2026-04-24T15:13:08Z] [622/1937] fresh     https://www.fbclawton.org
[2026-04-24T15:13:14Z] [623/1937] fresh     https://fbcedmond.org/about
[2026-04-24T15:13:32Z]   CDX check failed: timed out
[2026-04-24T15:13:32Z] [624/1937] no-snapshot  https://www.fbcnorman.org/
[2026-04-24T15:13:51Z]   CDX check failed: timed out
[2026-04-24T15:13:51Z] [625/1937] no-snapshot  https://qsbc.org/about
[2026-04-24T15:14:08Z]   CDX check failed: timed out
[2026-04-24T15:14:08Z] [626/1937] no-snapshot  https://www.connorbales.com/about.html
[2026-04-24T15:14:15Z] [627/1937] no-snapshot  https://firstmoore.com/about
[2026-04-24T15:14:32Z]   CDX check failed: timed out
[2026-04-24T15:14:32Z] [628/1937] no-snapshot  https://www.htchicago.org
[2026-04-24T15:14:45Z] [629/1937] fresh     https://grace.sc/
[2026-04-24T15:14:47Z] [630/1937] fresh     https://grace.sc/about/elder-led/
[2026-04-24T15:14:47Z]   checkpoint: {"fresh": 260, "older": 91, "saved": 0, "skip": 2, "fail": 0, "cached": 0, "no-snapshot": 277}
[2026-04-24T15:15:05Z]   CDX check failed: timed out
[2026-04-24T15:15:05Z] [631/1937] no-snapshot  https://grace.sc/staff/
[2026-04-24T15:15:20Z] [632/1937] fresh     https://www.trinitycville.org
[2026-04-24T15:15:23Z] [633/1937] older     http://www.jacksongracepca.com/
[2026-04-24T15:15:37Z] [634/1937] no-snapshot  https://www.fwcitychurch.com/about
[2026-04-24T15:15:38Z] [635/1937] fresh     https://summitchurch.com/about
[2026-04-24T15:15:56Z]   CDX check failed: timed out
[2026-04-24T15:15:56Z] [636/1937] no-snapshot  https://www.gracehome.com
[2026-04-24T15:16:05Z] [637/1937] no-snapshot  https://www.gracehome.com/our-team
[2026-04-24T15:16:22Z]   CDX check failed: timed out
[2026-04-24T15:16:22Z] [638/1937] no-snapshot  https://www.brookhills.org
[2026-04-24T15:16:39Z]   CDX check failed: timed out
[2026-04-24T15:16:39Z] [639/1937] no-snapshot  https://www.thegospelcoalition.org/article/platt-commissioned-by-brook-hills-in-final-sunday-as-senior-pastor/
[2026-04-24T15:16:57Z]   CDX check failed: timed out
[2026-04-24T15:16:57Z] [640/1937] no-snapshot  https://midtowncolumbia.com
[2026-04-24T15:16:57Z]   checkpoint: {"fresh": 262, "older": 92, "saved": 0, "skip": 2, "fail": 0, "cached": 0, "no-snapshot": 284}
[2026-04-24T15:16:58Z] [641/1937] older     https://midtowncolumbia.com/leadership
[2026-04-24T15:17:11Z] [642/1937] fresh     https://www.calvaryslc.org
[2026-04-24T15:17:30Z]   CDX check failed: timed out
[2026-04-24T15:17:30Z] [643/1937] no-snapshot  https://libertylive.church/about/
[2026-04-24T15:17:47Z]   CDX check failed: timed out
[2026-04-24T15:17:47Z] [644/1937] no-snapshot  https://fallsbaptist.org
[2026-04-24T15:18:02Z] [645/1937] fresh     https://wearecentral.org
[2026-04-24T15:18:07Z] [646/1937] fresh     https://www.sagemontchurch.org/
[2026-04-24T15:18:14Z] [647/1937] older     https://www.baptistpress.com/resource-library/news/pastor-celebrates-50-years-with-sagemont-church/
[2026-04-24T15:18:29Z] [648/1937] no-snapshot  https://www.second.org/about
[2026-04-24T15:18:47Z]   CDX check failed: timed out
[2026-04-24T15:18:47Z] [649/1937] no-snapshot  https://churches.sbc.net/church/champion-forest-baptist-church/
[2026-04-24T15:18:51Z] [650/1937] older     https://baptistnews.com/article/sbc-megachurch-in-houston-settles-abuse-lawsuit-out-of-court/
[2026-04-24T15:18:51Z]   checkpoint: {"fresh": 265, "older": 95, "saved": 0, "skip": 2, "fail": 0, "cached": 0, "no-snapshot": 288}
[2026-04-24T15:18:56Z] [651/1937] fresh     https://churches.sbc.net/church/north-point-baptist-church/
[2026-04-24T15:19:07Z] [652/1937] fresh     https://www.fielder.org/
[2026-04-24T15:19:25Z]   CDX check failed: timed out
[2026-04-24T15:19:25Z] [653/1937] no-snapshot  https://birchman.org
[2026-04-24T15:19:30Z] [654/1937] fresh     https://churches.sbc.net/church/sagamore-baptist-church-fort-worth/
[2026-04-24T15:19:47Z] [655/1937] fresh     https://www.fbcweatherford.com/
[2026-04-24T15:20:04Z]   CDX check failed: timed out
[2026-04-24T15:20:04Z] [656/1937] no-snapshot  https://fbcopelika.com/about
[2026-04-24T15:20:09Z] [657/1937] older     https://thealabamabaptist.org/fbc-selma-calls-new-pastor/
[2026-04-24T15:20:14Z] [658/1937] older     https://www.faithstreet.com/church/selma-first-baptist-church-selma-al
[2026-04-24T15:20:26Z] [659/1937] older     https://www.fbcprattville.org
[2026-04-24T15:20:44Z]   CDX check failed: timed out
[2026-04-24T15:20:44Z] [660/1937] no-snapshot  https://churches.sbc.net/church/whitesburg-baptist-church/
[2026-04-24T15:20:44Z]   checkpoint: {"fresh": 269, "older": 98, "saved": 0, "skip": 2, "fail": 0, "cached": 0, "no-snapshot": 291}
[2026-04-24T15:20:56Z]   availability check failed: <urlopen error timed out>
[2026-04-24T15:30:27Z]   CDX check failed: <urlopen error [Errno 8] nodename nor servname provided, or not known>
[2026-04-24T15:30:27Z] [661/1937] no-snapshot  https://churches.sbc.net/church/willowbrook-baptist-church/
[2026-04-24T15:30:27Z]   availability check failed: <urlopen error [Errno 8] nodename nor servname provided, or not known>
[2026-04-24T15:30:27Z]   CDX check failed: <urlopen error [Errno 8] nodename nor servname provided, or not known>
[2026-04-24T15:30:27Z] [662/1937] no-snapshot  https://willowbrook.org
[2026-04-24T15:30:27Z]   availability check failed: <urlopen error [Errno 8] nodename nor servname provided, or not known>
[2026-04-24T15:30:27Z]   CDX check failed: <urlopen error [Errno 8] nodename nor servname provided, or not known>
[2026-04-24T15:30:27Z] [663/1937] no-snapshot  https://www.vhbc.com
[2026-04-24T15:30:27Z]   availability check failed: <urlopen error [Errno 8] nodename nor servname provided, or not known>
[2026-04-24T15:30:27Z]   CDX check failed: <urlopen error [Errno 8] nodename nor servname provided, or not known>
[2026-04-24T15:30:27Z] [664/1937] no-snapshot  https://thealabamabaptist.org/vestavia-hills-baptist-churchs-gary-furr-to-retire-feb-28/
[2026-04-24T15:30:27Z]   availability check failed: <urlopen error [Errno 8] nodename nor servname provided, or not known>
[2026-04-24T15:30:27Z]   CDX check failed: <urlopen error [Errno 8] nodename nor servname provided, or not known>
[2026-04-24T15:30:27Z] [665/1937] no-snapshot  https://www.samford.edu/departments/files/Center_for_Congregational_Resources/Arthur_Price_on_Gary_Furr_Case_Study.pdf
[2026-04-24T15:30:27Z]   availability check failed: <urlopen error [Errno 8] nodename nor servname provided, or not known>
[2026-04-24T15:30:27Z]   CDX check failed: <urlopen error [Errno 8] nodename nor servname provided, or not known>
[2026-04-24T15:30:27Z] [666/1937] no-snapshot  https://www.fbctrussville.org
[2026-04-24T15:30:27Z]   availability check failed: <urlopen error [Errno 8] nodename nor servname provided, or not known>
[2026-04-24T15:30:27Z]   CDX check failed: <urlopen error [Errno 8] nodename nor servname provided, or not known>
[2026-04-24T15:30:27Z] [667/1937] no-snapshot  https://fbcpelham.org
[2026-04-24T15:30:27Z]   availability check failed: <urlopen error [Errno 8] nodename nor servname provided, or not known>
[2026-04-24T15:30:27Z]   CDX check failed: <urlopen error [Errno 8] nodename nor servname provided, or not known>
[2026-04-24T15:30:27Z] [668/1937] no-snapshot  https://www.gfbc.com
[2026-04-24T15:30:27Z]   availability check failed: <urlopen error [Errno 8] nodename nor servname provided, or not known>
[2026-04-24T15:30:27Z]   CDX check failed: <urlopen error [Errno 8] nodename nor servname provided, or not known>
[2026-04-24T15:30:27Z] [669/1937] no-snapshot  https://jaspersfbc.org
[2026-04-24T15:30:27Z]   availability check failed: <urlopen error [Errno 8] nodename nor servname provided, or not known>
[2026-04-24T15:30:27Z]   CDX check failed: <urlopen error [Errno 8] nodename nor servname provided, or not known>
[2026-04-24T15:30:27Z] [670/1937] no-snapshot  http://www.fbcwayx.com
[2026-04-24T15:30:27Z]   checkpoint: {"fresh": 269, "older": 98, "saved": 0, "skip": 2, "fail": 0, "cached": 0, "no-snapshot": 301}
[2026-04-24T15:30:27Z]   availability check failed: <urlopen error [Errno 8] nodename nor servname provided, or not known>
[2026-04-24T15:30:27Z]   CDX check failed: <urlopen error [Errno 8] nodename nor servname provided, or not known>
[2026-04-24T15:30:27Z] [671/1937] no-snapshot  https://www.fbcvidalia.org
[2026-04-24T15:30:27Z]   availability check failed: <urlopen error [Errno 8] nodename nor servname provided, or not known>
[2026-04-24T15:30:27Z]   CDX check failed: <urlopen error [Errno 8] nodename nor servname provided, or not known>
[2026-04-24T15:30:27Z] [672/1937] no-snapshot  https://www.fbcvidalia.org/beliefs
[2026-04-24T15:30:27Z]   availability check failed: <urlopen error [Errno 8] nodename nor servname provided, or not known>
[2026-04-24T15:30:27Z]   CDX check failed: <urlopen error [Errno 8] nodename nor servname provided, or not known>
[2026-04-24T15:30:27Z] [673/1937] no-snapshot  https://www.fbcamericus.org
[2026-04-24T15:30:27Z]   availability check failed: <urlopen error [Errno 8] nodename nor servname provided, or not known>
[2026-04-24T15:30:27Z]   CDX check failed: <urlopen error [Errno 8] nodename nor servname provided, or not known>
[2026-04-24T15:30:27Z] [674/1937] no-snapshot  https://www.fbcamericus.org/what-we-believe
[2026-04-24T15:30:27Z]   availability check failed: <urlopen error [Errno 8] nodename nor servname provided, or not known>
[2026-04-24T15:30:27Z]   CDX check failed: <urlopen error [Errno 8] nodename nor servname provided, or not known>
[2026-04-24T15:30:27Z] [675/1937] no-snapshot  https://fbcdouglas.com
[2026-04-24T15:30:27Z]   availability check failed: <urlopen error [Errno 8] nodename nor servname provided, or not known>
[2026-04-24T15:30:27Z]   CDX check failed: <urlopen error [Errno 8] nodename nor servname provided, or not known>
[2026-04-24T15:30:27Z] [676/1937] no-snapshot  https://christianindex.org/stories/hattaway-to-pastor-first-baptist-douglas,2886
[2026-04-24T15:30:27Z]   availability check failed: <urlopen error [Errno 8] nodename nor servname provided, or not known>
[2026-04-24T15:30:27Z]   CDX check failed: <urlopen error [Errno 8] nodename nor servname provided, or not known>
[2026-04-24T15:30:27Z] [677/1937] no-snapshot  https://fbcuc.com
[2026-04-24T15:30:27Z]   availability check failed: <urlopen error [Errno 8] nodename nor servname provided, or not known>
[2026-04-24T15:30:27Z]   CDX check failed: <urlopen error [Errno 8] nodename nor servname provided, or not known>
[2026-04-24T15:30:27Z] [678/1937] no-snapshot  https://www.fbctullahoma.org
[2026-04-24T15:30:27Z]   availability check failed: <urlopen error [Errno 8] nodename nor servname provided, or not known>
[2026-04-24T15:30:27Z]   CDX check failed: <urlopen error [Errno 8] nodename nor servname provided, or not known>
[2026-04-24T15:30:27Z] [679/1937] no-snapshot  https://westjacksonbc.org
[2026-04-24T15:30:27Z]   availability check failed: <urlopen error [Errno 8] nodename nor servname provided, or not known>
[2026-04-24T15:30:27Z]   CDX check failed: <urlopen error [Errno 8] nodename nor servname provided, or not known>
[2026-04-24T15:30:27Z] [680/1937] no-snapshot  https://www.englewood.church
[2026-04-24T15:30:27Z]   checkpoint: {"fresh": 269, "older": 98, "saved": 0, "skip": 2, "fail": 0, "cached": 0, "no-snapshot": 311}
[2026-04-24T15:30:27Z]   availability check failed: <urlopen error [Errno 8] nodename nor servname provided, or not known>
[2026-04-24T15:30:27Z]   CDX check failed: <urlopen error [Errno 8] nodename nor servname provided, or not known>
[2026-04-24T15:30:27Z] [681/1937] no-snapshot  https://adamdooley.org/about/
[2026-04-24T15:30:27Z]   availability check failed: <urlopen error [Errno 8] nodename nor servname provided, or not known>
[2026-04-24T15:30:27Z]   CDX check failed: <urlopen error [Errno 8] nodename nor servname provided, or not known>
[2026-04-24T15:30:27Z] [682/1937] no-snapshot  https://pinelake.org
[2026-04-24T15:30:27Z]   availability check failed: <urlopen error [Errno 8] nodename nor servname provided, or not known>
[2026-04-24T15:30:27Z]   CDX check failed: <urlopen error [Errno 8] nodename nor servname provided, or not known>
[2026-04-24T15:30:27Z] [683/1937] no-snapshot  https://en.wikipedia.org/wiki/Pinelake_Church
[2026-04-24T15:30:27Z]   availability check failed: <urlopen error [Errno 8] nodename nor servname provided, or not known>
[2026-04-24T15:30:27Z]   CDX check failed: <urlopen error [Errno 8] nodename nor servname provided, or not known>
[2026-04-24T15:30:27Z] [684/1937] no-snapshot  https://shandon.org
[2026-04-24T15:30:27Z]   availability check failed: <urlopen error [Errno 8] nodename nor servname provided, or not known>
[2026-04-24T15:30:27Z]   CDX check failed: <urlopen error [Errno 8] nodename nor servname provided, or not known>
[2026-04-24T15:30:27Z] [685/1937] no-snapshot  https://www.fbcshelby.org
[2026-04-24T15:30:27Z]   availability check failed: <urlopen error [Errno 8] nodename nor servname provided, or not known>
[2026-04-24T15:30:27Z]   CDX check failed: <urlopen error [Errno 8] nodename nor servname provided, or not known>
[2026-04-24T15:30:27Z] [686/1937] no-snapshot  https://fbcsanford.org
[2026-04-24T15:30:27Z]   availability check failed: <urlopen error [Errno 8] nodename nor servname provided, or not known>
[2026-04-24T15:30:27Z]   CDX check failed: <urlopen error [Errno 8] nodename nor servname provided, or not known>
[2026-04-24T15:30:27Z] [687/1937] no-snapshot  https://fbcmarion.org/about
[2026-04-24T15:30:27Z]   availability check failed: <urlopen error [Errno 8] nodename nor servname provided, or not known>
[2026-04-24T15:30:27Z]   CDX check failed: <urlopen error [Errno 8] nodename nor servname provided, or not known>
[2026-04-24T15:30:27Z] [688/1937] no-snapshot  https://www.fbcstatesville.com
[2026-04-24T15:30:27Z]   availability check failed: <urlopen error [Errno 8] nodename nor servname provided, or not known>
[2026-04-24T15:30:27Z]   CDX check failed: <urlopen error [Errno 8] nodename nor servname provided, or not known>
[2026-04-24T15:30:27Z] [689/1937] no-snapshot  https://www.fbcsomerset.org
[2026-04-24T15:30:27Z]   availability check failed: <urlopen error [Errno 8] nodename nor servname provided, or not known>
[2026-04-24T15:30:27Z]   CDX check failed: <urlopen error [Errno 8] nodename nor servname provided, or not known>
[2026-04-24T15:30:27Z] [690/1937] no-snapshot  https://www.fbcsomerset.org/what-we-believe
[2026-04-24T15:30:27Z]   checkpoint: {"fresh": 269, "older": 98, "saved": 0, "skip": 2, "fail": 0, "cached": 0, "no-snapshot": 321}
[2026-04-24T15:30:27Z]   availability check failed: <urlopen error [Errno 8] nodename nor servname provided, or not known>
[2026-04-24T15:30:27Z]   CDX check failed: <urlopen error [Errno 8] nodename nor servname provided, or not known>
[2026-04-24T15:30:27Z] [691/1937] no-snapshot  https://www.fbccov.org
[2026-04-24T15:30:27Z]   availability check failed: <urlopen error [Errno 8] nodename nor servname provided, or not known>
[2026-04-24T15:30:27Z]   CDX check failed: <urlopen error [Errno 8] nodename nor servname provided, or not known>
[2026-04-24T15:30:27Z] [692/1937] no-snapshot  https://fbcbentonville.org
[2026-04-24T15:30:27Z]   availability check failed: <urlopen error [Errno 8] nodename nor servname provided, or not known>
[2026-04-24T15:30:27Z]   CDX check failed: <urlopen error [Errno 8] nodename nor servname provided, or not known>
[2026-04-24T15:30:27Z] [693/1937] no-snapshot  https://www.crosschurch.com/springdale/
[2026-04-24T15:30:27Z]   availability check failed: <urlopen error [Errno 8] nodename nor servname provided, or not known>
[2026-04-24T15:30:27Z]   CDX check failed: <urlopen error [Errno 8] nodename nor servname provided, or not known>
[2026-04-24T15:30:27Z] [694/1937] no-snapshot  https://en.wikipedia.org/wiki/Cross_Church_(Northwest_Arkansas)
[2026-04-24T15:30:27Z]   availability check failed: <urlopen error [Errno 8] nodename nor servname provided, or not known>
[2026-04-24T15:30:27Z]   CDX check failed: <urlopen error [Errno 8] nodename nor servname provided, or not known>
[2026-04-24T15:30:27Z] [695/1937] no-snapshot  http://www.firstbaptistdeland.org
[2026-04-24T15:30:27Z]   availability check failed: <urlopen error [Errno 8] nodename nor servname provided, or not known>
[2026-04-24T15:30:27Z]   CDX check failed: <urlopen error [Errno 8] nodename nor servname provided, or not known>
[2026-04-24T15:30:27Z] [696/1937] no-snapshot  https://churches.sbc.net/church/deland-first-baptist-church/
[2026-04-24T15:30:27Z]   availability check failed: <urlopen error [Errno 8] nodename nor servname provided, or not known>
[2026-04-24T15:30:27Z]   CDX check failed: <urlopen error [Errno 8] nodename nor servname provided, or not known>
[2026-04-24T15:30:27Z] [697/1937] no-snapshot  https://www.linkedin.com/in/johnny-long-05809956/
[2026-04-24T15:30:27Z]   availability check failed: <urlopen error [Errno 8] nodename nor servname provided, or not known>
[2026-04-24T15:30:27Z]   CDX check failed: <urlopen error [Errno 8] nodename nor servname provided, or not known>
[2026-04-24T15:30:27Z] [698/1937] no-snapshot  https://www.firstpalatka.com
[2026-04-24T15:30:27Z]   availability check failed: <urlopen error [Errno 8] nodename nor servname provided, or not known>
[2026-04-24T15:30:27Z]   CDX check failed: <urlopen error [Errno 8] nodename nor servname provided, or not known>
[2026-04-24T15:30:27Z] [699/1937] no-snapshot  https://www.fbcperryfl.org
[2026-04-24T15:30:27Z]   availability check failed: <urlopen error [Errno 8] nodename nor servname provided, or not known>
[2026-04-24T15:30:27Z]   CDX check failed: <urlopen error [Errno 8] nodename nor servname provided, or not known>
[2026-04-24T15:30:27Z] [700/1937] no-snapshot  https://www.fbcew.org
[2026-04-24T15:30:27Z]   checkpoint: {"fresh": 269, "older": 98, "saved": 0, "skip": 2, "fail": 0, "cached": 0, "no-snapshot": 331}
[2026-04-24T15:30:27Z]   availability check failed: <urlopen error [Errno 8] nodename nor servname provided, or not known>
[2026-04-24T15:30:27Z]   CDX check failed: <urlopen error [Errno 8] nodename nor servname provided, or not known>
[2026-04-24T15:30:27Z] [701/1937] no-snapshot  https://fbcpuntagorda.org
[2026-04-24T15:30:27Z]   availability check failed: <urlopen error [Errno 8] nodename nor servname provided, or not known>
[2026-04-24T15:30:27Z]   CDX check failed: <urlopen error [Errno 8] nodename nor servname provided, or not known>
[2026-04-24T15:30:27Z] [702/1937] no-snapshot  https://www.fbctavares.com
[2026-04-24T15:30:27Z]   availability check failed: <urlopen error [Errno 8] nodename nor servname provided, or not known>
[2026-04-24T15:30:27Z]   CDX check failed: <urlopen error [Errno 8] nodename nor servname provided, or not known>
[2026-04-24T15:30:27Z] [703/1937] no-snapshot  http://www.fbcbrooksville.org
[2026-04-24T15:30:27Z]   availability check failed: <urlopen error [Errno 8] nodename nor servname provided, or not known>
[2026-04-24T15:30:27Z]   CDX check failed: <urlopen error [Errno 8] nodename nor servname provided, or not known>
[2026-04-24T15:30:27Z] [704/1937] no-snapshot  https://www.fbcinverness.com
[2026-04-24T15:30:27Z]   availability check failed: <urlopen error [Errno 8] nodename nor servname provided, or not known>
[2026-04-24T15:30:27Z]   CDX check failed: <urlopen error [Errno 8] nodename nor servname provided, or not known>
[2026-04-24T15:30:27Z] [705/1937] no-snapshot  https://www.firstbaptistcrystalriver.org
[2026-04-24T15:30:27Z]   availability check failed: <urlopen error [Errno 8] nodename nor servname provided, or not known>
[2026-04-24T15:30:27Z]   CDX check failed: <urlopen error [Errno 8] nodename nor servname provided, or not known>
[2026-04-24T15:30:27Z] [706/1937] no-snapshot  https://colonialheights.org
[2026-04-24T15:30:27Z]   availability check failed: <urlopen error [Errno 8] nodename nor servname provided, or not known>
[2026-04-24T15:30:27Z]   CDX check failed: <urlopen error [Errno 8] nodename nor servname provided, or not known>
[2026-04-24T15:30:27Z] [707/1937] no-snapshot  https://fbcmartinsville.com
[2026-04-24T15:30:27Z]   availability check failed: <urlopen error [Errno 8] nodename nor servname provided, or not known>
[2026-04-24T15:30:27Z]   CDX check failed: <urlopen error [Errno 8] nodename nor servname provided, or not known>
[2026-04-24T15:30:27Z] [708/1937] no-snapshot  https://fbcradford.org
[2026-04-24T15:30:27Z]   availability check failed: <urlopen error [Errno 8] nodename nor servname provided, or not known>
[2026-04-24T15:30:27Z]   CDX check failed: <urlopen error [Errno 8] nodename nor servname provided, or not known>
[2026-04-24T15:30:27Z] [709/1937] no-snapshot  https://www.fbcblacksburg.org/about
[2026-04-24T15:30:27Z]   availability check failed: <urlopen error [Errno 8] nodename nor servname provided, or not known>
[2026-04-24T15:30:27Z]   CDX check failed: <urlopen error [Errno 8] nodename nor servname provided, or not known>
[2026-04-24T15:30:27Z] [710/1937] no-snapshot  https://www.fbcblacksburg.org/staff
[2026-04-24T15:30:27Z]   checkpoint: {"fresh": 269, "older": 98, "saved": 0, "skip": 2, "fail": 0, "cached": 0, "no-snapshot": 341}
[2026-04-24T15:30:27Z]   availability check failed: <urlopen error [Errno 8] nodename nor servname provided, or not known>
[2026-04-24T15:30:27Z]   CDX check failed: <urlopen error [Errno 8] nodename nor servname provided, or not known>
[2026-04-24T15:30:27Z] [711/1937] no-snapshot  https://baptistnews.com/article/bgavelectsblacksburgpastoraspresidentnameswaynesboropastorandformerbankerastreasurer/
[2026-04-24T15:30:27Z]   availability check failed: <urlopen error [Errno 8] nodename nor servname provided, or not known>
[2026-04-24T15:30:27Z]   CDX check failed: <urlopen error [Errno 8] nodename nor servname provided, or not known>
[2026-04-24T15:30:27Z] [712/1937] no-snapshot  https://mtownfirstbaptist.wixsite.com/morgantownfbc
[2026-04-24T15:30:27Z]   availability check failed: <urlopen error [Errno 8] nodename nor servname provided, or not known>
[2026-04-24T15:30:27Z]   CDX check failed: <urlopen error [Errno 8] nodename nor servname provided, or not known>
[2026-04-24T15:30:27Z] [713/1937] no-snapshot  https://www.fbcwheeling.org
[2026-04-24T15:30:27Z]   availability check failed: <urlopen error [Errno 8] nodename nor servname provided, or not known>
[2026-04-24T15:30:27Z]   CDX check failed: <urlopen error [Errno 8] nodename nor servname provided, or not known>
[2026-04-24T15:30:27Z] [714/1937] no-snapshot  https://www.fbcwheeling.org/staff
[2026-04-24T15:30:27Z]   availability check failed: <urlopen error [Errno 8] nodename nor servname provided, or not known>
[2026-04-24T15:30:27Z]   CDX check failed: <urlopen error [Errno 8] nodename nor servname provided, or not known>
[2026-04-24T15:30:27Z] [715/1937] no-snapshot  https://www.fbcwheeling.org/elders
[2026-04-24T15:30:27Z]   availability check failed: <urlopen error [Errno 8] nodename nor servname provided, or not known>
[2026-04-24T15:30:27Z]   CDX check failed: <urlopen error [Errno 8] nodename nor servname provided, or not known>
[2026-04-24T15:30:27Z] [716/1937] no-snapshot  https://www.elevationchurch.org
[2026-04-24T15:30:27Z]   availability check failed: <urlopen error [Errno 8] nodename nor servname provided, or not known>
[2026-04-24T15:30:27Z]   CDX check failed: <urlopen error [Errno 8] nodename nor servname provided, or not known>
[2026-04-24T15:30:27Z] [717/1937] no-snapshot  https://newspring.cc/about
[2026-04-24T15:30:27Z]   availability check failed: <urlopen error [Errno 8] nodename nor servname provided, or not known>
[2026-04-24T15:30:27Z]   CDX check failed: <urlopen error [Errno 8] nodename nor servname provided, or not known>
[2026-04-24T15:30:27Z] [718/1937] no-snapshot  https://en.wikipedia.org/wiki/NewSpring_Church
[2026-04-24T15:30:27Z]   availability check failed: <urlopen error [Errno 8] nodename nor servname provided, or not known>
[2026-04-24T15:30:27Z]   CDX check failed: <urlopen error [Errno 8] nodename nor servname provided, or not known>
[2026-04-24T15:30:27Z] [719/1937] no-snapshot  https://www.life.church/
[2026-04-24T15:30:27Z]   availability check failed: <urlopen error [Errno 8] nodename nor servname provided, or not known>
[2026-04-24T15:30:27Z]   CDX check failed: <urlopen error [Errno 8] nodename nor servname provided, or not known>
[2026-04-24T15:30:27Z] [720/1937] no-snapshot  https://grace.church/
[2026-04-24T15:30:27Z]   checkpoint: {"fresh": 269, "older": 98, "saved": 0, "skip": 2, "fail": 0, "cached": 0, "no-snapshot": 351}
[2026-04-24T15:30:27Z]   availability check failed: <urlopen error [Errno 8] nodename nor servname provided, or not known>
[2026-04-24T15:30:27Z]   CDX check failed: <urlopen error [Errno 8] nodename nor servname provided, or not known>
[2026-04-24T15:30:27Z] [721/1937] no-snapshot  https://grace.church/about/staff-elders/
[2026-04-24T15:30:27Z]   availability check failed: <urlopen error [Errno 8] nodename nor servname provided, or not known>
[2026-04-24T15:30:27Z]   CDX check failed: <urlopen error [Errno 8] nodename nor servname provided, or not known>
[2026-04-24T15:30:27Z] [722/1937] no-snapshot  https://www.ecfa.org/MemberProfile.aspx?ID=33688
[2026-04-24T15:30:27Z]   availability check failed: <urlopen error [Errno 8] nodename nor servname provided, or not known>
[2026-04-24T15:30:27Z]   CDX check failed: <urlopen error [Errno 8] nodename nor servname provided, or not known>
[2026-04-24T15:30:27Z] [723/1937] no-snapshot  https://www.bethanyba.church
[2026-04-24T15:30:27Z]   availability check failed: <urlopen error [Errno 8] nodename nor servname provided, or not known>
[2026-04-24T15:30:27Z]   CDX check failed: <urlopen error [Errno 8] nodename nor servname provided, or not known>
[2026-04-24T15:30:27Z] [724/1937] no-snapshot  https://crossings.church
[2026-04-24T15:30:27Z]   availability check failed: <urlopen error [Errno 8] nodename nor servname provided, or not known>
[2026-04-24T15:30:27Z]   CDX check failed: <urlopen error [Errno 8] nodename nor servname provided, or not known>
[2026-04-24T15:30:27Z] [725/1937] no-snapshot  https://crossings.church/about
[2026-04-24T15:30:27Z]   availability check failed: <urlopen error [Errno 8] nodename nor servname provided, or not known>
[2026-04-24T15:30:27Z]   CDX check failed: <urlopen error [Errno 8] nodename nor servname provided, or not known>
[2026-04-24T15:30:27Z] [726/1937] no-snapshot  https://fbcdelcity.com
[2026-04-24T15:30:27Z]   availability check failed: <urlopen error [Errno 8] nodename nor servname provided, or not known>
[2026-04-24T15:30:27Z]   CDX check failed: <urlopen error [Errno 8] nodename nor servname provided, or not known>
[2026-04-24T15:30:27Z] [727/1937] no-snapshot  https://www.councilroad.church
[2026-04-24T15:30:27Z]   availability check failed: <urlopen error [Errno 8] nodename nor servname provided, or not known>
[2026-04-24T15:30:27Z]   CDX check failed: <urlopen error [Errno 8] nodename nor servname provided, or not known>
[2026-04-24T15:30:27Z] [728/1937] no-snapshot  https://asburytulsa.org/about
[2026-04-24T15:30:27Z]   availability check failed: <urlopen error [Errno 8] nodename nor servname provided, or not known>
[2026-04-24T15:30:27Z]   CDX check failed: <urlopen error [Errno 8] nodename nor servname provided, or not known>
[2026-04-24T15:30:27Z] [729/1937] no-snapshot  https://www.christianpost.com/news/oklahoma-megachurch-leaves-united-methodist-church.html
[2026-04-24T15:30:27Z]   availability check failed: <urlopen error [Errno 8] nodename nor servname provided, or not known>
[2026-04-24T15:30:27Z]   CDX check failed: <urlopen error [Errno 8] nodename nor servname provided, or not known>
[2026-04-24T15:30:27Z] [730/1937] no-snapshot  https://thehighlands.cc/
[2026-04-24T15:30:27Z]   checkpoint: {"fresh": 269, "older": 98, "saved": 0, "skip": 2, "fail": 0, "cached": 0, "no-snapshot": 361}
[2026-04-24T15:30:27Z]   availability check failed: <urlopen error [Errno 8] nodename nor servname provided, or not known>
[2026-04-24T15:30:27Z]   CDX check failed: <urlopen error [Errno 8] nodename nor servname provided, or not known>
[2026-04-24T15:30:27Z] [731/1937] no-snapshot  https://en.wikipedia.org/wiki/Highland_Park_Baptist_Church
[2026-04-24T15:30:27Z]   availability check failed: <urlopen error [Errno 8] nodename nor servname provided, or not known>
[2026-04-24T15:30:27Z]   CDX check failed: <urlopen error [Errno 8] nodename nor servname provided, or not known>
[2026-04-24T15:30:27Z] [732/1937] no-snapshot  https://fellowshipmemphis.org
[2026-04-24T15:30:27Z]   availability check failed: <urlopen error [Errno 8] nodename nor servname provided, or not known>
[2026-04-24T15:30:27Z]   CDX check failed: <urlopen error [Errno 8] nodename nor servname provided, or not known>
[2026-04-24T15:30:27Z] [733/1937] no-snapshot  https://cliftonbaptist.org/
[2026-04-24T15:30:27Z]   availability check failed: <urlopen error [Errno 8] nodename nor servname provided, or not known>
[2026-04-24T15:30:27Z]   CDX check failed: <urlopen error [Errno 8] nodename nor servname provided, or not known>
[2026-04-24T15:30:27Z] [734/1937] no-snapshot  https://www.kybaptist.org/churches/clifton-baptist-church/
[2026-04-24T15:30:27Z]   availability check failed: <urlopen error [Errno 8] nodename nor servname provided, or not known>
[2026-04-24T15:30:27Z]   CDX check failed: <urlopen error [Errno 8] nodename nor servname provided, or not known>
[2026-04-24T15:30:27Z] [735/1937] no-snapshot  https://kenwoodbaptistchurch.com/
[2026-04-24T15:30:27Z]   availability check failed: <urlopen error [Errno 8] nodename nor servname provided, or not known>
[2026-04-24T15:30:27Z]   CDX check failed: <urlopen error [Errno 8] nodename nor servname provided, or not known>
[2026-04-24T15:30:27Z] [736/1937] no-snapshot  https://kenwoodbaptistchurch.com/welcome/mission-beliefs/
[2026-04-24T15:30:27Z]   availability check failed: <urlopen error [Errno 8] nodename nor servname provided, or not known>
[2026-04-24T15:30:27Z]   CDX check failed: <urlopen error [Errno 8] nodename nor servname provided, or not known>
[2026-04-24T15:30:27Z] [737/1937] no-snapshot  https://kenwoodbaptistchurch.com/welcome/history/
[2026-04-24T15:30:27Z]   availability check failed: <urlopen error [Errno 8] nodename nor servname provided, or not known>
[2026-04-24T15:30:27Z]   CDX check failed: <urlopen error [Errno 8] nodename nor servname provided, or not known>
[2026-04-24T15:30:27Z] [738/1937] no-snapshot  https://www.franklinabc.com/
[2026-04-24T15:30:27Z]   availability check failed: <urlopen error [Errno 8] nodename nor servname provided, or not known>
[2026-04-24T15:30:27Z]   CDX check failed: <urlopen error [Errno 8] nodename nor servname provided, or not known>
[2026-04-24T15:30:27Z] [739/1937] no-snapshot  https://www.franklinabc.com/about/our-pastor
[2026-04-24T15:30:27Z]   availability check failed: <urlopen error [Errno 8] nodename nor servname provided, or not known>
[2026-04-24T15:30:27Z]   CDX check failed: <urlopen error [Errno 8] nodename nor servname provided, or not known>
[2026-04-24T15:30:27Z] [740/1937] no-snapshot  https://en.wikipedia.org/wiki/Franklin_Avenue_Baptist_Church
[2026-04-24T15:30:27Z]   checkpoint: {"fresh": 269, "older": 98, "saved": 0, "skip": 2, "fail": 0, "cached": 0, "no-snapshot": 371}
[2026-04-24T15:30:27Z]   availability check failed: <urlopen error [Errno 8] nodename nor servname provided, or not known>
[2026-04-24T15:30:27Z]   CDX check failed: <urlopen error [Errno 8] nodename nor servname provided, or not known>
[2026-04-24T15:30:27Z] [741/1937] no-snapshot  https://www.nola.com/news/pastors-franklin-ave-baptist-church/article_866d58b7-907f-4f2b-806c-b33931d36047.html
[2026-04-24T15:30:27Z]   availability check failed: <urlopen error [Errno 8] nodename nor servname provided, or not known>
[2026-04-24T15:30:27Z]   CDX check failed: <urlopen error [Errno 8] nodename nor servname provided, or not known>
[2026-04-24T15:30:27Z] [742/1937] no-snapshot  https://www.midtowncollective.org/
[2026-04-24T15:30:27Z]   availability check failed: <urlopen error [Errno 8] nodename nor servname provided, or not known>
[2026-04-24T15:30:27Z]   CDX check failed: <urlopen error [Errno 8] nodename nor servname provided, or not known>
[2026-04-24T15:30:27Z] [743/1937] no-snapshot  https://www.rethinkbaptist.org/about
[2026-04-24T15:30:27Z]   availability check failed: <urlopen error [Errno 8] nodename nor servname provided, or not known>
[2026-04-24T15:30:27Z]   CDX check failed: <urlopen error [Errno 8] nodename nor servname provided, or not known>
[2026-04-24T15:30:27Z] [744/1937] no-snapshot  https://en.wikipedia.org/wiki/First_Baptist_Church_of_Denver
[2026-04-24T15:30:27Z]   availability check failed: <urlopen error [Errno 8] nodename nor servname provided, or not known>
[2026-04-24T15:30:27Z]   CDX check failed: <urlopen error [Errno 8] nodename nor servname provided, or not known>
[2026-04-24T15:30:27Z] [745/1937] no-snapshot  https://northsideindy.org/
[2026-04-24T15:30:27Z]   availability check failed: <urlopen error [Errno 8] nodename nor servname provided, or not known>
[2026-04-24T15:30:27Z]   CDX check failed: <urlopen error [Errno 8] nodename nor servname provided, or not known>
[2026-04-24T15:30:27Z] [746/1937] no-snapshot  https://northsideindy.org/about/our-faith
[2026-04-24T15:30:27Z]   availability check failed: <urlopen error [Errno 8] nodename nor servname provided, or not known>
[2026-04-24T15:30:27Z]   CDX check failed: <urlopen error [Errno 8] nodename nor servname provided, or not known>
[2026-04-24T15:30:27Z] [747/1937] no-snapshot  https://www.fsbctopeka.org/
[2026-04-24T15:30:27Z]   availability check failed: <urlopen error [Errno 8] nodename nor servname provided, or not known>
[2026-04-24T15:30:27Z]   CDX check failed: <urlopen error [Errno 8] nodename nor servname provided, or not known>
[2026-04-24T15:30:27Z] [748/1937] no-snapshot  https://www.fsbctopeka.org/webelieve
[2026-04-24T15:30:27Z]   availability check failed: <urlopen error [Errno 8] nodename nor servname provided, or not known>
[2026-04-24T15:30:27Z]   CDX check failed: <urlopen error [Errno 8] nodename nor servname provided, or not known>
[2026-04-24T15:30:27Z] [749/1937] no-snapshot  https://www.highview.org/
[2026-04-24T15:30:27Z]   availability check failed: <urlopen error [Errno 8] nodename nor servname provided, or not known>
[2026-04-24T15:30:27Z]   CDX check failed: <urlopen error [Errno 8] nodename nor servname provided, or not known>
[2026-04-24T15:30:27Z] [750/1937] no-snapshot  https://en.wikipedia.org/wiki/Highview_Baptist_Church_(Louisville,_Kentucky)
[2026-04-24T15:30:27Z]   checkpoint: {"fresh": 269, "older": 98, "saved": 0, "skip": 2, "fail": 0, "cached": 0, "no-snapshot": 381}
[2026-04-24T15:30:27Z]   availability check failed: <urlopen error [Errno 8] nodename nor servname provided, or not known>
[2026-04-24T15:30:27Z]   CDX check failed: <urlopen error [Errno 8] nodename nor servname provided, or not known>
[2026-04-24T15:30:27Z] [751/1937] no-snapshot  https://churches.sbc.net/church/highview-baptist-church/
[2026-04-24T15:30:27Z]   availability check failed: <urlopen error [Errno 8] nodename nor servname provided, or not known>
[2026-04-24T15:30:27Z]   CDX check failed: <urlopen error [Errno 8] nodename nor servname provided, or not known>
[2026-04-24T15:30:27Z] [752/1937] no-snapshot  https://firstbaptistlincoln.org/
[2026-04-24T15:30:27Z]   availability check failed: <urlopen error [Errno 8] nodename nor servname provided, or not known>
[2026-04-24T15:30:27Z]   CDX check failed: <urlopen error [Errno 8] nodename nor servname provided, or not known>
[2026-04-24T15:30:27Z] [753/1937] no-snapshot  https://www.faithstreet.com/church/first-baptist-church-lincoln-ne
[2026-04-24T15:30:27Z]   availability check failed: <urlopen error [Errno 8] nodename nor servname provided, or not known>
[2026-04-24T15:30:27Z]   CDX check failed: <urlopen error [Errno 8] nodename nor servname provided, or not known>
[2026-04-24T15:30:27Z] [754/1937] no-snapshot  https://faithbaptistri.org/
[2026-04-24T15:30:27Z]   availability check failed: <urlopen error [Errno 8] nodename nor servname provided, or not known>
[2026-04-24T15:30:27Z]   CDX check failed: <urlopen error [Errno 8] nodename nor servname provided, or not known>
[2026-04-24T15:30:27Z] [755/1937] no-snapshot  https://www.faithri.org/
[2026-04-24T15:30:27Z]   availability check failed: <urlopen error [Errno 8] nodename nor servname provided, or not known>
[2026-04-24T15:30:27Z]   CDX check failed: <urlopen error [Errno 8] nodename nor servname provided, or not known>
[2026-04-24T15:30:27Z] [756/1937] no-snapshot  https://firstb.org/about/
[2026-04-24T15:30:28Z]   availability check failed: <urlopen error [Errno 8] nodename nor servname provided, or not known>
[2026-04-24T15:30:28Z]   CDX check failed: <urlopen error [Errno 8] nodename nor servname provided, or not known>
[2026-04-24T15:30:28Z] [757/1937] no-snapshot  http://abc-dakotas.org/region/region-churches
[2026-04-24T15:30:28Z]   availability check failed: <urlopen error [Errno 8] nodename nor servname provided, or not known>
[2026-04-24T15:30:28Z]   CDX check failed: <urlopen error [Errno 8] nodename nor servname provided, or not known>
[2026-04-24T15:30:28Z] [758/1937] no-snapshot  https://www.faithstreet.com/church/first-baptist-church-of-sioux-falls-sd-sioux-falls-sd
[2026-04-24T15:30:28Z]   availability check failed: <urlopen error [Errno 8] nodename nor servname provided, or not known>
[2026-04-24T15:30:28Z]   CDX check failed: <urlopen error [Errno 8] nodename nor servname provided, or not known>
[2026-04-24T15:30:28Z] [759/1937] no-snapshot  https://www.bellevue.org
[2026-04-24T15:30:28Z]   availability check failed: <urlopen error [Errno 8] nodename nor servname provided, or not known>
[2026-04-24T15:30:28Z]   CDX check failed: <urlopen error [Errno 8] nodename nor servname provided, or not known>
[2026-04-24T15:30:28Z] [760/1937] no-snapshot  https://www.firstdallas.org/about
[2026-04-24T15:30:28Z]   checkpoint: {"fresh": 269, "older": 98, "saved": 0, "skip": 2, "fail": 0, "cached": 0, "no-snapshot": 391}
[2026-04-24T15:30:28Z]   availability check failed: <urlopen error [Errno 8] nodename nor servname provided, or not known>
[2026-04-24T15:30:28Z]   CDX check failed: <urlopen error [Errno 8] nodename nor servname provided, or not known>
[2026-04-24T15:30:28Z] [761/1937] no-snapshot  https://www.fbcburlingtonvt.com/
[2026-04-24T15:30:28Z]   availability check failed: <urlopen error [Errno 8] nodename nor servname provided, or not known>
[2026-04-24T15:30:28Z]   CDX check failed: <urlopen error [Errno 8] nodename nor servname provided, or not known>
[2026-04-24T15:30:28Z] [762/1937] no-snapshot  https://seattlefirstbaptist.org/
[2026-04-24T15:30:28Z]   availability check failed: <urlopen error [Errno 8] nodename nor servname provided, or not known>
[2026-04-24T15:30:28Z]   CDX check failed: <urlopen error [Errno 8] nodename nor servname provided, or not known>
[2026-04-24T15:30:28Z] [763/1937] no-snapshot  https://hpcc.church/
[2026-04-24T15:30:28Z]   availability check failed: <urlopen error [Errno 8] nodename nor servname provided, or not known>
[2026-04-24T15:30:28Z]   CDX check failed: <urlopen error [Errno 8] nodename nor servname provided, or not known>
[2026-04-24T15:30:28Z] [764/1937] no-snapshot  https://hpcc.church/what-we-believe/
[2026-04-24T15:30:28Z]   availability check failed: <urlopen error [Errno 8] nodename nor servname provided, or not known>
[2026-04-24T15:30:28Z]   CDX check failed: <urlopen error [Errno 8] nodename nor servname provided, or not known>
[2026-04-24T15:30:28Z] [765/1937] no-snapshot  https://firstirving.org/staff
[2026-04-24T15:30:28Z]   availability check failed: <urlopen error [Errno 8] nodename nor servname provided, or not known>
[2026-04-24T15:30:28Z]   CDX check failed: <urlopen error [Errno 8] nodename nor servname provided, or not known>
[2026-04-24T15:30:28Z] [766/1937] no-snapshot  https://firstirving.org/history
[2026-04-24T15:30:28Z]   availability check failed: <urlopen error [Errno 8] nodename nor servname provided, or not known>
[2026-04-24T15:30:28Z]   CDX check failed: <urlopen error [Errno 8] nodename nor servname provided, or not known>
[2026-04-24T15:30:28Z] [767/1937] no-snapshot  https://www.faithstreet.com/church/first-irving-baptist-church-irving-tx
[2026-04-24T15:30:28Z]   availability check failed: <urlopen error [Errno 8] nodename nor servname provided, or not known>
[2026-04-24T15:30:28Z]   CDX check failed: <urlopen error [Errno 8] nodename nor servname provided, or not known>
[2026-04-24T15:30:28Z] [768/1937] no-snapshot  https://www.faithstreet.com/church/trinity-baptist-church-san-antonio-tx-2
[2026-04-24T15:30:28Z]   availability check failed: <urlopen error [Errno 8] nodename nor servname provided, or not known>
[2026-04-24T15:30:28Z]   CDX check failed: <urlopen error [Errno 8] nodename nor servname provided, or not known>
[2026-04-24T15:30:28Z] [769/1937] no-snapshot  https://www.trinitybaptist.org/
[2026-04-24T15:30:28Z]   availability check failed: <urlopen error [Errno 8] nodename nor servname provided, or not known>
[2026-04-24T15:30:28Z]   CDX check failed: <urlopen error [Errno 8] nodename nor servname provided, or not known>
[2026-04-24T15:30:28Z] [770/1937] no-snapshot  https://www.alabamacbf.org/our-churches
[2026-04-24T15:30:28Z]   checkpoint: {"fresh": 269, "older": 98, "saved": 0, "skip": 2, "fail": 0, "cached": 0, "no-snapshot": 401}
[2026-04-24T15:30:28Z]   availability check failed: <urlopen error [Errno 8] nodename nor servname provided, or not known>
[2026-04-24T15:30:28Z]   CDX check failed: <urlopen error [Errno 8] nodename nor servname provided, or not known>
[2026-04-24T15:30:28Z] [771/1937] no-snapshot  https://mountparan.com/
[2026-04-24T15:30:28Z]   availability check failed: <urlopen error [Errno 8] nodename nor servname provided, or not known>
[2026-04-24T15:30:28Z]   CDX check failed: <urlopen error [Errno 8] nodename nor servname provided, or not known>
[2026-04-24T15:30:28Z] [772/1937] no-snapshot  https://mountparan.com/about
[2026-04-24T15:30:28Z]   availability check failed: <urlopen error [Errno 8] nodename nor servname provided, or not known>
[2026-04-24T15:30:28Z]   CDX check failed: <urlopen error [Errno 8] nodename nor servname provided, or not known>
[2026-04-24T15:30:28Z] [773/1937] no-snapshot  https://www.guidestar.org/profile/58-0688477
[2026-04-24T15:30:28Z]   availability check failed: <urlopen error [Errno 8] nodename nor servname provided, or not known>
[2026-04-24T15:30:28Z]   CDX check failed: <urlopen error [Errno 8] nodename nor servname provided, or not known>
[2026-04-24T15:30:28Z] [774/1937] no-snapshot  https://www.fbc-sav.org/about
[2026-04-24T15:30:28Z]   availability check failed: <urlopen error [Errno 8] nodename nor servname provided, or not known>
[2026-04-24T15:30:28Z]   CDX check failed: <urlopen error [Errno 8] nodename nor servname provided, or not known>
[2026-04-24T15:30:28Z] [775/1937] no-snapshot  https://www.fbc-sav.org/
[2026-04-24T15:30:28Z]   availability check failed: <urlopen error [Errno 8] nodename nor servname provided, or not known>
[2026-04-24T15:30:28Z]   CDX check failed: <urlopen error [Errno 8] nodename nor servname provided, or not known>
[2026-04-24T15:30:28Z] [776/1937] no-snapshot  https://discoverfbc.org/
[2026-04-24T15:30:28Z]   availability check failed: <urlopen error [Errno 8] nodename nor servname provided, or not known>
[2026-04-24T15:30:28Z]   CDX check failed: <urlopen error [Errno 8] nodename nor servname provided, or not known>
[2026-04-24T15:30:28Z] [777/1937] no-snapshot  https://discoverfbc.org/about-us/
[2026-04-24T15:30:28Z]   availability check failed: <urlopen error [Errno 8] nodename nor servname provided, or not known>
[2026-04-24T15:30:28Z]   CDX check failed: <urlopen error [Errno 8] nodename nor servname provided, or not known>
[2026-04-24T15:30:28Z] [778/1937] no-snapshot  https://cbfga.org/venue/first-baptist-church-augusta-ga/
[2026-04-24T15:30:28Z]   availability check failed: <urlopen error [Errno 8] nodename nor servname provided, or not known>
[2026-04-24T15:30:28Z]   CDX check failed: <urlopen error [Errno 8] nodename nor servname provided, or not known>
[2026-04-24T15:30:28Z] [779/1937] no-snapshot  https://fbcxmacon.org/
[2026-04-24T15:30:28Z]   availability check failed: <urlopen error [Errno 8] nodename nor servname provided, or not known>
[2026-04-24T15:30:28Z]   CDX check failed: <urlopen error [Errno 8] nodename nor servname provided, or not known>
[2026-04-24T15:30:28Z] [780/1937] no-snapshot  https://www.hmdb.org/m.asp?m=23046
[2026-04-24T15:30:28Z]   checkpoint: {"fresh": 269, "older": 98, "saved": 0, "skip": 2, "fail": 0, "cached": 0, "no-snapshot": 411}
[2026-04-24T15:30:28Z]   availability check failed: <urlopen error [Errno 8] nodename nor servname provided, or not known>
[2026-04-24T15:30:28Z]   CDX check failed: <urlopen error [Errno 8] nodename nor servname provided, or not known>
[2026-04-24T15:30:28Z] [781/1937] no-snapshot  https://pabc.org/
[2026-04-24T15:30:28Z]   availability check failed: <urlopen error [Errno 8] nodename nor servname provided, or not known>
[2026-04-24T15:30:28Z]   CDX check failed: <urlopen error [Errno 8] nodename nor servname provided, or not known>
[2026-04-24T15:30:28Z] [782/1937] no-snapshot  https://pabc.org/our-church/
[2026-04-24T15:30:28Z]   availability check failed: <urlopen error [Errno 8] nodename nor servname provided, or not known>
[2026-04-24T15:30:28Z]   CDX check failed: <urlopen error [Errno 8] nodename nor servname provided, or not known>
[2026-04-24T15:30:28Z] [783/1937] no-snapshot  https://pabc.org/our-team/
[2026-04-24T15:30:28Z]   availability check failed: <urlopen error [Errno 8] nodename nor servname provided, or not known>
[2026-04-24T15:30:28Z]   CDX check failed: <urlopen error [Errno 8] nodename nor servname provided, or not known>
[2026-04-24T15:30:28Z] [784/1937] no-snapshot  https://pabc.org/missions/
[2026-04-24T15:30:28Z]   availability check failed: <urlopen error [Errno 8] nodename nor servname provided, or not known>
[2026-04-24T15:30:28Z]   CDX check failed: <urlopen error [Errno 8] nodename nor servname provided, or not known>
[2026-04-24T15:30:28Z] [785/1937] no-snapshot  https://en.wikipedia.org/wiki/First_Baptist_Church_(Charleston,_South_Carolina)
[2026-04-24T15:30:28Z]   availability check failed: <urlopen error [Errno 8] nodename nor servname provided, or not known>
[2026-04-24T15:30:28Z]   CDX check failed: <urlopen error [Errno 8] nodename nor servname provided, or not known>
[2026-04-24T15:30:28Z] [786/1937] no-snapshot  https://www.seacoast.org/about
[2026-04-24T15:30:28Z]   availability check failed: <urlopen error [Errno 8] nodename nor servname provided, or not known>
[2026-04-24T15:30:28Z]   CDX check failed: <urlopen error [Errno 8] nodename nor servname provided, or not known>
[2026-04-24T15:30:28Z] [787/1937] no-snapshot  https://www.seacoast.org/team_members/josh-surratt/
[2026-04-24T15:30:28Z]   availability check failed: <urlopen error [Errno 8] nodename nor servname provided, or not known>
[2026-04-24T15:30:28Z]   CDX check failed: <urlopen error [Errno 8] nodename nor servname provided, or not known>
[2026-04-24T15:30:28Z] [788/1937] no-snapshot  https://www.churchclarity.org/church/seacoast-church-2235
[2026-04-24T15:30:28Z]   availability check failed: <urlopen error [Errno 8] nodename nor servname provided, or not known>
[2026-04-24T15:30:28Z]   CDX check failed: <urlopen error [Errno 8] nodename nor servname provided, or not known>
[2026-04-24T15:30:28Z] [789/1937] no-snapshot  https://en.wikipedia.org/wiki/Seacoast_Church
[2026-04-24T15:30:28Z]   availability check failed: <urlopen error [Errno 8] nodename nor servname provided, or not known>
[2026-04-24T15:30:28Z]   CDX check failed: <urlopen error [Errno 8] nodename nor servname provided, or not known>
[2026-04-24T15:30:28Z] [790/1937] no-snapshot  https://newspring.cc/
[2026-04-24T15:30:28Z]   checkpoint: {"fresh": 269, "older": 98, "saved": 0, "skip": 2, "fail": 0, "cached": 0, "no-snapshot": 421}
[2026-04-24T15:30:28Z]   availability check failed: <urlopen error [Errno 8] nodename nor servname provided, or not known>
[2026-04-24T15:30:28Z]   CDX check failed: <urlopen error [Errno 8] nodename nor servname provided, or not known>
[2026-04-24T15:30:28Z] [791/1937] no-snapshot  https://newspring.cc/locations/anderson
[2026-04-24T15:30:28Z]   availability check failed: <urlopen error [Errno 8] nodename nor servname provided, or not known>
[2026-04-24T15:30:28Z]   CDX check failed: <urlopen error [Errno 8] nodename nor servname provided, or not known>
[2026-04-24T15:30:28Z] [792/1937] no-snapshot  https://www.mitchellroad.org/
[2026-04-24T15:30:28Z]   availability check failed: <urlopen error [Errno 8] nodename nor servname provided, or not known>
[2026-04-24T15:30:28Z]   CDX check failed: <urlopen error [Errno 8] nodename nor servname provided, or not known>
[2026-04-24T15:30:28Z] [793/1937] no-snapshot  https://mitchellroad.churchcenter.com/
[2026-04-24T15:30:28Z]   availability check failed: <urlopen error [Errno 8] nodename nor servname provided, or not known>
[2026-04-24T15:30:28Z]   CDX check failed: <urlopen error [Errno 8] nodename nor servname provided, or not known>
[2026-04-24T15:30:28Z] [794/1937] no-snapshot  https://fbcraleigh.org/
[2026-04-24T15:30:28Z]   availability check failed: <urlopen error [Errno 8] nodename nor servname provided, or not known>
[2026-04-24T15:30:28Z]   CDX check failed: <urlopen error [Errno 8] nodename nor servname provided, or not known>
[2026-04-24T15:30:28Z] [795/1937] no-snapshot  https://fbcdurham.org/about/what-to-expect/
[2026-04-24T15:30:28Z]   availability check failed: <urlopen error [Errno 8] nodename nor servname provided, or not known>
[2026-04-24T15:30:28Z]   CDX check failed: <urlopen error [Errno 8] nodename nor servname provided, or not known>
[2026-04-24T15:30:28Z] [796/1937] no-snapshot  https://fbcdurham.org/team/
[2026-04-24T15:30:28Z]   availability check failed: <urlopen error [Errno 8] nodename nor servname provided, or not known>
[2026-04-24T15:30:28Z]   CDX check failed: <urlopen error [Errno 8] nodename nor servname provided, or not known>
[2026-04-24T15:30:28Z] [797/1937] no-snapshot  https://snydermbc.com/beliefs
[2026-04-24T15:30:28Z]   availability check failed: <urlopen error [Errno 8] nodename nor servname provided, or not known>
[2026-04-24T15:30:28Z]   CDX check failed: <urlopen error [Errno 8] nodename nor servname provided, or not known>
[2026-04-24T15:30:28Z] [798/1937] no-snapshot  https://snydermbc.com/staff
[2026-04-24T15:30:28Z]   availability check failed: <urlopen error [Errno 8] nodename nor servname provided, or not known>
[2026-04-24T15:30:28Z]   CDX check failed: <urlopen error [Errno 8] nodename nor servname provided, or not known>
[2026-04-24T15:30:28Z] [799/1937] no-snapshot  https://www.hickorygrove.org/
[2026-04-24T15:30:28Z]   availability check failed: <urlopen error [Errno 8] nodename nor servname provided, or not known>
[2026-04-24T15:30:28Z]   CDX check failed: <urlopen error [Errno 8] nodename nor servname provided, or not known>
[2026-04-24T15:30:28Z] [800/1937] no-snapshot  https://en.wikipedia.org/wiki/Clint_Pressley
[2026-04-24T15:30:28Z]   checkpoint: {"fresh": 269, "older": 98, "saved": 0, "skip": 2, "fail": 0, "cached": 0, "no-snapshot": 431}
[2026-04-24T15:30:28Z]   availability check failed: <urlopen error [Errno 8] nodename nor servname provided, or not known>
[2026-04-24T15:30:28Z]   CDX check failed: <urlopen error [Errno 8] nodename nor servname provided, or not known>
[2026-04-24T15:30:28Z] [801/1937] no-snapshot  https://www.sbc.net/sbc-president/
[2026-04-24T15:30:28Z]   availability check failed: <urlopen error [Errno 8] nodename nor servname provided, or not known>
[2026-04-24T15:30:28Z]   CDX check failed: <urlopen error [Errno 8] nodename nor servname provided, or not known>
[2026-04-24T15:30:28Z] [802/1937] no-snapshot  https://2ndmemphis.org/cooperative-baptist-fellowship/
[2026-04-24T15:30:28Z]   availability check failed: <urlopen error [Errno 8] nodename nor servname provided, or not known>
[2026-04-24T15:30:28Z]   CDX check failed: <urlopen error [Errno 8] nodename nor servname provided, or not known>
[2026-04-24T15:30:28Z] [803/1937] no-snapshot  https://cbf.net/
[2026-04-24T15:30:28Z]   availability check failed: <urlopen error [Errno 8] nodename nor servname provided, or not known>
[2026-04-24T15:30:28Z]   CDX check failed: <urlopen error [Errno 8] nodename nor servname provided, or not known>
[2026-04-24T15:30:28Z] [804/1937] no-snapshot  https://www.portermemorial.net/
[2026-04-24T15:30:28Z]   availability check failed: <urlopen error [Errno 8] nodename nor servname provided, or not known>
[2026-04-24T15:30:28Z]   CDX check failed: <urlopen error [Errno 8] nodename nor servname provided, or not known>
[2026-04-24T15:30:28Z] [805/1937] no-snapshot  https://www.portermemorial.net/what-we-believe
[2026-04-24T15:30:28Z]   availability check failed: <urlopen error [Errno 8] nodename nor servname provided, or not known>
[2026-04-24T15:30:28Z]   CDX check failed: <urlopen error [Errno 8] nodename nor servname provided, or not known>
[2026-04-24T15:30:28Z] [806/1937] no-snapshot  https://www.kybaptist.org/churches/porter-memorial-baptist-church/
[2026-04-24T15:30:28Z]   availability check failed: <urlopen error [Errno 8] nodename nor servname provided, or not known>
[2026-04-24T15:30:28Z]   CDX check failed: <urlopen error [Errno 8] nodename nor servname provided, or not known>
[2026-04-24T15:30:28Z] [807/1937] no-snapshot  https://churches.sbc.net/church/porter-memorial-baptist-church/
[2026-04-24T15:30:28Z]   availability check failed: <urlopen error [Errno 8] nodename nor servname provided, or not known>
[2026-04-24T15:30:28Z]   CDX check failed: <urlopen error [Errno 8] nodename nor servname provided, or not known>
[2026-04-24T15:30:28Z] [808/1937] no-snapshot  https://sv.church/
[2026-04-24T15:30:28Z]   availability check failed: <urlopen error [Errno 8] nodename nor servname provided, or not known>
[2026-04-24T15:30:28Z]   CDX check failed: <urlopen error [Errno 8] nodename nor servname provided, or not known>
[2026-04-24T15:30:28Z] [809/1937] no-snapshot  https://www.kybaptist.org/churches/severns-valley-baptist-church/
[2026-04-24T15:30:28Z]   availability check failed: <urlopen error [Errno 8] nodename nor servname provided, or not known>
[2026-04-24T15:30:28Z]   CDX check failed: <urlopen error [Errno 8] nodename nor servname provided, or not known>
[2026-04-24T15:30:28Z] [810/1937] no-snapshot  https://www.kentuckytoday.com/baptist_life/severns-valley-has-new-pastor-in-place/article_4d3e591c-61db-11ed-b91b-b3347ce81f7a.html
[2026-04-24T15:30:28Z]   checkpoint: {"fresh": 269, "older": 98, "saved": 0, "skip": 2, "fail": 0, "cached": 0, "no-snapshot": 441}
[2026-04-24T15:30:28Z]   availability check failed: <urlopen error [Errno 8] nodename nor servname provided, or not known>
[2026-04-24T15:30:28Z]   CDX check failed: <urlopen error [Errno 8] nodename nor servname provided, or not known>
[2026-04-24T15:30:28Z] [811/1937] no-snapshot  https://www.mbbc.org/
[2026-04-24T15:30:28Z]   availability check failed: <urlopen error [Errno 8] nodename nor servname provided, or not known>
[2026-04-24T15:30:28Z]   CDX check failed: <urlopen error [Errno 8] nodename nor servname provided, or not known>
[2026-04-24T15:30:28Z] [812/1937] no-snapshot  https://mbbc.org/about/our-staff
[2026-04-24T15:30:28Z]   availability check failed: <urlopen error [Errno 8] nodename nor servname provided, or not known>
[2026-04-24T15:30:28Z]   CDX check failed: <urlopen error [Errno 8] nodename nor servname provided, or not known>
[2026-04-24T15:30:28Z] [813/1937] no-snapshot  https://mbbc.org/uploads/images/Combined-Deacon-Ordination-Service.pdf
[2026-04-24T15:30:28Z]   availability check failed: <urlopen error [Errno 8] nodename nor servname provided, or not known>
[2026-04-24T15:30:28Z]   CDX check failed: <urlopen error [Errno 8] nodename nor servname provided, or not known>
[2026-04-24T15:30:28Z] [814/1937] no-snapshot  https://www.villagelivingonline.com/news/mountain-brook-baptist-church-celebrates-75-years/
[2026-04-24T15:30:28Z]   availability check failed: <urlopen error [Errno 8] nodename nor servname provided, or not known>
[2026-04-24T15:30:28Z]   CDX check failed: <urlopen error [Errno 8] nodename nor servname provided, or not known>
[2026-04-24T15:30:28Z] [815/1937] no-snapshot  https://frazer.church/
[2026-04-24T15:30:28Z]   availability check failed: <urlopen error [Errno 8] nodename nor servname provided, or not known>
[2026-04-24T15:30:28Z]   CDX check failed: <urlopen error [Errno 8] nodename nor servname provided, or not known>
[2026-04-24T15:30:28Z] [816/1937] no-snapshot  https://en.wikipedia.org/wiki/Frazer_Free_Methodist_Church
[2026-04-24T15:30:28Z]   availability check failed: <urlopen error [Errno 8] nodename nor servname provided, or not known>
[2026-04-24T15:30:28Z]   CDX check failed: <urlopen error [Errno 8] nodename nor servname provided, or not known>
[2026-04-24T15:30:28Z] [817/1937] no-snapshot  https://um-insight.net/in-the-church/umc-future/frazer-umc-votes-to-disaffiliate-headed-for-free-methodists/
[2026-04-24T15:30:28Z]   availability check failed: <urlopen error [Errno 8] nodename nor servname provided, or not known>
[2026-04-24T15:30:28Z]   CDX check failed: <urlopen error [Errno 8] nodename nor servname provided, or not known>
[2026-04-24T15:30:28Z] [818/1937] no-snapshot  https://www.perimeter.org/
[2026-04-24T15:30:28Z]   availability check failed: <urlopen error [Errno 8] nodename nor servname provided, or not known>
[2026-04-24T15:30:28Z]   CDX check failed: <urlopen error [Errno 8] nodename nor servname provided, or not known>
[2026-04-24T15:30:28Z] [819/1937] no-snapshot  https://www.perimeter.org/about/
[2026-04-24T15:30:28Z]   availability check failed: <urlopen error [Errno 8] nodename nor servname provided, or not known>
[2026-04-24T15:30:28Z]   CDX check failed: <urlopen error [Errno 8] nodename nor servname provided, or not known>
[2026-04-24T15:30:28Z] [820/1937] no-snapshot  https://byfaithonline.com/a-vision-for-the-next-50-years/
[2026-04-24T15:30:28Z]   checkpoint: {"fresh": 269, "older": 98, "saved": 0, "skip": 2, "fail": 0, "cached": 0, "no-snapshot": 451}
[2026-04-24T15:30:28Z]   availability check failed: <urlopen error [Errno 8] nodename nor servname provided, or not known>
[2026-04-24T15:30:28Z]   CDX check failed: <urlopen error [Errno 8] nodename nor servname provided, or not known>
[2026-04-24T15:30:28Z] [821/1937] no-snapshot  https://northsidecharlotte.com/
[2026-04-24T15:30:28Z]   availability check failed: <urlopen error [Errno 8] nodename nor servname provided, or not known>
[2026-04-24T15:30:28Z]   CDX check failed: <urlopen error [Errno 8] nodename nor servname provided, or not known>
[2026-04-24T15:30:28Z] [822/1937] no-snapshot  https://www.kjvchurches.com/churches/united-states/north-carolina/charlotte-1/northside-baptist-church-charlotte-nc/
[2026-04-24T15:30:28Z]   availability check failed: <urlopen error [Errno 8] nodename nor servname provided, or not known>
[2026-04-24T15:30:28Z]   CDX check failed: <urlopen error [Errno 8] nodename nor servname provided, or not known>
[2026-04-24T15:30:28Z] [823/1937] no-snapshot  https://fundamental.org/kjv-church-directory/3075/northside-baptist-church-5/
[2026-04-24T15:30:28Z]   availability check failed: <urlopen error [Errno 8] nodename nor servname provided, or not known>
[2026-04-24T15:30:28Z]   CDX check failed: <urlopen error [Errno 8] nodename nor servname provided, or not known>
[2026-04-24T15:30:28Z] [824/1937] no-snapshot  https://www.belmont.org/
[2026-04-24T15:30:28Z]   availability check failed: <urlopen error [Errno 8] nodename nor servname provided, or not known>
[2026-04-24T15:30:28Z]   CDX check failed: <urlopen error [Errno 8] nodename nor servname provided, or not known>
[2026-04-24T15:30:28Z] [825/1937] no-snapshot  https://www.belmont.org/whoweare
[2026-04-24T15:30:28Z]   availability check failed: <urlopen error [Errno 8] nodename nor servname provided, or not known>
[2026-04-24T15:30:28Z]   CDX check failed: <urlopen error [Errno 8] nodename nor servname provided, or not known>
[2026-04-24T15:30:28Z] [826/1937] no-snapshot  https://bryanstation.org/
[2026-04-24T15:30:28Z]   availability check failed: <urlopen error [Errno 8] nodename nor servname provided, or not known>
[2026-04-24T15:30:28Z]   CDX check failed: <urlopen error [Errno 8] nodename nor servname provided, or not known>
[2026-04-24T15:30:28Z] [827/1937] no-snapshot  https://www.fbcparagould.com/what-we-believe
[2026-04-24T15:30:28Z]   availability check failed: <urlopen error [Errno 8] nodename nor servname provided, or not known>
[2026-04-24T15:30:28Z]   CDX check failed: <urlopen error [Errno 8] nodename nor servname provided, or not known>
[2026-04-24T15:30:28Z] [828/1937] no-snapshot  https://www.discoverparagould.org/DocumentCenter/View/1021/Church-Directory
[2026-04-24T15:30:28Z]   availability check failed: <urlopen error [Errno 8] nodename nor servname provided, or not known>
[2026-04-24T15:30:28Z]   CDX check failed: <urlopen error [Errno 8] nodename nor servname provided, or not known>
[2026-04-24T15:30:28Z] [829/1937] no-snapshot  https://www.vhbc.com/
[2026-04-24T15:30:28Z]   availability check failed: <urlopen error [Errno 8] nodename nor servname provided, or not known>
[2026-04-24T15:30:28Z]   CDX check failed: <urlopen error [Errno 8] nodename nor servname provided, or not known>
[2026-04-24T15:30:28Z] [830/1937] no-snapshot  https://www.vhbc.com/vhbcstaff
[2026-04-24T15:30:28Z]   checkpoint: {"fresh": 269, "older": 98, "saved": 0, "skip": 2, "fail": 0, "cached": 0, "no-snapshot": 461}
[2026-04-24T15:30:28Z]   availability check failed: <urlopen error [Errno 8] nodename nor servname provided, or not known>
[2026-04-24T15:30:28Z]   CDX check failed: <urlopen error [Errno 8] nodename nor servname provided, or not known>
[2026-04-24T15:30:28Z] [831/1937] no-snapshot  https://www.fbcgastonia.org/
[2026-04-24T15:30:28Z]   availability check failed: <urlopen error [Errno 8] nodename nor servname provided, or not known>
[2026-04-24T15:30:28Z]   CDX check failed: <urlopen error [Errno 8] nodename nor servname provided, or not known>
[2026-04-24T15:30:28Z] [832/1937] no-snapshot  https://www.wsoctv.com/news/local/first-baptist-church-gastonia-selects-first-black-senior-pastor/JEDEBCLV2NHFLLQCRX22HETRQY/
[2026-04-24T15:30:28Z]   availability check failed: <urlopen error [Errno 8] nodename nor servname provided, or not known>
[2026-04-24T15:30:28Z]   CDX check failed: <urlopen error [Errno 8] nodename nor servname provided, or not known>
[2026-04-24T15:30:28Z] [833/1937] no-snapshot  https://www.fbcevansville.org/
[2026-04-24T15:30:28Z]   availability check failed: <urlopen error [Errno 8] nodename nor servname provided, or not known>
[2026-04-24T15:30:28Z]   CDX check failed: <urlopen error [Errno 8] nodename nor servname provided, or not known>
[2026-04-24T15:30:28Z] [834/1937] no-snapshot  https://historicevansville.com/site.php?id=firstbaptist1
[2026-04-24T15:30:28Z]   availability check failed: <urlopen error [Errno 8] nodename nor servname provided, or not known>
[2026-04-24T15:30:28Z]   CDX check failed: <urlopen error [Errno 8] nodename nor servname provided, or not known>
[2026-04-24T15:30:28Z] [835/1937] no-snapshot  https://www.faithstreet.com/church/first-baptist-church-bozeman-mt
[2026-04-24T15:30:28Z]   availability check failed: <urlopen error [Errno 8] nodename nor servname provided, or not known>
[2026-04-24T15:30:28Z]   CDX check failed: <urlopen error [Errno 8] nodename nor servname provided, or not known>
[2026-04-24T15:30:28Z] [836/1937] no-snapshot  https://www.journeyboise.com/
[2026-04-24T15:30:28Z]   availability check failed: <urlopen error [Errno 8] nodename nor servname provided, or not known>
[2026-04-24T15:30:28Z]   CDX check failed: <urlopen error [Errno 8] nodename nor servname provided, or not known>
[2026-04-24T15:30:28Z] [837/1937] no-snapshot  https://www.journeyboise.com/beliefs-and-doctrine
[2026-04-24T15:30:28Z]   availability check failed: <urlopen error [Errno 8] nodename nor servname provided, or not known>
[2026-04-24T15:30:28Z]   CDX check failed: <urlopen error [Errno 8] nodename nor servname provided, or not known>
[2026-04-24T15:30:28Z] [838/1937] no-snapshot  https://www.faithstreet.com/church/boise-south-foursquare-church-boise-id
[2026-04-24T15:30:28Z]   availability check failed: <urlopen error [Errno 8] nodename nor servname provided, or not known>
[2026-04-24T15:30:28Z]   CDX check failed: <urlopen error [Errno 8] nodename nor servname provided, or not known>
[2026-04-24T15:30:28Z] [839/1937] no-snapshot  https://www.lovestorychurch.com/about
[2026-04-24T15:30:28Z]   availability check failed: <urlopen error [Errno 8] nodename nor servname provided, or not known>
[2026-04-24T15:30:28Z]   CDX check failed: <urlopen error [Errno 8] nodename nor servname provided, or not known>
[2026-04-24T15:30:28Z] [840/1937] no-snapshot  https://www.capitolhillbaptist.org
[2026-04-24T15:30:28Z]   checkpoint: {"fresh": 269, "older": 98, "saved": 0, "skip": 2, "fail": 0, "cached": 0, "no-snapshot": 471}
[2026-04-24T15:30:28Z]   availability check failed: <urlopen error [Errno 8] nodename nor servname provided, or not known>
[2026-04-24T15:30:28Z]   CDX check failed: <urlopen error [Errno 8] nodename nor servname provided, or not known>
[2026-04-24T15:30:28Z] [841/1937] no-snapshot  https://churchleaders.com/news/508964-newspring-church-voluntarily-leaves-sbc.html
[2026-04-24T15:30:28Z]   availability check failed: <urlopen error [Errno 8] nodename nor servname provided, or not known>
[2026-04-24T15:30:28Z]   CDX check failed: <urlopen error [Errno 8] nodename nor servname provided, or not known>
[2026-04-24T15:30:28Z] [842/1937] no-snapshot  https://newspring.cc/staff
[2026-04-24T15:30:28Z]   availability check failed: <urlopen error [Errno 8] nodename nor servname provided, or not known>
[2026-04-24T15:30:28Z]   CDX check failed: <urlopen error [Errno 8] nodename nor servname provided, or not known>
[2026-04-24T15:30:28Z] [843/1937] no-snapshot  https://ihcc.org
[2026-04-24T15:30:28Z]   availability check failed: <urlopen error [Errno 8] nodename nor servname provided, or not known>
[2026-04-24T15:30:28Z]   CDX check failed: <urlopen error [Errno 8] nodename nor servname provided, or not known>
[2026-04-24T15:30:28Z] [844/1937] no-snapshot  https://dispensationalpublishing.com/indian-hills-community-church-lincoln/
[2026-04-24T15:30:28Z]   availability check failed: <urlopen error [Errno 8] nodename nor servname provided, or not known>
[2026-04-24T15:30:28Z]   CDX check failed: <urlopen error [Errno 8] nodename nor servname provided, or not known>
[2026-04-24T15:30:28Z] [845/1937] no-snapshot  https://www.faithbiblelincoln.org
[2026-04-24T15:30:28Z]   availability check failed: <urlopen error [Errno 8] nodename nor servname provided, or not known>
[2026-04-24T15:30:28Z]   CDX check failed: <urlopen error [Errno 8] nodename nor servname provided, or not known>
[2026-04-24T15:30:28Z] [846/1937] no-snapshot  https://www.wchurch.tv
[2026-04-24T15:30:28Z]   availability check failed: <urlopen error [Errno 8] nodename nor servname provided, or not known>
[2026-04-24T15:30:28Z]   CDX check failed: <urlopen error [Errno 8] nodename nor servname provided, or not known>
[2026-04-24T15:30:28Z] [847/1937] no-snapshot  https://www.cedarvalley.org
[2026-04-24T15:30:28Z]   availability check failed: <urlopen error [Errno 8] nodename nor servname provided, or not known>
[2026-04-24T15:30:28Z]   CDX check failed: <urlopen error [Errno 8] nodename nor servname provided, or not known>
[2026-04-24T15:30:28Z] [848/1937] no-snapshot  https://www.parkviewchurch.org/about
[2026-04-24T15:30:28Z]   availability check failed: <urlopen error [Errno 8] nodename nor servname provided, or not known>
[2026-04-24T15:30:28Z]   CDX check failed: <urlopen error [Errno 8] nodename nor servname provided, or not known>
[2026-04-24T15:30:28Z] [849/1937] no-snapshot  https://whchurch.org
[2026-04-24T15:30:28Z]   availability check failed: <urlopen error [Errno 8] nodename nor servname provided, or not known>
[2026-04-24T15:30:28Z]   CDX check failed: <urlopen error [Errno 8] nodename nor servname provided, or not known>
[2026-04-24T15:30:28Z] [850/1937] no-snapshot  https://whchurch.org/about
[2026-04-24T15:30:28Z]   checkpoint: {"fresh": 269, "older": 98, "saved": 0, "skip": 2, "fail": 0, "cached": 0, "no-snapshot": 481}
[2026-04-24T15:30:28Z]   availability check failed: <urlopen error [Errno 8] nodename nor servname provided, or not known>
[2026-04-24T15:30:28Z]   CDX check failed: <urlopen error [Errno 8] nodename nor servname provided, or not known>
[2026-04-24T15:30:28Z] [851/1937] no-snapshot  https://whchurch.org/about/beliefs/
[2026-04-24T15:30:28Z]   availability check failed: <urlopen error [Errno 8] nodename nor servname provided, or not known>
[2026-04-24T15:30:28Z]   CDX check failed: <urlopen error [Errno 8] nodename nor servname provided, or not known>
[2026-04-24T15:30:28Z] [852/1937] no-snapshot  https://reknew.org/2012/10/homosexuality-and-the-church-finding-a-third-way/
[2026-04-24T15:30:28Z]   availability check failed: <urlopen error [Errno 8] nodename nor servname provided, or not known>
[2026-04-24T15:30:28Z]   CDX check failed: <urlopen error [Errno 8] nodename nor servname provided, or not known>
[2026-04-24T15:30:28Z] [853/1937] no-snapshot  https://en.wikipedia.org/wiki/Greg_Boyd_(theologian)
[2026-04-24T15:30:28Z]   availability check failed: <urlopen error [Errno 8] nodename nor servname provided, or not known>
[2026-04-24T15:30:28Z]   CDX check failed: <urlopen error [Errno 8] nodename nor servname provided, or not known>
[2026-04-24T15:30:28Z] [854/1937] no-snapshot  https://calvarychurch.us
[2026-04-24T15:30:28Z]   availability check failed: <urlopen error [Errno 8] nodename nor servname provided, or not known>
[2026-04-24T15:30:28Z]   CDX check failed: <urlopen error [Errno 8] nodename nor servname provided, or not known>
[2026-04-24T15:30:28Z] [855/1937] no-snapshot  https://converge.org/church/calvary-church-roseville/
[2026-04-24T15:30:28Z]   availability check failed: <urlopen error [Errno 8] nodename nor servname provided, or not known>
[2026-04-24T15:30:28Z]   CDX check failed: <urlopen error [Errno 8] nodename nor servname provided, or not known>
[2026-04-24T15:30:28Z] [856/1937] no-snapshot  https://eastbrook.org
[2026-04-24T15:30:28Z]   availability check failed: <urlopen error [Errno 8] nodename nor servname provided, or not known>
[2026-04-24T15:30:28Z]   CDX check failed: <urlopen error [Errno 8] nodename nor servname provided, or not known>
[2026-04-24T15:30:28Z] [857/1937] no-snapshot  https://www.linkedin.com/in/rtcarver/
[2026-04-24T15:30:28Z]   availability check failed: <urlopen error [Errno 8] nodename nor servname provided, or not known>
[2026-04-24T15:30:28Z]   CDX check failed: <urlopen error [Errno 8] nodename nor servname provided, or not known>
[2026-04-24T15:30:28Z] [858/1937] no-snapshot  https://blackhawk.church/beliefs
[2026-04-24T15:30:28Z]   availability check failed: <urlopen error [Errno 8] nodename nor servname provided, or not known>
[2026-04-24T15:30:28Z]   CDX check failed: <urlopen error [Errno 8] nodename nor servname provided, or not known>
[2026-04-24T15:30:28Z] [859/1937] no-snapshot  https://cbcneenah.org/beliefs
[2026-04-24T15:30:28Z]   availability check failed: <urlopen error [Errno 8] nodename nor servname provided, or not known>
[2026-04-24T15:30:28Z]   CDX check failed: <urlopen error [Errno 8] nodename nor servname provided, or not known>
[2026-04-24T15:30:28Z] [860/1937] no-snapshot  https://www.adabible.org/about
[2026-04-24T15:30:28Z]   checkpoint: {"fresh": 269, "older": 98, "saved": 0, "skip": 2, "fail": 0, "cached": 0, "no-snapshot": 491}
[2026-04-24T15:30:28Z]   availability check failed: <urlopen error [Errno 8] nodename nor servname provided, or not known>
[2026-04-24T15:30:28Z]   CDX check failed: <urlopen error [Errno 8] nodename nor servname provided, or not known>
[2026-04-24T15:30:28Z] [861/1937] no-snapshot  https://www.adabible.org/transition/
[2026-04-24T15:30:28Z]   availability check failed: <urlopen error [Errno 8] nodename nor servname provided, or not known>
[2026-04-24T15:30:28Z]   CDX check failed: <urlopen error [Errno 8] nodename nor servname provided, or not known>
[2026-04-24T15:30:28Z] [862/1937] no-snapshot  https://marshill.org/about
[2026-04-24T15:30:28Z]   availability check failed: <urlopen error [Errno 8] nodename nor servname provided, or not known>
[2026-04-24T15:30:28Z]   CDX check failed: <urlopen error [Errno 8] nodename nor servname provided, or not known>
[2026-04-24T15:30:28Z] [863/1937] no-snapshot  https://kensingtonchurch.org
[2026-04-24T15:30:28Z]   availability check failed: <urlopen error [Errno 8] nodename nor servname provided, or not known>
[2026-04-24T15:30:28Z]   CDX check failed: <urlopen error [Errno 8] nodename nor servname provided, or not known>
[2026-04-24T15:30:28Z] [864/1937] no-snapshot  https://kensingtonchurch.org/elders/
[2026-04-24T15:30:28Z]   availability check failed: <urlopen error [Errno 8] nodename nor servname provided, or not known>
[2026-04-24T15:30:28Z]   CDX check failed: <urlopen error [Errno 8] nodename nor servname provided, or not known>
[2026-04-24T15:30:28Z] [865/1937] no-snapshot  https://cornerstoneaz.com/about
[2026-04-24T15:30:28Z]   availability check failed: <urlopen error [Errno 8] nodename nor servname provided, or not known>
[2026-04-24T15:30:28Z]   CDX check failed: <urlopen error [Errno 8] nodename nor servname provided, or not known>
[2026-04-24T15:30:28Z] [866/1937] no-snapshot  https://gfc.org/about
[2026-04-24T15:30:28Z]   availability check failed: <urlopen error [Errno 8] nodename nor servname provided, or not known>
[2026-04-24T15:30:28Z]   CDX check failed: <urlopen error [Errno 8] nodename nor servname provided, or not known>
[2026-04-24T15:30:28Z] [867/1937] no-snapshot  https://www.crossroads.net
[2026-04-24T15:30:28Z]   availability check failed: <urlopen error [Errno 8] nodename nor servname provided, or not known>
[2026-04-24T15:30:28Z]   CDX check failed: <urlopen error [Errno 8] nodename nor servname provided, or not known>
[2026-04-24T15:30:28Z] [868/1937] no-snapshot  https://www.fox19.com/2026/02/28/crossroads-church-pastor-brian-tome-suspended-amid-investigation/
[2026-04-24T15:30:28Z]   availability check failed: <urlopen error [Errno 8] nodename nor servname provided, or not known>
[2026-04-24T15:30:28Z]   CDX check failed: <urlopen error [Errno 8] nodename nor servname provided, or not known>
[2026-04-24T15:30:28Z] [869/1937] no-snapshot  https://www.fox19.com/2026/04/09/crossroads-church-founder-senior-pastor-extended-leave-after-inappropriate-physical-humor/
[2026-04-24T15:30:28Z]   availability check failed: <urlopen error [Errno 8] nodename nor servname provided, or not known>
[2026-04-24T15:30:28Z]   CDX check failed: <urlopen error [Errno 8] nodename nor servname provided, or not known>
[2026-04-24T15:30:28Z] [870/1937] no-snapshot  https://roysreport.com/crossroads-church-investigating-pastor-brian-tome-over-2015-humor/
[2026-04-24T15:30:28Z]   checkpoint: {"fresh": 269, "older": 98, "saved": 0, "skip": 2, "fail": 0, "cached": 0, "no-snapshot": 501}
[2026-04-24T15:30:28Z]   availability check failed: <urlopen error [Errno 8] nodename nor servname provided, or not known>
[2026-04-24T15:30:28Z]   CDX check failed: <urlopen error [Errno 8] nodename nor servname provided, or not known>
[2026-04-24T15:30:28Z] [871/1937] no-snapshot  https://www.gracegathering.com
[2026-04-24T15:30:28Z]   availability check failed: <urlopen error [Errno 8] nodename nor servname provided, or not known>
[2026-04-24T15:30:28Z]   CDX check failed: <urlopen error [Errno 8] nodename nor servname provided, or not known>
[2026-04-24T15:30:28Z] [872/1937] no-snapshot  https://www.gracegathering.com/about
[2026-04-24T15:30:28Z]   availability check failed: <urlopen error [Errno 8] nodename nor servname provided, or not known>
[2026-04-24T15:30:28Z]   CDX check failed: <urlopen error [Errno 8] nodename nor servname provided, or not known>
[2026-04-24T15:30:28Z] [873/1937] no-snapshot  https://www.moodychurch.org/what-we-believe/
[2026-04-24T15:30:28Z]   availability check failed: <urlopen error [Errno 8] nodename nor servname provided, or not known>
[2026-04-24T15:30:28Z]   CDX check failed: <urlopen error [Errno 8] nodename nor servname provided, or not known>
[2026-04-24T15:30:28Z] [874/1937] no-snapshot  https://www.wheatonbible.org
[2026-04-24T15:30:28Z]   availability check failed: <urlopen error [Errno 8] nodename nor servname provided, or not known>
[2026-04-24T15:30:28Z]   CDX check failed: <urlopen error [Errno 8] nodename nor servname provided, or not known>
[2026-04-24T15:30:28Z] [875/1937] no-snapshot  https://www.wheatonbible.org/about
[2026-04-24T15:30:29Z]   availability check failed: <urlopen error [Errno 8] nodename nor servname provided, or not known>
[2026-04-24T15:30:29Z]   CDX check failed: <urlopen error [Errno 8] nodename nor servname provided, or not known>
[2026-04-24T15:30:29Z] [876/1937] no-snapshot  https://calvarycsd.org
[2026-04-24T15:30:29Z]   availability check failed: <urlopen error [Errno 8] nodename nor servname provided, or not known>
[2026-04-24T15:30:29Z]   CDX check failed: <urlopen error [Errno 8] nodename nor servname provided, or not known>
[2026-04-24T15:30:29Z] [877/1937] no-snapshot  https://north.newlifechurch.org/about
[2026-04-24T15:30:29Z]   availability check failed: <urlopen error [Errno 8] nodename nor servname provided, or not known>
[2026-04-24T15:30:29Z]   CDX check failed: <urlopen error [Errno 8] nodename nor servname provided, or not known>
[2026-04-24T15:30:29Z] [878/1937] no-snapshot  https://north.newlifechurch.org/leadership
[2026-04-24T15:30:29Z]   availability check failed: <urlopen error [Errno 8] nodename nor servname provided, or not known>
[2026-04-24T15:30:29Z]   CDX check failed: <urlopen error [Errno 8] nodename nor servname provided, or not known>
[2026-04-24T15:30:29Z] [879/1937] no-snapshot  https://www.firstbaptist-cs.org/about
[2026-04-24T15:30:29Z]   availability check failed: <urlopen error [Errno 8] nodename nor servname provided, or not known>
[2026-04-24T15:30:29Z]   CDX check failed: <urlopen error [Errno 8] nodename nor servname provided, or not known>
[2026-04-24T15:30:29Z] [880/1937] no-snapshot  http://www.firstbaptist-cs.org/staff.html
[2026-04-24T15:30:29Z]   checkpoint: {"fresh": 269, "older": 98, "saved": 0, "skip": 2, "fail": 0, "cached": 0, "no-snapshot": 511}
[2026-04-24T15:30:29Z]   availability check failed: <urlopen error [Errno 8] nodename nor servname provided, or not known>
[2026-04-24T15:30:29Z]   CDX check failed: <urlopen error [Errno 8] nodename nor servname provided, or not known>
[2026-04-24T15:30:29Z] [881/1937] no-snapshot  https://www.smccutah.org
[2026-04-24T15:30:29Z]   availability check failed: <urlopen error [Errno 8] nodename nor servname provided, or not known>
[2026-04-24T15:30:29Z]   CDX check failed: <urlopen error [Errno 8] nodename nor servname provided, or not known>
[2026-04-24T15:30:29Z] [882/1937] no-snapshot  https://www.fbcblgsmt.com
[2026-04-24T15:30:29Z]   availability check failed: <urlopen error [Errno 8] nodename nor servname provided, or not known>
[2026-04-24T15:30:29Z]   CDX check failed: <urlopen error [Errno 8] nodename nor servname provided, or not known>
[2026-04-24T15:30:29Z] [883/1937] no-snapshot  https://www.fbcblgsmt.com/about
[2026-04-24T15:30:29Z]   availability check failed: <urlopen error [Errno 8] nodename nor servname provided, or not known>
[2026-04-24T15:30:29Z]   CDX check failed: <urlopen error [Errno 8] nodename nor servname provided, or not known>
[2026-04-24T15:30:29Z] [884/1937] no-snapshot  https://www.fbcblgsmt.com/staff
[2026-04-24T15:30:29Z]   availability check failed: <urlopen error [Errno 8] nodename nor servname provided, or not known>
[2026-04-24T15:30:29Z]   CDX check failed: <urlopen error [Errno 8] nodename nor servname provided, or not known>
[2026-04-24T15:30:29Z] [885/1937] no-snapshot  https://www.villagebeaverton.com
[2026-04-24T15:30:29Z]   availability check failed: <urlopen error [Errno 8] nodename nor servname provided, or not known>
[2026-04-24T15:30:29Z]   CDX check failed: <urlopen error [Errno 8] nodename nor servname provided, or not known>
[2026-04-24T15:30:29Z] [886/1937] no-snapshot  https://www.villagebeaverton.com/introducingvillage/
[2026-04-24T15:30:29Z]   availability check failed: <urlopen error [Errno 8] nodename nor servname provided, or not known>
[2026-04-24T15:30:29Z]   CDX check failed: <urlopen error [Errno 8] nodename nor servname provided, or not known>
[2026-04-24T15:30:29Z] [887/1937] no-snapshot  https://www.hinsonchurch.org
[2026-04-24T15:30:29Z]   availability check failed: <urlopen error [Errno 8] nodename nor servname provided, or not known>
[2026-04-24T15:30:29Z]   CDX check failed: <urlopen error [Errno 8] nodename nor servname provided, or not known>
[2026-04-24T15:30:29Z] [888/1937] no-snapshot  https://www.9marks.org/by-author/michael-lawrence/
[2026-04-24T15:30:29Z]   availability check failed: <urlopen error [Errno 8] nodename nor servname provided, or not known>
[2026-04-24T15:30:29Z]   CDX check failed: <urlopen error [Errno 8] nodename nor servname provided, or not known>
[2026-04-24T15:30:29Z] [889/1937] no-snapshot  https://www.creeksidebiblechurch.com/about
[2026-04-24T15:30:29Z]   availability check failed: <urlopen error [Errno 8] nodename nor servname provided, or not known>
[2026-04-24T15:30:29Z]   CDX check failed: <urlopen error [Errno 8] nodename nor servname provided, or not known>
[2026-04-24T15:30:29Z] [890/1937] no-snapshot  https://tcbs.org/person/dr-clifford-b-mcmanis/
[2026-04-24T15:30:29Z]   checkpoint: {"fresh": 269, "older": 98, "saved": 0, "skip": 2, "fail": 0, "cached": 0, "no-snapshot": 521}
[2026-04-24T15:30:29Z]   availability check failed: <urlopen error [Errno 8] nodename nor servname provided, or not known>
[2026-04-24T15:30:29Z]   CDX check failed: <urlopen error [Errno 8] nodename nor servname provided, or not known>
[2026-04-24T15:30:29Z] [891/1937] no-snapshot  https://www.scottsdalebible.com/about
[2026-04-24T15:30:29Z]   availability check failed: <urlopen error [Errno 8] nodename nor servname provided, or not known>
[2026-04-24T15:30:29Z]   CDX check failed: <urlopen error [Errno 8] nodename nor servname provided, or not known>
[2026-04-24T15:30:29Z] [892/1937] no-snapshot  https://www.scottsdalebible.com/leadership
[2026-04-24T15:30:29Z]   availability check failed: <urlopen error [Errno 8] nodename nor servname provided, or not known>
[2026-04-24T15:30:29Z]   CDX check failed: <urlopen error [Errno 8] nodename nor servname provided, or not known>
[2026-04-24T15:30:29Z] [893/1937] no-snapshot  https://nphx.church/about
[2026-04-24T15:30:29Z]   availability check failed: <urlopen error [Errno 8] nodename nor servname provided, or not known>
[2026-04-24T15:30:29Z]   CDX check failed: <urlopen error [Errno 8] nodename nor servname provided, or not known>
[2026-04-24T15:30:29Z] [894/1937] no-snapshot  https://fbcabq.org
[2026-04-24T15:30:29Z]   availability check failed: <urlopen error [Errno 8] nodename nor servname provided, or not known>
[2026-04-24T15:30:29Z]   CDX check failed: <urlopen error [Errno 8] nodename nor servname provided, or not known>
[2026-04-24T15:30:29Z] [895/1937] no-snapshot  https://calvarynm.church/about
[2026-04-24T15:30:29Z]   availability check failed: <urlopen error [Errno 8] nodename nor servname provided, or not known>
[2026-04-24T15:30:29Z]   CDX check failed: <urlopen error [Errno 8] nodename nor servname provided, or not known>
[2026-04-24T15:30:29Z] [896/1937] no-snapshot  https://fbclascruces.com
[2026-04-24T15:30:29Z]   availability check failed: <urlopen error [Errno 8] nodename nor servname provided, or not known>
[2026-04-24T15:30:29Z]   CDX check failed: <urlopen error [Errno 8] nodename nor servname provided, or not known>
[2026-04-24T15:30:29Z] [897/1937] no-snapshot  https://www.graceaz.com
[2026-04-24T15:30:29Z]   availability check failed: <urlopen error [Errno 8] nodename nor servname provided, or not known>
[2026-04-24T15:30:29Z]   CDX check failed: <urlopen error [Errno 8] nodename nor servname provided, or not known>
[2026-04-24T15:30:29Z] [898/1937] no-snapshot  https://www.redemptionhill.org/about
[2026-04-24T15:30:29Z]   availability check failed: <urlopen error [Errno 8] nodename nor servname provided, or not known>
[2026-04-24T15:30:29Z]   CDX check failed: <urlopen error [Errno 8] nodename nor servname provided, or not known>
[2026-04-24T15:30:29Z] [899/1937] no-snapshot  https://www.southshorebaptist.com
[2026-04-24T15:30:29Z]   availability check failed: <urlopen error [Errno 8] nodename nor servname provided, or not known>
[2026-04-24T15:30:29Z]   CDX check failed: <urlopen error [Errno 8] nodename nor servname provided, or not known>
[2026-04-24T15:30:29Z] [900/1937] no-snapshot  https://www.centralchurch.com
[2026-04-24T15:30:29Z]   checkpoint: {"fresh": 269, "older": 98, "saved": 0, "skip": 2, "fail": 0, "cached": 0, "no-snapshot": 531}
[2026-04-24T15:30:29Z]   availability check failed: <urlopen error [Errno 8] nodename nor servname provided, or not known>
[2026-04-24T15:30:29Z]   CDX check failed: <urlopen error [Errno 8] nodename nor servname provided, or not known>
[2026-04-24T15:30:29Z] [901/1937] no-snapshot  https://www.fhbc.org/
[2026-04-24T15:30:29Z]   availability check failed: <urlopen error [Errno 8] nodename nor servname provided, or not known>
[2026-04-24T15:30:29Z]   CDX check failed: <urlopen error [Errno 8] nodename nor servname provided, or not known>
[2026-04-24T15:30:29Z] [902/1937] no-snapshot  https://nashvillebaptists.com/church/forest-hills-baptist-church/
[2026-04-24T15:30:29Z]   availability check failed: <urlopen error [Errno 8] nodename nor servname provided, or not known>
[2026-04-24T15:30:29Z]   CDX check failed: <urlopen error [Errno 8] nodename nor servname provided, or not known>
[2026-04-24T15:30:29Z] [903/1937] no-snapshot  https://gbctaylors.org
[2026-04-24T15:30:29Z]   availability check failed: <urlopen error [Errno 8] nodename nor servname provided, or not known>
[2026-04-24T15:30:29Z]   CDX check failed: <urlopen error [Errno 8] nodename nor servname provided, or not known>
[2026-04-24T15:30:29Z] [904/1937] no-snapshot  https://www.pray.org
[2026-04-24T15:30:29Z]   availability check failed: <urlopen error [Errno 8] nodename nor servname provided, or not known>
[2026-04-24T15:30:29Z]   CDX check failed: <urlopen error [Errno 8] nodename nor servname provided, or not known>
[2026-04-24T15:30:29Z] [905/1937] no-snapshot  https://www.ecfa.org/MemberProfile.aspx?ID=12010
[2026-04-24T15:30:29Z]   availability check failed: <urlopen error [Errno 8] nodename nor servname provided, or not known>
[2026-04-24T15:30:29Z]   CDX check failed: <urlopen error [Errno 8] nodename nor servname provided, or not known>
[2026-04-24T15:30:29Z] [906/1937] no-snapshot  https://www.linkedin.com/in/brian-frost-07b5056/
[2026-04-24T15:30:29Z]   availability check failed: <urlopen error [Errno 8] nodename nor servname provided, or not known>
[2026-04-24T15:30:29Z]   CDX check failed: <urlopen error [Errno 8] nodename nor servname provided, or not known>
[2026-04-24T15:30:29Z] [907/1937] no-snapshot  https://www.colonial.org
[2026-04-24T15:30:29Z]   availability check failed: <urlopen error [Errno 8] nodename nor servname provided, or not known>
[2026-04-24T15:30:29Z]   CDX check failed: <urlopen error [Errno 8] nodename nor servname provided, or not known>
[2026-04-24T15:30:29Z] [908/1937] no-snapshot  https://shepherds.org/
[2026-04-24T15:30:29Z]   availability check failed: <urlopen error [Errno 8] nodename nor servname provided, or not known>
[2026-04-24T15:30:29Z]   CDX check failed: <urlopen error [Errno 8] nodename nor servname provided, or not known>
[2026-04-24T15:30:29Z] [909/1937] no-snapshot  https://www.mountpisgah.org/
[2026-04-24T15:30:29Z]   availability check failed: <urlopen error [Errno 8] nodename nor servname provided, or not known>
[2026-04-24T15:30:29Z]   CDX check failed: <urlopen error [Errno 8] nodename nor servname provided, or not known>
[2026-04-24T15:30:29Z] [910/1937] no-snapshot  https://www.umdata.org/church?church=201807
[2026-04-24T15:30:29Z]   checkpoint: {"fresh": 269, "older": 98, "saved": 0, "skip": 2, "fail": 0, "cached": 0, "no-snapshot": 541}
[2026-04-24T15:30:29Z]   availability check failed: <urlopen error [Errno 8] nodename nor servname provided, or not known>
[2026-04-24T15:30:29Z]   CDX check failed: <urlopen error [Errno 8] nodename nor servname provided, or not known>
[2026-04-24T15:30:29Z] [911/1937] no-snapshot  https://archives.libraries.emory.edu/repositories/2/resources/4556
[2026-04-24T15:30:29Z]   availability check failed: <urlopen error [Errno 8] nodename nor servname provided, or not known>
[2026-04-24T15:30:29Z]   CDX check failed: <urlopen error [Errno 8] nodename nor servname provided, or not known>
[2026-04-24T15:30:29Z] [912/1937] no-snapshot  https://www.whfbc.org/
[2026-04-24T15:30:29Z]   availability check failed: <urlopen error [Errno 8] nodename nor servname provided, or not known>
[2026-04-24T15:30:29Z]   CDX check failed: <urlopen error [Errno 8] nodename nor servname provided, or not known>
[2026-04-24T15:30:29Z] [913/1937] no-snapshot  https://www.firstbaptistarcadia.com
[2026-04-24T15:30:29Z]   availability check failed: <urlopen error [Errno 8] nodename nor servname provided, or not known>
[2026-04-24T15:30:29Z]   CDX check failed: <urlopen error [Errno 8] nodename nor servname provided, or not known>
[2026-04-24T15:30:29Z] [914/1937] no-snapshot  https://www.peaceriverba.com/templates/mobile/default.asp?id=20543&PID=33780
[2026-04-24T15:30:29Z]   availability check failed: <urlopen error [Errno 8] nodename nor servname provided, or not known>
[2026-04-24T15:30:29Z]   CDX check failed: <urlopen error [Errno 8] nodename nor servname provided, or not known>
[2026-04-24T15:30:29Z] [915/1937] no-snapshot  https://www.firstbaptistchurchenglewood.org
[2026-04-24T15:30:29Z]   availability check failed: <urlopen error [Errno 8] nodename nor servname provided, or not known>
[2026-04-24T15:30:29Z]   CDX check failed: <urlopen error [Errno 8] nodename nor servname provided, or not known>
[2026-04-24T15:30:29Z] [916/1937] no-snapshot  https://www.fbcnpr.com/
[2026-04-24T15:30:29Z]   availability check failed: <urlopen error [Errno 8] nodename nor servname provided, or not known>
[2026-04-24T15:30:29Z]   CDX check failed: <urlopen error [Errno 8] nodename nor servname provided, or not known>
[2026-04-24T15:30:29Z] [917/1937] no-snapshot  https://churches.sbc.net/
[2026-04-24T15:30:29Z]   availability check failed: <urlopen error [Errno 8] nodename nor servname provided, or not known>
[2026-04-24T15:30:29Z]   CDX check failed: <urlopen error [Errno 8] nodename nor servname provided, or not known>
[2026-04-24T15:30:29Z] [918/1937] no-snapshot  https://www.newcityfellowship.com
[2026-04-24T15:30:29Z]   availability check failed: <urlopen error [Errno 8] nodename nor servname provided, or not known>
[2026-04-24T15:30:29Z]   CDX check failed: <urlopen error [Errno 8] nodename nor servname provided, or not known>
[2026-04-24T15:30:29Z] [919/1937] no-snapshot  https://www.vouschurch.com/
[2026-04-24T15:30:29Z]   availability check failed: <urlopen error [Errno 8] nodename nor servname provided, or not known>
[2026-04-24T15:30:29Z]   CDX check failed: <urlopen error [Errno 8] nodename nor servname provided, or not known>
[2026-04-24T15:30:29Z] [920/1937] no-snapshot  https://en.wikipedia.org/wiki/Rich_Wilkerson_Jr.
[2026-04-24T15:30:29Z]   checkpoint: {"fresh": 269, "older": 98, "saved": 0, "skip": 2, "fail": 0, "cached": 0, "no-snapshot": 551}
[2026-04-24T15:30:29Z]   availability check failed: <urlopen error [Errno 8] nodename nor servname provided, or not known>
[2026-04-24T15:30:29Z]   CDX check failed: <urlopen error [Errno 8] nodename nor servname provided, or not known>
[2026-04-24T15:30:29Z] [921/1937] no-snapshot  https://www.churchclarity.org/updates/church-clarity-profile-vous-church
[2026-04-24T15:30:29Z]   availability check failed: <urlopen error [Errno 8] nodename nor servname provided, or not known>
[2026-04-24T15:30:29Z]   CDX check failed: <urlopen error [Errno 8] nodename nor servname provided, or not known>
[2026-04-24T15:30:29Z] [922/1937] no-snapshot  https://www.truenorthalaska.com/legacy
[2026-04-24T15:30:29Z]   availability check failed: <urlopen error [Errno 8] nodename nor servname provided, or not known>
[2026-04-24T15:30:29Z]   CDX check failed: <urlopen error [Errno 8] nodename nor servname provided, or not known>
[2026-04-24T15:30:29Z] [923/1937] no-snapshot  https://www.baptistpress.com/resource-library/news/alaska-church-with-prosperous-past-seeks-to-reach-thousands/
[2026-04-24T15:30:29Z]   availability check failed: <urlopen error [Errno 8] nodename nor servname provided, or not known>
[2026-04-24T15:30:29Z]   CDX check failed: <urlopen error [Errno 8] nodename nor servname provided, or not known>
[2026-04-24T15:30:29Z] [924/1937] no-snapshot  http://allsaintsalaska.org/
[2026-04-24T15:30:29Z]   availability check failed: <urlopen error [Errno 8] nodename nor servname provided, or not known>
[2026-04-24T15:30:29Z]   CDX check failed: <urlopen error [Errno 8] nodename nor servname provided, or not known>
[2026-04-24T15:30:29Z] [925/1937] no-snapshot  https://www.episcopalassetmap.org/dioceses/diocese-alaska/list/all-saints-episcopal-church
[2026-04-24T15:30:29Z]   availability check failed: <urlopen error [Errno 8] nodename nor servname provided, or not known>
[2026-04-24T15:30:29Z]   CDX check failed: <urlopen error [Errno 8] nodename nor servname provided, or not known>
[2026-04-24T15:30:29Z] [926/1937] no-snapshot  https://locator.lcms.org/church/C/464679
[2026-04-24T15:30:29Z]   availability check failed: <urlopen error [Errno 8] nodename nor servname provided, or not known>
[2026-04-24T15:30:29Z]   CDX check failed: <urlopen error [Errno 8] nodename nor servname provided, or not known>
[2026-04-24T15:30:29Z] [927/1937] no-snapshot  https://www.faithlutheranjuneau.org/
[2026-04-24T15:30:29Z]   availability check failed: <urlopen error [Errno 8] nodename nor servname provided, or not known>
[2026-04-24T15:30:29Z]   CDX check failed: <urlopen error [Errno 8] nodename nor servname provided, or not known>
[2026-04-24T15:30:29Z] [928/1937] no-snapshot  http://www.epcnewark.org/
[2026-04-24T15:30:29Z]   availability check failed: <urlopen error [Errno 8] nodename nor servname provided, or not known>
[2026-04-24T15:30:29Z]   CDX check failed: <urlopen error [Errno 8] nodename nor servname provided, or not known>
[2026-04-24T15:30:29Z] [929/1937] no-snapshot  https://www.faithstreet.com/church/evangelical-presbyterian-church-of-newark-newark-de
[2026-04-24T15:30:29Z]   availability check failed: <urlopen error [Errno 8] nodename nor servname provided, or not known>
[2026-04-24T15:30:29Z]   CDX check failed: <urlopen error [Errno 8] nodename nor servname provided, or not known>
[2026-04-24T15:30:29Z] [930/1937] no-snapshot  https://www.csbcbangor.org/
[2026-04-24T15:30:29Z]   checkpoint: {"fresh": 269, "older": 98, "saved": 0, "skip": 2, "fail": 0, "cached": 0, "no-snapshot": 561}
[2026-04-24T15:30:29Z]   availability check failed: <urlopen error [Errno 8] nodename nor servname provided, or not known>
[2026-04-24T15:30:29Z]   CDX check failed: <urlopen error [Errno 8] nodename nor servname provided, or not known>
[2026-04-24T15:30:29Z] [931/1937] no-snapshot  https://www.faithstreet.com/church/columbia-street-baptist-church-bangor-me-1
[2026-04-24T15:30:29Z]   availability check failed: <urlopen error [Errno 8] nodename nor servname provided, or not known>
[2026-04-24T15:30:29Z]   CDX check failed: <urlopen error [Errno 8] nodename nor servname provided, or not known>
[2026-04-24T15:30:29Z] [932/1937] no-snapshot  https://www.faithstreet.com/church/prince-of-peace-lutheran-church-augusta-me
[2026-04-24T15:30:29Z]   availability check failed: <urlopen error [Errno 8] nodename nor servname provided, or not known>
[2026-04-24T15:30:29Z]   CDX check failed: <urlopen error [Errno 8] nodename nor servname provided, or not known>
[2026-04-24T15:30:29Z] [933/1937] no-snapshot  https://www.emmanuellutheranepiscopal.org/about-us
[2026-04-24T15:30:29Z]   availability check failed: <urlopen error [Errno 8] nodename nor servname provided, or not known>
[2026-04-24T15:30:29Z]   CDX check failed: <urlopen error [Errno 8] nodename nor servname provided, or not known>
[2026-04-24T15:30:29Z] [934/1937] no-snapshot  https://www.fbcmanchester.org/
[2026-04-24T15:30:29Z]   availability check failed: <urlopen error [Errno 8] nodename nor servname provided, or not known>
[2026-04-24T15:30:29Z]   CDX check failed: <urlopen error [Errno 8] nodename nor servname provided, or not known>
[2026-04-24T15:30:29Z] [935/1937] no-snapshot  https://www.faithstreet.com/church/first-baptist-church-manchester-nh
[2026-04-24T15:30:29Z]   availability check failed: <urlopen error [Errno 8] nodename nor servname provided, or not known>
[2026-04-24T15:30:29Z]   CDX check failed: <urlopen error [Errno 8] nodename nor servname provided, or not known>
[2026-04-24T15:30:29Z] [936/1937] no-snapshot  https://fbcnashua.org/
[2026-04-24T15:30:29Z]   availability check failed: <urlopen error [Errno 8] nodename nor servname provided, or not known>
[2026-04-24T15:30:29Z]   CDX check failed: <urlopen error [Errno 8] nodename nor servname provided, or not known>
[2026-04-24T15:30:29Z] [937/1937] no-snapshot  https://www.faithstreet.com/church/first-baptist-church-nashua-nh
[2026-04-24T15:30:29Z]   availability check failed: <urlopen error [Errno 8] nodename nor servname provided, or not known>
[2026-04-24T15:30:29Z]   CDX check failed: <urlopen error [Errno 8] nodename nor servname provided, or not known>
[2026-04-24T15:30:29Z] [938/1937] no-snapshot  https://www.cccbis.com/
[2026-04-24T15:30:29Z]   availability check failed: <urlopen error [Errno 8] nodename nor servname provided, or not known>
[2026-04-24T15:30:29Z]   CDX check failed: <urlopen error [Errno 8] nodename nor servname provided, or not known>
[2026-04-24T15:30:29Z] [939/1937] no-snapshot  https://cccbis.com/Pastor-Keith.htm
[2026-04-24T15:30:29Z]   availability check failed: <urlopen error [Errno 8] nodename nor servname provided, or not known>
[2026-04-24T15:30:29Z]   CDX check failed: <urlopen error [Errno 8] nodename nor servname provided, or not known>
[2026-04-24T15:30:29Z] [940/1937] no-snapshot  https://www.firstbaptistchurchinamerica.org/about-us/
[2026-04-24T15:30:29Z]   checkpoint: {"fresh": 269, "older": 98, "saved": 0, "skip": 2, "fail": 0, "cached": 0, "no-snapshot": 571}
[2026-04-24T15:30:29Z]   availability check failed: <urlopen error [Errno 8] nodename nor servname provided, or not known>
[2026-04-24T15:30:29Z]   CDX check failed: <urlopen error [Errno 8] nodename nor servname provided, or not known>
[2026-04-24T15:30:29Z] [941/1937] no-snapshot  https://www.abc-usa.org/2012/03/first-baptist-church-in-america-providence-ri/
[2026-04-24T15:30:29Z]   availability check failed: <urlopen error [Errno 8] nodename nor servname provided, or not known>
[2026-04-24T15:30:29Z]   CDX check failed: <urlopen error [Errno 8] nodename nor servname provided, or not known>
[2026-04-24T15:30:29Z] [942/1937] no-snapshot  https://en.wikipedia.org/wiki/First_Baptist_Church_(Burlington,_Vermont)
[2026-04-24T15:30:29Z]   availability check failed: <urlopen error [Errno 8] nodename nor servname provided, or not known>
[2026-04-24T15:30:29Z]   CDX check failed: <urlopen error [Errno 8] nodename nor servname provided, or not known>
[2026-04-24T15:30:29Z] [943/1937] no-snapshot  https://www.bethanychurchvt.org/
[2026-04-24T15:30:29Z]   availability check failed: <urlopen error [Errno 8] nodename nor servname provided, or not known>
[2026-04-24T15:30:29Z]   CDX check failed: <urlopen error [Errno 8] nodename nor servname provided, or not known>
[2026-04-24T15:30:29Z] [944/1937] no-snapshot  https://www.ucc.org/church/bethany-church-ucc/
[2026-04-24T15:30:29Z]   availability check failed: <urlopen error [Errno 8] nodename nor servname provided, or not known>
[2026-04-24T15:30:29Z]   CDX check failed: <urlopen error [Errno 8] nodename nor servname provided, or not known>
[2026-04-24T15:30:29Z] [945/1937] no-snapshot  https://www.bethanychurchvt.org/about-reverend-amy
[2026-04-24T15:30:29Z]   availability check failed: <urlopen error [Errno 8] nodename nor servname provided, or not known>
[2026-04-24T15:30:29Z]   CDX check failed: <urlopen error [Errno 8] nodename nor servname provided, or not known>
[2026-04-24T15:30:29Z] [946/1937] no-snapshot  https://www.faithstreet.com/church/first-baptist-church-casper-wy
[2026-04-24T15:30:29Z]   availability check failed: <urlopen error [Errno 8] nodename nor servname provided, or not known>
[2026-04-24T15:30:29Z]   CDX check failed: <urlopen error [Errno 8] nodename nor servname provided, or not known>
[2026-04-24T15:30:29Z] [947/1937] no-snapshot  https://s3.amazonaws.com/media.cloversites.com/3e/3e3dc578-7e58-4f9d-9c52-25a7cf61e85d/documents/First_Focus_Sept_2019.pdf
[2026-04-24T15:30:29Z]   availability check failed: <urlopen error [Errno 8] nodename nor servname provided, or not known>
[2026-04-24T15:30:29Z]   CDX check failed: <urlopen error [Errno 8] nodename nor servname provided, or not known>
[2026-04-24T15:30:29Z] [948/1937] no-snapshot  https://www.highlandsofcheyenne.com/
[2026-04-24T15:30:29Z]   availability check failed: <urlopen error [Errno 8] nodename nor servname provided, or not known>
[2026-04-24T15:30:29Z]   CDX check failed: <urlopen error [Errno 8] nodename nor servname provided, or not known>
[2026-04-24T15:30:29Z] [949/1937] no-snapshot  https://pcusa.org/congregation/highlands-church-cheyenne-wy
[2026-04-24T15:30:29Z]   availability check failed: <urlopen error [Errno 8] nodename nor servname provided, or not known>
[2026-04-24T15:30:29Z]   CDX check failed: <urlopen error [Errno 8] nodename nor servname provided, or not known>
[2026-04-24T15:30:29Z] [950/1937] no-snapshot  https://mlp.org/more-light-churches-and-campus-groups/name/highlands-united-presbyterian-church/
[2026-04-24T15:30:29Z]   checkpoint: {"fresh": 269, "older": 98, "saved": 0, "skip": 2, "fail": 0, "cached": 0, "no-snapshot": 581}
[2026-04-24T15:30:29Z]   availability check failed: <urlopen error [Errno 8] nodename nor servname provided, or not known>
[2026-04-24T15:30:29Z]   CDX check failed: <urlopen error [Errno 8] nodename nor servname provided, or not known>
[2026-04-24T15:30:29Z] [951/1937] no-snapshot  https://www.faithstreet.com/church/highlands-presbyterian-church-cheyenne-wy
[2026-04-24T15:30:29Z]   availability check failed: <urlopen error [Errno 8] nodename nor servname provided, or not known>
[2026-04-24T15:30:29Z]   CDX check failed: <urlopen error [Errno 8] nodename nor servname provided, or not known>
[2026-04-24T15:30:29Z] [952/1937] no-snapshot  https://pcjh.org/
[2026-04-24T15:30:29Z]   availability check failed: <urlopen error [Errno 8] nodename nor servname provided, or not known>
[2026-04-24T15:30:29Z]   CDX check failed: <urlopen error [Errno 8] nodename nor servname provided, or not known>
[2026-04-24T15:30:29Z] [953/1937] no-snapshot  https://pcusa.org/congregation/church-jackson-hole-church-jackson-hole-wy
[2026-04-24T15:30:29Z]   availability check failed: <urlopen error [Errno 8] nodename nor servname provided, or not known>
[2026-04-24T15:30:29Z]   CDX check failed: <urlopen error [Errno 8] nodename nor servname provided, or not known>
[2026-04-24T15:30:29Z] [954/1937] no-snapshot  https://www.gillette.thecalvary.org/
[2026-04-24T15:30:29Z]   availability check failed: <urlopen error [Errno 8] nodename nor servname provided, or not known>
[2026-04-24T15:30:29Z]   CDX check failed: <urlopen error [Errno 8] nodename nor servname provided, or not known>
[2026-04-24T15:30:29Z] [955/1937] no-snapshot  https://www.gillette.thecalvary.org/our-beliefs
[2026-04-24T15:30:29Z]   availability check failed: <urlopen error [Errno 8] nodename nor servname provided, or not known>
[2026-04-24T15:30:29Z]   CDX check failed: <urlopen error [Errno 8] nodename nor servname provided, or not known>
[2026-04-24T15:30:29Z] [956/1937] no-snapshot  https://wyomingsbc.org/church_directory/calvary-church-gillette/
[2026-04-24T15:30:29Z]   availability check failed: <urlopen error [Errno 8] nodename nor servname provided, or not known>
[2026-04-24T15:30:29Z]   CDX check failed: <urlopen error [Errno 8] nodename nor servname provided, or not known>
[2026-04-24T15:30:29Z] [957/1937] no-snapshot  https://www.sheridanbible.org/
[2026-04-24T15:30:29Z]   availability check failed: <urlopen error [Errno 8] nodename nor servname provided, or not known>
[2026-04-24T15:30:30Z]   CDX check failed: <urlopen error [Errno 8] nodename nor servname provided, or not known>
[2026-04-24T15:30:30Z] [958/1937] no-snapshot  https://www.sheridanbible.org/leadership
[2026-04-24T15:30:30Z]   availability check failed: <urlopen error [Errno 8] nodename nor servname provided, or not known>
[2026-04-24T15:30:30Z]   CDX check failed: <urlopen error [Errno 8] nodename nor servname provided, or not known>
[2026-04-24T15:30:30Z] [959/1937] no-snapshot  https://abcconn.org/church-directory/
[2026-04-24T15:30:30Z]   availability check failed: <urlopen error [Errno 8] nodename nor servname provided, or not known>
[2026-04-24T15:30:30Z]   CDX check failed: <urlopen error [Errno 8] nodename nor servname provided, or not known>
[2026-04-24T15:30:30Z] [960/1937] no-snapshot  https://www.fairfieldgrace.org/
[2026-04-24T15:30:30Z]   checkpoint: {"fresh": 269, "older": 98, "saved": 0, "skip": 2, "fail": 0, "cached": 0, "no-snapshot": 591}
[2026-04-24T15:30:30Z]   availability check failed: <urlopen error [Errno 8] nodename nor servname provided, or not known>
[2026-04-24T15:30:30Z]   CDX check failed: <urlopen error [Errno 8] nodename nor servname provided, or not known>
[2026-04-24T15:30:30Z] [961/1937] no-snapshot  https://www.concordiamanchester.org/
[2026-04-24T15:30:30Z]   availability check failed: <urlopen error [Errno 8] nodename nor servname provided, or not known>
[2026-04-24T15:30:30Z]   CDX check failed: <urlopen error [Errno 8] nodename nor servname provided, or not known>
[2026-04-24T15:30:30Z] [962/1937] no-snapshot  https://www.faithstreet.com/church/concordia-lutheran-church-manchester-ct
[2026-04-24T15:30:30Z]   availability check failed: <urlopen error [Errno 8] nodename nor servname provided, or not known>
[2026-04-24T15:30:30Z]   CDX check failed: <urlopen error [Errno 8] nodename nor servname provided, or not known>
[2026-04-24T15:30:30Z] [963/1937] no-snapshot  https://enewhope.org/about/our-leaders/member-detail/1490574/
[2026-04-24T15:30:30Z]   availability check failed: <urlopen error [Errno 8] nodename nor servname provided, or not known>
[2026-04-24T15:30:30Z]   CDX check failed: <urlopen error [Errno 8] nodename nor servname provided, or not known>
[2026-04-24T15:30:30Z] [964/1937] no-snapshot  https://en.wikipedia.org/wiki/New_Hope_Christian_Fellowship
[2026-04-24T15:30:30Z]   availability check failed: <urlopen error [Errno 8] nodename nor servname provided, or not known>
[2026-04-24T15:30:30Z]   CDX check failed: <urlopen error [Errno 8] nodename nor servname provided, or not known>
[2026-04-24T15:30:30Z] [965/1937] no-snapshot  https://www3.enewhope.org/aboutus/pastorwayne/
[2026-04-24T15:30:30Z]   availability check failed: <urlopen error [Errno 8] nodename nor servname provided, or not known>
[2026-04-24T15:30:30Z]   CDX check failed: <urlopen error [Errno 8] nodename nor servname provided, or not known>
[2026-04-24T15:30:30Z] [966/1937] no-snapshot  https://www.hopechapelkahaluu.com/
[2026-04-24T15:30:30Z]   availability check failed: <urlopen error [Errno 8] nodename nor servname provided, or not known>
[2026-04-24T15:30:30Z]   CDX check failed: <urlopen error [Errno 8] nodename nor servname provided, or not known>
[2026-04-24T15:30:30Z] [967/1937] no-snapshot  https://hopechapelchurches.com/
[2026-04-24T15:30:30Z]   availability check failed: <urlopen error [Errno 8] nodename nor servname provided, or not known>
[2026-04-24T15:30:30Z]   CDX check failed: <urlopen error [Errno 8] nodename nor servname provided, or not known>
[2026-04-24T15:30:30Z] [968/1937] no-snapshot  https://www.7cups.com/local/us/hi/kaneohe/faith/hope-chapel-foursqua-47827660044
[2026-04-24T15:30:30Z]   availability check failed: <urlopen error [Errno 8] nodename nor servname provided, or not known>
[2026-04-24T15:30:30Z]   CDX check failed: <urlopen error [Errno 8] nodename nor servname provided, or not known>
[2026-04-24T15:30:30Z] [969/1937] no-snapshot  https://www.holynativityhonolulu.org/
[2026-04-24T15:30:30Z]   availability check failed: <urlopen error [Errno 8] nodename nor servname provided, or not known>
[2026-04-24T15:30:30Z]   CDX check failed: <urlopen error [Errno 8] nodename nor servname provided, or not known>
[2026-04-24T15:30:30Z] [970/1937] no-snapshot  https://www.holynativityhonolulu.org/church
[2026-04-24T15:30:30Z]   checkpoint: {"fresh": 269, "older": 98, "saved": 0, "skip": 2, "fail": 0, "cached": 0, "no-snapshot": 601}
[2026-04-24T15:30:30Z]   availability check failed: <urlopen error [Errno 8] nodename nor servname provided, or not known>
[2026-04-24T15:30:30Z]   CDX check failed: <urlopen error [Errno 8] nodename nor servname provided, or not known>
[2026-04-24T15:30:30Z] [971/1937] no-snapshot  https://www.episcopalassetmap.org/dioceses/diocese-hawaii/list/holy-nativity-church
[2026-04-24T15:30:30Z]   availability check failed: <urlopen error [Errno 8] nodename nor servname provided, or not known>
[2026-04-24T15:30:30Z]   CDX check failed: <urlopen error [Errno 8] nodename nor servname provided, or not known>
[2026-04-24T15:30:30Z] [972/1937] no-snapshot  https://www.calvarychapelpearlharbor.com/what-we-believe
[2026-04-24T15:30:30Z]   availability check failed: <urlopen error [Errno 8] nodename nor servname provided, or not known>
[2026-04-24T15:30:30Z]   CDX check failed: <urlopen error [Errno 8] nodename nor servname provided, or not known>
[2026-04-24T15:30:30Z] [973/1937] no-snapshot  https://www.calvarychapelpearlharbor.com/pastor-derald-amp-sue
[2026-04-24T15:30:30Z]   availability check failed: <urlopen error [Errno 8] nodename nor servname provided, or not known>
[2026-04-24T15:30:30Z]   CDX check failed: <urlopen error [Errno 8] nodename nor servname provided, or not known>
[2026-04-24T15:30:30Z] [974/1937] no-snapshot  https://www.liquidchurch.com/about-us
[2026-04-24T15:30:30Z]   availability check failed: <urlopen error [Errno 8] nodename nor servname provided, or not known>
[2026-04-24T15:30:30Z]   CDX check failed: <urlopen error [Errno 8] nodename nor servname provided, or not known>
[2026-04-24T15:30:30Z] [975/1937] no-snapshot  https://www.churchclarity.org/church-old/liquid-church-1165
[2026-04-24T15:30:30Z]   availability check failed: <urlopen error [Errno 8] nodename nor servname provided, or not known>
[2026-04-24T15:30:30Z]   CDX check failed: <urlopen error [Errno 8] nodename nor servname provided, or not known>
[2026-04-24T15:30:30Z] [976/1937] no-snapshot  https://chms.liquidchurch.com/about-liquid/pastor-bios/
[2026-04-24T15:30:30Z]   availability check failed: <urlopen error [Errno 8] nodename nor servname provided, or not known>
[2026-04-24T15:30:30Z]   CDX check failed: <urlopen error [Errno 8] nodename nor servname provided, or not known>
[2026-04-24T15:30:30Z] [977/1937] no-snapshot  https://www.cgsnashua.org
[2026-04-24T15:30:30Z]   availability check failed: <urlopen error [Errno 8] nodename nor servname provided, or not known>
[2026-04-24T15:30:30Z]   CDX check failed: <urlopen error [Errno 8] nodename nor servname provided, or not known>
[2026-04-24T15:30:30Z] [978/1937] no-snapshot  https://www.cgsnashua.org/abouthere
[2026-04-24T15:30:30Z]   availability check failed: <urlopen error [Errno 8] nodename nor servname provided, or not known>
[2026-04-24T15:30:30Z]   CDX check failed: <urlopen error [Errno 8] nodename nor servname provided, or not known>
[2026-04-24T15:30:30Z] [979/1937] no-snapshot  https://www.episcopalassetmap.org/dioceses/diocese-massachusetts/list/church-good-shepherd
[2026-04-24T15:30:30Z]   availability check failed: <urlopen error [Errno 8] nodename nor servname provided, or not known>
[2026-04-24T15:30:30Z]   CDX check failed: <urlopen error [Errno 8] nodename nor servname provided, or not known>
[2026-04-24T15:30:30Z] [980/1937] no-snapshot  https://www.fbcblgsmt.com/
[2026-04-24T15:30:30Z]   checkpoint: {"fresh": 269, "older": 98, "saved": 0, "skip": 2, "fail": 0, "cached": 0, "no-snapshot": 611}
[2026-04-24T15:30:30Z]   availability check failed: <urlopen error [Errno 8] nodename nor servname provided, or not known>
[2026-04-24T15:30:30Z]   CDX check failed: <urlopen error [Errno 8] nodename nor servname provided, or not known>
[2026-04-24T15:30:30Z] [981/1937] no-snapshot  https://www.faithstreet.com/church/first-baptist-church-billings-mt
[2026-04-24T15:30:30Z]   availability check failed: <urlopen error [Errno 8] nodename nor servname provided, or not known>
[2026-04-24T15:30:30Z]   CDX check failed: <urlopen error [Errno 8] nodename nor servname provided, or not known>
[2026-04-24T15:30:30Z] [982/1937] no-snapshot  https://www.gracechurchpca.com/
[2026-04-24T15:30:30Z]   availability check failed: <urlopen error [Errno 8] nodename nor servname provided, or not known>
[2026-04-24T15:30:30Z]   CDX check failed: <urlopen error [Errno 8] nodename nor servname provided, or not known>
[2026-04-24T15:30:30Z] [983/1937] no-snapshot  https://firstbaptist-slc.org/
[2026-04-24T15:30:30Z]   availability check failed: <urlopen error [Errno 8] nodename nor servname provided, or not known>
[2026-04-24T15:30:30Z]   CDX check failed: <urlopen error [Errno 8] nodename nor servname provided, or not known>
[2026-04-24T15:30:30Z] [984/1937] no-snapshot  https://first-baptist-church-of-salt-lake-city.wheree.com/
[2026-04-24T15:30:30Z]   availability check failed: <urlopen error [Errno 8] nodename nor servname provided, or not known>
[2026-04-24T15:30:30Z]   CDX check failed: <urlopen error [Errno 8] nodename nor servname provided, or not known>
[2026-04-24T15:30:30Z] [985/1937] no-snapshot  https://www.newsong.org/
[2026-04-24T15:30:30Z]   availability check failed: <urlopen error [Errno 8] nodename nor servname provided, or not known>
[2026-04-24T15:30:30Z]   CDX check failed: <urlopen error [Errno 8] nodename nor servname provided, or not known>
[2026-04-24T15:30:30Z] [986/1937] no-snapshot  https://www.newsong.org/about-us
[2026-04-24T15:30:30Z]   availability check failed: <urlopen error [Errno 8] nodename nor servname provided, or not known>
[2026-04-24T15:30:30Z]   CDX check failed: <urlopen error [Errno 8] nodename nor servname provided, or not known>
[2026-04-24T15:30:30Z] [987/1937] no-snapshot  https://reformedwiki.org/wiki/New_Song_Presbyterian_Church_(Salt_Lake_City,_Utah)
[2026-04-24T15:30:30Z]   availability check failed: <urlopen error [Errno 8] nodename nor servname provided, or not known>
[2026-04-24T15:30:30Z]   CDX check failed: <urlopen error [Errno 8] nodename nor servname provided, or not known>
[2026-04-24T15:30:30Z] [988/1937] no-snapshot  https://www.allsaintsslc.org/
[2026-04-24T15:30:30Z]   availability check failed: <urlopen error [Errno 8] nodename nor servname provided, or not known>
[2026-04-24T15:30:30Z]   CDX check failed: <urlopen error [Errno 8] nodename nor servname provided, or not known>
[2026-04-24T15:30:30Z] [989/1937] no-snapshot  https://episcopalchurch.org/parish/all-saints-episcopal-church-salt-lake-city-ut
[2026-04-24T15:30:30Z]   availability check failed: <urlopen error [Errno 8] nodename nor servname provided, or not known>
[2026-04-24T15:30:30Z]   CDX check failed: <urlopen error [Errno 8] nodename nor servname provided, or not known>
[2026-04-24T15:30:30Z] [990/1937] no-snapshot  https://www.amazinggracelutheran.org/
[2026-04-24T15:30:30Z]   checkpoint: {"fresh": 269, "older": 98, "saved": 0, "skip": 2, "fail": 0, "cached": 0, "no-snapshot": 621}
[2026-04-24T15:30:30Z]   availability check failed: <urlopen error [Errno 8] nodename nor servname provided, or not known>
[2026-04-24T15:30:30Z]   CDX check failed: <urlopen error [Errno 8] nodename nor servname provided, or not known>
[2026-04-24T15:30:30Z] [991/1937] no-snapshot  https://www.welsinbaltimore.org/what-is-the-history-of-lutheran-churches-in-baltimore-md
[2026-04-24T15:30:30Z]   availability check failed: <urlopen error [Errno 8] nodename nor servname provided, or not known>
[2026-04-24T15:30:30Z]   CDX check failed: <urlopen error [Errno 8] nodename nor servname provided, or not known>
[2026-04-24T15:30:30Z] [992/1937] no-snapshot  https://www.germanmarylanders.org/churches/trinity-lutheran-baltimore
[2026-04-24T15:30:30Z]   availability check failed: <urlopen error [Errno 8] nodename nor servname provided, or not known>
[2026-04-24T15:30:30Z]   CDX check failed: <urlopen error [Errno 8] nodename nor servname provided, or not known>
[2026-04-24T15:30:30Z] [993/1937] no-snapshot  https://www.gracepclv.org/
[2026-04-24T15:30:30Z]   availability check failed: <urlopen error [Errno 8] nodename nor servname provided, or not known>
[2026-04-24T15:30:30Z]   CDX check failed: <urlopen error [Errno 8] nodename nor servname provided, or not known>
[2026-04-24T15:30:30Z] [994/1937] no-snapshot  https://pcusa.org/congregation/grace-church-las-vegas-nv
[2026-04-24T15:30:30Z]   availability check failed: <urlopen error [Errno 8] nodename nor servname provided, or not known>
[2026-04-24T15:30:30Z]   CDX check failed: <urlopen error [Errno 8] nodename nor servname provided, or not known>
[2026-04-24T15:30:30Z] [995/1937] no-snapshot  https://nevadapresbytery.org/membership-directory/grace-presbyterian-church-las-vegas-nevada/
[2026-04-24T15:30:30Z]   availability check failed: <urlopen error [Errno 8] nodename nor servname provided, or not known>
[2026-04-24T15:30:30Z]   CDX check failed: <urlopen error [Errno 8] nodename nor servname provided, or not known>
[2026-04-24T15:30:30Z] [996/1937] no-snapshot  https://lvredemption.com/our-beliefs/
[2026-04-24T15:30:30Z]   availability check failed: <urlopen error [Errno 8] nodename nor servname provided, or not known>
[2026-04-24T15:30:30Z]   CDX check failed: <urlopen error [Errno 8] nodename nor servname provided, or not known>
[2026-04-24T15:30:30Z] [997/1937] no-snapshot  https://www.snba.net/church-finder/church/228/redemption-church
[2026-04-24T15:30:30Z]   availability check failed: <urlopen error [Errno 8] nodename nor servname provided, or not known>
[2026-04-24T15:30:30Z]   CDX check failed: <urlopen error [Errno 8] nodename nor servname provided, or not known>
[2026-04-24T15:30:30Z] [998/1937] no-snapshot  https://www.faithstreet.com/church/first-baptist-church-boise-id
[2026-04-24T15:30:30Z]   availability check failed: <urlopen error [Errno 8] nodename nor servname provided, or not known>
[2026-04-24T15:30:30Z]   CDX check failed: <urlopen error [Errno 8] nodename nor servname provided, or not known>
[2026-04-24T15:30:30Z] [999/1937] no-snapshot  https://www.truehopedowntown.com/
[2026-04-24T15:30:30Z]   availability check failed: <urlopen error [Errno 8] nodename nor servname provided, or not known>
[2026-04-24T15:30:30Z]   CDX check failed: <urlopen error [Errno 8] nodename nor servname provided, or not known>
[2026-04-24T15:30:30Z] [1000/1937] no-snapshot  https://jesusistruehope.com/our-story
[2026-04-24T15:30:30Z]   checkpoint: {"fresh": 269, "older": 98, "saved": 0, "skip": 2, "fail": 0, "cached": 0, "no-snapshot": 631}
[2026-04-24T15:30:30Z]   availability check failed: <urlopen error [Errno 8] nodename nor servname provided, or not known>
[2026-04-24T15:30:30Z]   CDX check failed: <urlopen error [Errno 8] nodename nor servname provided, or not known>
[2026-04-24T15:30:30Z] [1001/1937] no-snapshot  https://tsc.nyc/leadership-team/
[2026-04-24T15:30:30Z]   availability check failed: <urlopen error [Errno 8] nodename nor servname provided, or not known>
[2026-04-24T15:30:30Z]   CDX check failed: <urlopen error [Errno 8] nodename nor servname provided, or not known>
[2026-04-24T15:30:30Z] [1002/1937] no-snapshot  https://en.wikipedia.org/wiki/Times_Square_Church
[2026-04-24T15:30:30Z]   availability check failed: <urlopen error [Errno 8] nodename nor servname provided, or not known>
[2026-04-24T15:30:30Z]   CDX check failed: <urlopen error [Errno 8] nodename nor servname provided, or not known>
[2026-04-24T15:30:30Z] [1003/1937] no-snapshot  https://en.wikipedia.org/wiki/Carter_Conlon
[2026-04-24T15:30:30Z]   availability check failed: <urlopen error [Errno 8] nodename nor servname provided, or not known>
[2026-04-24T15:30:30Z]   CDX check failed: <urlopen error [Errno 8] nodename nor servname provided, or not known>
[2026-04-24T15:30:30Z] [1004/1937] no-snapshot  https://www.zionnyc.org/
[2026-04-24T15:30:30Z]   availability check failed: <urlopen error [Errno 8] nodename nor servname provided, or not known>
[2026-04-24T15:30:30Z]   CDX check failed: <urlopen error [Errno 8] nodename nor servname provided, or not known>
[2026-04-24T15:30:30Z] [1005/1937] no-snapshot  https://www.mnys.org/zion-german-evangelical-lutheran-church/
[2026-04-24T15:30:30Z]   availability check failed: <urlopen error [Errno 8] nodename nor servname provided, or not known>
[2026-04-24T15:30:30Z]   CDX check failed: <urlopen error [Errno 8] nodename nor servname provided, or not known>
[2026-04-24T15:30:30Z] [1006/1937] no-snapshot  https://abc-usa.org/wp-content/uploads/2019/03/American-Baptist-Churches-of-Wisconsin.pdf
[2026-04-24T15:30:30Z]   availability check failed: <urlopen error [Errno 8] nodename nor servname provided, or not known>
[2026-04-24T15:30:30Z]   CDX check failed: <urlopen error [Errno 8] nodename nor servname provided, or not known>
[2026-04-24T15:30:30Z] [1007/1937] no-snapshot  https://www.abcofwi.org/mission-vision/churches-and-associations/
[2026-04-24T15:30:30Z]   availability check failed: <urlopen error [Errno 8] nodename nor servname provided, or not known>
[2026-04-24T15:30:30Z]   CDX check failed: <urlopen error [Errno 8] nodename nor servname provided, or not known>
[2026-04-24T15:30:30Z] [1008/1937] no-snapshot  https://firstbaptistmadison.org/about/
[2026-04-24T15:30:30Z]   availability check failed: <urlopen error [Errno 8] nodename nor servname provided, or not known>
[2026-04-24T15:30:30Z]   CDX check failed: <urlopen error [Errno 8] nodename nor servname provided, or not known>
[2026-04-24T15:30:30Z] [1009/1937] no-snapshot  https://www.brooklife.org/About
[2026-04-24T15:30:30Z]   availability check failed: <urlopen error [Errno 8] nodename nor servname provided, or not known>
[2026-04-24T15:30:30Z]   CDX check failed: <urlopen error [Errno 8] nodename nor servname provided, or not known>
[2026-04-24T15:30:30Z] [1010/1937] no-snapshot  https://www.stmarcus.org/church/about/what-to-expect
[2026-04-24T15:30:30Z]   checkpoint: {"fresh": 269, "older": 98, "saved": 0, "skip": 2, "fail": 0, "cached": 0, "no-snapshot": 641}
[2026-04-24T15:30:30Z]   availability check failed: <urlopen error [Errno 8] nodename nor servname provided, or not known>
[2026-04-24T15:30:30Z]   CDX check failed: <urlopen error [Errno 8] nodename nor servname provided, or not known>
[2026-04-24T15:30:30Z] [1011/1937] no-snapshot  https://www.faithstreet.com/church/first-baptist-church-birmingham-mi
[2026-04-24T15:30:30Z]   availability check failed: <urlopen error [Errno 8] nodename nor servname provided, or not known>
[2026-04-24T15:30:30Z]   CDX check failed: <urlopen error [Errno 8] nodename nor servname provided, or not known>
[2026-04-24T15:30:30Z] [1012/1937] no-snapshot  https://www.churchfinder.com/churches/mi/birmingham/first-baptist-church
[2026-04-24T15:30:30Z]   availability check failed: <urlopen error [Errno 8] nodename nor servname provided, or not known>
[2026-04-24T15:30:30Z]   CDX check failed: <urlopen error [Errno 8] nodename nor servname provided, or not known>
[2026-04-24T15:30:30Z] [1013/1937] no-snapshot  https://www.faithstreet.com/church/first-baptist-church-omaha-ne
[2026-04-24T15:30:30Z]   availability check failed: <urlopen error [Errno 8] nodename nor servname provided, or not known>
[2026-04-24T15:30:30Z]   CDX check failed: <urlopen error [Errno 8] nodename nor servname provided, or not known>
[2026-04-24T15:30:30Z] [1014/1937] no-snapshot  https://southwoodlutheran.church/
[2026-04-24T15:30:30Z]   availability check failed: <urlopen error [Errno 8] nodename nor servname provided, or not known>
[2026-04-24T15:30:30Z]   CDX check failed: <urlopen error [Errno 8] nodename nor servname provided, or not known>
[2026-04-24T15:30:30Z] [1015/1937] no-snapshot  https://www.yelp.com/biz/southwood-lutheran-church-elca-lincoln
[2026-04-24T15:30:30Z]   availability check failed: <urlopen error [Errno 8] nodename nor servname provided, or not known>
[2026-04-24T15:30:30Z]   CDX check failed: <urlopen error [Errno 8] nodename nor servname provided, or not known>
[2026-04-24T15:30:30Z] [1016/1937] no-snapshot  https://www.faithstreet.com/church/southwood-lutheran-church-lincoln-ne
[2026-04-24T15:30:30Z]   availability check failed: <urlopen error [Errno 8] nodename nor servname provided, or not known>
[2026-04-24T15:30:30Z]   CDX check failed: <urlopen error [Errno 8] nodename nor servname provided, or not known>
[2026-04-24T15:30:30Z] [1017/1937] no-snapshot  https://www.fbcdsm.org/get-to-know-us
[2026-04-24T15:30:30Z]   availability check failed: <urlopen error [Errno 8] nodename nor servname provided, or not known>
[2026-04-24T15:30:30Z]   CDX check failed: <urlopen error [Errno 8] nodename nor servname provided, or not known>
[2026-04-24T15:30:30Z] [1018/1937] no-snapshot  https://www.faithstreet.com/church/first-baptist-church-of-greater-des-moines-johnston-ia-1
[2026-04-24T15:30:30Z]   availability check failed: <urlopen error [Errno 8] nodename nor servname provided, or not known>
[2026-04-24T15:30:30Z]   CDX check failed: <urlopen error [Errno 8] nodename nor servname provided, or not known>
[2026-04-24T15:30:30Z] [1019/1937] no-snapshot  https://fbc-davenport.org/
[2026-04-24T15:30:30Z]   availability check failed: <urlopen error [Errno 8] nodename nor servname provided, or not known>
[2026-04-24T15:30:30Z]   CDX check failed: <urlopen error [Errno 8] nodename nor servname provided, or not known>
[2026-04-24T15:30:30Z] [1020/1937] no-snapshot  https://en.wikipedia.org/wiki/First_Baptist_Church_(Davenport,_Iowa)
[2026-04-24T15:30:30Z]   checkpoint: {"fresh": 269, "older": 98, "saved": 0, "skip": 2, "fail": 0, "cached": 0, "no-snapshot": 651}
[2026-04-24T15:30:30Z]   availability check failed: <urlopen error [Errno 8] nodename nor servname provided, or not known>
[2026-04-24T15:30:30Z]   CDX check failed: <urlopen error [Errno 8] nodename nor servname provided, or not known>
[2026-04-24T15:30:30Z] [1021/1937] no-snapshot  https://www.faithstreet.com/church/st-paul-lutheran-church-des-moines-ia
[2026-04-24T15:30:30Z]   availability check failed: <urlopen error [Errno 8] nodename nor servname provided, or not known>
[2026-04-24T15:30:30Z]   CDX check failed: <urlopen error [Errno 8] nodename nor servname provided, or not known>
[2026-04-24T15:30:30Z] [1022/1937] no-snapshot  https://www.idwlcms.org/congregations.php
[2026-04-24T15:30:30Z]   availability check failed: <urlopen error [Errno 8] nodename nor servname provided, or not known>
[2026-04-24T15:30:30Z]   CDX check failed: <urlopen error [Errno 8] nodename nor servname provided, or not known>
[2026-04-24T15:30:30Z] [1023/1937] no-snapshot  https://zionlutheran-ic.org/
[2026-04-24T15:30:30Z]   availability check failed: <urlopen error [Errno 8] nodename nor servname provided, or not known>
[2026-04-24T15:30:30Z]   CDX check failed: <urlopen error [Errno 8] nodename nor servname provided, or not known>
[2026-04-24T15:30:30Z] [1024/1937] no-snapshot  https://www.faithstreet.com/church/st-paul-lutheran-church-charleston-wv
[2026-04-24T15:30:30Z]   availability check failed: <urlopen error [Errno 8] nodename nor servname provided, or not known>
[2026-04-24T15:30:30Z]   CDX check failed: <urlopen error [Errno 8] nodename nor servname provided, or not known>
[2026-04-24T15:30:30Z] [1025/1937] no-snapshot  https://charlestonwv.com/listing/saint-paul-lutheran-church/
[2026-04-24T15:30:30Z]   availability check failed: <urlopen error [Errno 8] nodename nor servname provided, or not known>
[2026-04-24T15:30:30Z]   CDX check failed: <urlopen error [Errno 8] nodename nor servname provided, or not known>
[2026-04-24T15:30:30Z] [1026/1937] no-snapshot  https://www.firstbaptistakron.org/
[2026-04-24T15:30:30Z]   availability check failed: <urlopen error [Errno 8] nodename nor servname provided, or not known>
[2026-04-24T15:30:30Z]   CDX check failed: <urlopen error [Errno 8] nodename nor servname provided, or not known>
[2026-04-24T15:30:30Z] [1027/1937] no-snapshot  https://www.firstbaptistakron.org/history
[2026-04-24T15:30:30Z]   availability check failed: <urlopen error [Errno 8] nodename nor servname provided, or not known>
[2026-04-24T15:30:30Z]   CDX check failed: <urlopen error [Errno 8] nodename nor servname provided, or not known>
[2026-04-24T15:30:30Z] [1028/1937] no-snapshot  https://aaa-abc.com/
[2026-04-24T15:30:30Z]   availability check failed: <urlopen error [Errno 8] nodename nor servname provided, or not known>
[2026-04-24T15:30:30Z]   CDX check failed: <urlopen error [Errno 8] nodename nor servname provided, or not known>
[2026-04-24T15:30:30Z] [1029/1937] no-snapshot  https://www.faithstreet.com/church/first-baptist-church-akron-oh
[2026-04-24T15:30:30Z]   availability check failed: <urlopen error [Errno 8] nodename nor servname provided, or not known>
[2026-04-24T15:30:30Z]   CDX check failed: <urlopen error [Errno 8] nodename nor servname provided, or not known>
[2026-04-24T15:30:30Z] [1030/1937] no-snapshot  https://www.vineyardcolumbus.org/
[2026-04-24T15:30:30Z]   checkpoint: {"fresh": 269, "older": 98, "saved": 0, "skip": 2, "fail": 0, "cached": 0, "no-snapshot": 661}
[2026-04-24T15:30:30Z]   availability check failed: <urlopen error [Errno 8] nodename nor servname provided, or not known>
[2026-04-24T15:30:30Z]   CDX check failed: <urlopen error [Errno 8] nodename nor servname provided, or not known>
[2026-04-24T15:30:30Z] [1031/1937] no-snapshot  https://en.wikipedia.org/wiki/Rich_Nathan
[2026-04-24T15:30:30Z]   availability check failed: <urlopen error [Errno 8] nodename nor servname provided, or not known>
[2026-04-24T15:30:30Z]   CDX check failed: <urlopen error [Errno 8] nodename nor servname provided, or not known>
[2026-04-24T15:30:30Z] [1032/1937] no-snapshot  https://www.newcitycincy.org/
[2026-04-24T15:30:30Z]   availability check failed: <urlopen error [Errno 8] nodename nor servname provided, or not known>
[2026-04-24T15:30:30Z]   CDX check failed: <urlopen error [Errno 8] nodename nor servname provided, or not known>
[2026-04-24T15:30:30Z] [1033/1937] no-snapshot  https://www.newcitycincy.org/about
[2026-04-24T15:30:30Z]   availability check failed: <urlopen error [Errno 8] nodename nor servname provided, or not known>
[2026-04-24T15:30:30Z]   CDX check failed: <urlopen error [Errno 8] nodename nor servname provided, or not known>
[2026-04-24T15:30:30Z] [1034/1937] no-snapshot  https://fbcindy.org/
[2026-04-24T15:30:30Z]   availability check failed: <urlopen error [Errno 8] nodename nor servname provided, or not known>
[2026-04-24T15:30:30Z]   CDX check failed: <urlopen error [Errno 8] nodename nor servname provided, or not known>
[2026-04-24T15:30:30Z] [1035/1937] no-snapshot  https://www.faithstreet.com/church/fbc-indy-indianapolis-in
[2026-04-24T15:30:30Z]   availability check failed: <urlopen error [Errno 8] nodename nor servname provided, or not known>
[2026-04-24T15:30:30Z]   CDX check failed: <urlopen error [Errno 8] nodename nor servname provided, or not known>
[2026-04-24T15:30:30Z] [1036/1937] no-snapshot  https://www.firstbaptistphiladelphia.org/
[2026-04-24T15:30:30Z]   availability check failed: <urlopen error [Errno 8] nodename nor servname provided, or not known>
[2026-04-24T15:30:30Z]   CDX check failed: <urlopen error [Errno 8] nodename nor servname provided, or not known>
[2026-04-24T15:30:30Z] [1037/1937] no-snapshot  https://philadelphiabaptist.org/church-directory/
[2026-04-24T15:30:30Z]   availability check failed: <urlopen error [Errno 8] nodename nor servname provided, or not known>
[2026-04-24T15:30:30Z]   CDX check failed: <urlopen error [Errno 8] nodename nor servname provided, or not known>
[2026-04-24T15:30:30Z] [1038/1937] no-snapshot  https://www.lcbcchurch.com/locations/manheim/
[2026-04-24T15:30:30Z]   availability check failed: <urlopen error [Errno 8] nodename nor servname provided, or not known>
[2026-04-24T15:30:30Z]   CDX check failed: <urlopen error [Errno 8] nodename nor servname provided, or not known>
[2026-04-24T15:30:30Z] [1039/1937] no-snapshot  https://en.wikipedia.org/wiki/LCBC
[2026-04-24T15:30:30Z]   availability check failed: <urlopen error [Errno 8] nodename nor servname provided, or not known>
[2026-04-24T15:30:30Z]   CDX check failed: <urlopen error [Errno 8] nodename nor servname provided, or not known>
[2026-04-24T15:30:30Z] [1040/1937] no-snapshot  https://unseminary.com/lcbc-19-campuses-in-the-rust-belt-with-25000-attendees-keys-to-multisite-at-scale/
[2026-04-24T15:30:30Z]   checkpoint: {"fresh": 269, "older": 98, "saved": 0, "skip": 2, "fail": 0, "cached": 0, "no-snapshot": 671}
[2026-04-24T15:30:30Z]   availability check failed: <urlopen error [Errno 8] nodename nor servname provided, or not known>
[2026-04-24T15:30:30Z]   CDX check failed: <urlopen error [Errno 8] nodename nor servname provided, or not known>
[2026-04-24T15:30:30Z] [1041/1937] no-snapshot  https://good-samaritan.org/
[2026-04-24T15:30:30Z]   availability check failed: <urlopen error [Errno 8] nodename nor servname provided, or not known>
[2026-04-24T15:30:30Z]   CDX check failed: <urlopen error [Errno 8] nodename nor servname provided, or not known>
[2026-04-24T15:30:30Z] [1042/1937] no-snapshot  https://www.episcopalassetmap.org/dioceses/diocese-pennsylvania/list/church-good-samaritan
[2026-04-24T15:30:30Z]   availability check failed: <urlopen error [Errno 8] nodename nor servname provided, or not known>
[2026-04-24T15:30:30Z]   CDX check failed: <urlopen error [Errno 8] nodename nor servname provided, or not known>
[2026-04-24T15:30:30Z] [1043/1937] no-snapshot  https://www.eaglebrookchurch.com/about/church-leadership/
[2026-04-24T15:30:30Z]   availability check failed: <urlopen error [Errno 8] nodename nor servname provided, or not known>
[2026-04-24T15:30:30Z]   CDX check failed: <urlopen error [Errno 8] nodename nor servname provided, or not known>
[2026-04-24T15:30:30Z] [1044/1937] no-snapshot  https://en.wikipedia.org/wiki/Eagle_Brook_Church
[2026-04-24T15:30:30Z]   availability check failed: <urlopen error [Errno 8] nodename nor servname provided, or not known>
[2026-04-24T15:30:30Z]   CDX check failed: <urlopen error [Errno 8] nodename nor servname provided, or not known>
[2026-04-24T15:30:30Z] [1045/1937] no-snapshot  https://www.mountolivechurch.org/
[2026-04-24T15:30:30Z]   availability check failed: <urlopen error [Errno 8] nodename nor servname provided, or not known>
[2026-04-24T15:30:30Z]   CDX check failed: <urlopen error [Errno 8] nodename nor servname provided, or not known>
[2026-04-24T15:30:30Z] [1046/1937] no-snapshot  https://en.wikipedia.org/wiki/Mars_Hill_Church
[2026-04-24T15:30:30Z]   availability check failed: <urlopen error [Errno 8] nodename nor servname provided, or not known>
[2026-04-24T15:30:30Z]   CDX check failed: <urlopen error [Errno 8] nodename nor servname provided, or not known>
[2026-04-24T15:30:30Z] [1047/1937] no-snapshot  https://www.westsideseattle.com/ballard-news-tribune/2015/09/01/quest-church-move-old-mars-hill-location-ballard
[2026-04-24T15:30:30Z]   availability check failed: <urlopen error [Errno 8] nodename nor servname provided, or not known>
[2026-04-24T15:30:30Z]   CDX check failed: <urlopen error [Errno 8] nodename nor servname provided, or not known>
[2026-04-24T15:30:30Z] [1048/1937] no-snapshot  https://eugenecho.com/2015/03/07/big-news-quest-church-has-purchased-the-former-mars-hill-church-building-join-us-in-prayer/
[2026-04-24T15:30:30Z]   availability check failed: <urlopen error [Errno 8] nodename nor servname provided, or not known>
[2026-04-24T15:30:30Z]   CDX check failed: <urlopen error [Errno 8] nodename nor servname provided, or not known>
[2026-04-24T15:30:30Z] [1049/1937] no-snapshot  https://seattlequest.org/about/our-story/
[2026-04-24T15:30:30Z]   availability check failed: <urlopen error [Errno 8] nodename nor servname provided, or not known>
[2026-04-24T15:30:30Z]   CDX check failed: <urlopen error [Errno 8] nodename nor servname provided, or not known>
[2026-04-24T15:30:30Z] [1050/1937] no-snapshot  https://coswayne.org
[2026-04-24T15:30:30Z]   checkpoint: {"fresh": 269, "older": 98, "saved": 0, "skip": 2, "fail": 0, "cached": 0, "no-snapshot": 681}
[2026-04-24T15:30:30Z]   availability check failed: <urlopen error [Errno 8] nodename nor servname provided, or not known>
[2026-04-24T15:30:30Z]   CDX check failed: <urlopen error [Errno 8] nodename nor servname provided, or not known>
[2026-04-24T15:30:30Z] [1051/1937] no-snapshot  https://gracefamily.org
[2026-04-24T15:30:30Z]   availability check failed: <urlopen error [Errno 8] nodename nor servname provided, or not known>
[2026-04-24T15:30:30Z]   CDX check failed: <urlopen error [Errno 8] nodename nor servname provided, or not known>
[2026-04-24T15:30:30Z] [1052/1937] no-snapshot  https://gfcflorida.com/about
[2026-04-24T15:30:30Z]   availability check failed: <urlopen error [Errno 8] nodename nor servname provided, or not known>
[2026-04-24T15:30:30Z]   CDX check failed: <urlopen error [Errno 8] nodename nor servname provided, or not known>
[2026-04-24T15:30:30Z] [1053/1937] no-snapshot  https://seacoast.org/about
[2026-04-24T15:30:30Z]   availability check failed: <urlopen error [Errno 8] nodename nor servname provided, or not known>
[2026-04-24T15:30:30Z]   CDX check failed: <urlopen error [Errno 8] nodename nor servname provided, or not known>
[2026-04-24T15:30:30Z] [1054/1937] no-snapshot  https://evangelicaldarkweb.org/2023/08/01/seacoast-church-exposed-the-liberal-megachurch-of-tim-scott-nancy-mace/
[2026-04-24T15:30:30Z]   availability check failed: <urlopen error [Errno 8] nodename nor servname provided, or not known>
[2026-04-24T15:30:30Z]   CDX check failed: <urlopen error [Errno 8] nodename nor servname provided, or not known>
[2026-04-24T15:30:30Z] [1055/1937] no-snapshot  https://julieroys.com/arc-president-pray-judgment-over-persecutors/
[2026-04-24T15:30:30Z]   availability check failed: <urlopen error [Errno 8] nodename nor servname provided, or not known>
[2026-04-24T15:30:31Z]   CDX check failed: <urlopen error [Errno 8] nodename nor servname provided, or not known>
[2026-04-24T15:30:31Z] [1056/1937] no-snapshot  https://www.churchclarity.org/church-old/seacoast-church-3531
[2026-04-24T15:30:31Z]   availability check failed: <urlopen error [Errno 8] nodename nor servname provided, or not known>
[2026-04-24T15:30:31Z]   CDX check failed: <urlopen error [Errno 8] nodename nor servname provided, or not known>
[2026-04-24T15:30:31Z] [1057/1937] no-snapshot  https://en.wikipedia.org/wiki/National_Community_Church
[2026-04-24T15:30:31Z]   availability check failed: <urlopen error [Errno 8] nodename nor servname provided, or not known>
[2026-04-24T15:30:31Z]   CDX check failed: <urlopen error [Errno 8] nodename nor servname provided, or not known>
[2026-04-24T15:30:31Z] [1058/1937] no-snapshot  https://en.wikipedia.org/wiki/Mark_Batterson
[2026-04-24T15:30:31Z]   availability check failed: <urlopen error [Errno 8] nodename nor servname provided, or not known>
[2026-04-24T15:30:31Z]   CDX check failed: <urlopen error [Errno 8] nodename nor servname provided, or not known>
[2026-04-24T15:30:31Z] [1059/1937] no-snapshot  https://willowcreek.org
[2026-04-24T15:30:31Z]   availability check failed: <urlopen error [Errno 8] nodename nor servname provided, or not known>
[2026-04-24T15:30:31Z]   CDX check failed: <urlopen error [Errno 8] nodename nor servname provided, or not known>
[2026-04-24T15:30:31Z] [1060/1937] no-snapshot  https://buckheadchurch.org/about
[2026-04-24T15:30:31Z]   checkpoint: {"fresh": 269, "older": 98, "saved": 0, "skip": 2, "fail": 0, "cached": 0, "no-snapshot": 691}
[2026-04-24T15:30:31Z]   availability check failed: <urlopen error [Errno 8] nodename nor servname provided, or not known>
[2026-04-24T15:30:31Z]   CDX check failed: <urlopen error [Errno 8] nodename nor servname provided, or not known>
[2026-04-24T15:30:31Z] [1061/1937] no-snapshot  https://buckheadchurch.org/about-npm
[2026-04-24T15:30:31Z]   availability check failed: <urlopen error [Errno 8] nodename nor servname provided, or not known>
[2026-04-24T15:30:31Z]   CDX check failed: <urlopen error [Errno 8] nodename nor servname provided, or not known>
[2026-04-24T15:30:31Z] [1062/1937] no-snapshot  https://journeybozeman.com/
[2026-04-24T15:30:31Z]   availability check failed: <urlopen error [Errno 8] nodename nor servname provided, or not known>
[2026-04-24T15:30:31Z]   CDX check failed: <urlopen error [Errno 8] nodename nor servname provided, or not known>
[2026-04-24T15:30:31Z] [1063/1937] no-snapshot  https://journeybozeman.com/about/pastors/
[2026-04-24T15:30:31Z]   availability check failed: <urlopen error [Errno 8] nodename nor servname provided, or not known>
[2026-04-24T15:30:31Z]   CDX check failed: <urlopen error [Errno 8] nodename nor servname provided, or not known>
[2026-04-24T15:30:31Z] [1064/1937] no-snapshot  https://journeybozeman.com/about/pastors/jeni-hofer/
[2026-04-24T15:30:31Z]   availability check failed: <urlopen error [Errno 8] nodename nor servname provided, or not known>
[2026-04-24T15:30:31Z]   CDX check failed: <urlopen error [Errno 8] nodename nor servname provided, or not known>
[2026-04-24T15:30:31Z] [1065/1937] no-snapshot  https://compasschurch.org
[2026-04-24T15:30:31Z]   availability check failed: <urlopen error [Errno 8] nodename nor servname provided, or not known>
[2026-04-24T15:30:31Z]   CDX check failed: <urlopen error [Errno 8] nodename nor servname provided, or not known>
[2026-04-24T15:30:31Z] [1066/1937] no-snapshot  https://echo.church
[2026-04-24T15:30:31Z]   availability check failed: <urlopen error [Errno 8] nodename nor servname provided, or not known>
[2026-04-24T15:30:31Z]   CDX check failed: <urlopen error [Errno 8] nodename nor servname provided, or not known>
[2026-04-24T15:30:31Z] [1067/1937] no-snapshot  https://capstonereport.com/2021/01/29/another-sbc-church-training-church-planters-has-woman-teaching-pastor/35511/
[2026-04-24T15:30:31Z]   availability check failed: <urlopen error [Errno 8] nodename nor servname provided, or not known>
[2026-04-24T15:30:31Z]   CDX check failed: <urlopen error [Errno 8] nodename nor servname provided, or not known>
[2026-04-24T15:30:31Z] [1068/1937] no-snapshot  https://cityfirstchurch.com
[2026-04-24T15:30:31Z]   availability check failed: <urlopen error [Errno 8] nodename nor servname provided, or not known>
[2026-04-24T15:30:31Z]   CDX check failed: <urlopen error [Errno 8] nodename nor servname provided, or not known>
[2026-04-24T15:30:31Z] [1069/1937] no-snapshot  http://www.cityfirst.church/
[2026-04-24T15:30:31Z]   availability check failed: <urlopen error [Errno 8] nodename nor servname provided, or not known>
[2026-04-24T15:30:31Z]   CDX check failed: <urlopen error [Errno 8] nodename nor servname provided, or not known>
[2026-04-24T15:30:31Z] [1070/1937] no-snapshot  https://commonwaychurch.com/about
[2026-04-24T15:30:31Z]   checkpoint: {"fresh": 269, "older": 98, "saved": 0, "skip": 2, "fail": 0, "cached": 0, "no-snapshot": 701}
[2026-04-24T15:30:31Z]   availability check failed: <urlopen error [Errno 8] nodename nor servname provided, or not known>
[2026-04-24T15:30:31Z]   CDX check failed: <urlopen error [Errno 8] nodename nor servname provided, or not known>
[2026-04-24T15:30:31Z] [1071/1937] no-snapshot  https://citylightchurch.com
[2026-04-24T15:30:31Z]   availability check failed: <urlopen error [Errno 8] nodename nor servname provided, or not known>
[2026-04-24T15:30:31Z]   CDX check failed: <urlopen error [Errno 8] nodename nor servname provided, or not known>
[2026-04-24T15:30:31Z] [1072/1937] no-snapshot  https://journeyboise.com
[2026-04-24T15:30:31Z]   availability check failed: <urlopen error [Errno 8] nodename nor servname provided, or not known>
[2026-04-24T15:30:31Z]   CDX check failed: <urlopen error [Errno 8] nodename nor servname provided, or not known>
[2026-04-24T15:30:31Z] [1073/1937] no-snapshot  https://victoryatl.com
[2026-04-24T15:30:31Z]   availability check failed: <urlopen error [Errno 8] nodename nor servname provided, or not known>
[2026-04-24T15:30:31Z]   CDX check failed: <urlopen error [Errno 8] nodename nor servname provided, or not known>
[2026-04-24T15:30:31Z] [1074/1937] no-snapshot  https://en.wikipedia.org/wiki/Victory_World_Church
[2026-04-24T15:30:31Z]   availability check failed: <urlopen error [Errno 8] nodename nor servname provided, or not known>
[2026-04-24T15:30:31Z]   CDX check failed: <urlopen error [Errno 8] nodename nor servname provided, or not known>
[2026-04-24T15:30:31Z] [1075/1937] no-snapshot  https://www.concordiachurch.org/
[2026-04-24T15:30:31Z]   availability check failed: <urlopen error [Errno 8] nodename nor servname provided, or not known>
[2026-04-24T15:30:31Z]   CDX check failed: <urlopen error [Errno 8] nodename nor servname provided, or not known>
[2026-04-24T15:30:31Z] [1076/1937] no-snapshot  https://locator.lcms.org/church/C/328400
[2026-04-24T15:30:31Z]   availability check failed: <urlopen error [Errno 8] nodename nor servname provided, or not known>
[2026-04-24T15:30:31Z]   CDX check failed: <urlopen error [Errno 8] nodename nor servname provided, or not known>
[2026-04-24T15:30:31Z] [1077/1937] no-snapshot  https://in.lcms.org/venue/concordia-fort-wayne/
[2026-04-24T15:30:31Z]   availability check failed: <urlopen error [Errno 8] nodename nor servname provided, or not known>
[2026-04-24T15:30:31Z]   CDX check failed: <urlopen error [Errno 8] nodename nor servname provided, or not known>
[2026-04-24T15:30:31Z] [1078/1937] no-snapshot  https://cclphoenix.org/
[2026-04-24T15:30:31Z]   availability check failed: <urlopen error [Errno 8] nodename nor servname provided, or not known>
[2026-04-24T15:30:31Z]   CDX check failed: <urlopen error [Errno 8] nodename nor servname provided, or not known>
[2026-04-24T15:30:31Z] [1079/1937] no-snapshot  https://cclphoenix.org/about/
[2026-04-24T15:30:31Z]   availability check failed: <urlopen error [Errno 8] nodename nor servname provided, or not known>
[2026-04-24T15:30:31Z]   CDX check failed: <urlopen error [Errno 8] nodename nor servname provided, or not known>
[2026-04-24T15:30:31Z] [1080/1937] no-snapshot  https://locator.lcms.org/church/C/713928
[2026-04-24T15:30:31Z]   checkpoint: {"fresh": 269, "older": 98, "saved": 0, "skip": 2, "fail": 0, "cached": 0, "no-snapshot": 711}
[2026-04-24T15:30:31Z]   availability check failed: <urlopen error [Errno 8] nodename nor servname provided, or not known>
[2026-04-24T15:30:31Z]   CDX check failed: <urlopen error [Errno 8] nodename nor servname provided, or not known>
[2026-04-24T15:30:31Z] [1081/1937] no-snapshot  https://immanuelseattle.org/
[2026-04-24T15:30:31Z]   availability check failed: <urlopen error [Errno 8] nodename nor servname provided, or not known>
[2026-04-24T15:30:31Z]   CDX check failed: <urlopen error [Errno 8] nodename nor servname provided, or not known>
[2026-04-24T15:30:31Z] [1082/1937] no-snapshot  https://www.lutheransnw.org/central-seattle-conference/immanuel-lutheran-church--198
[2026-04-24T15:30:31Z]   availability check failed: <urlopen error [Errno 8] nodename nor servname provided, or not known>
[2026-04-24T15:30:31Z]   CDX check failed: <urlopen error [Errno 8] nodename nor servname provided, or not known>
[2026-04-24T15:30:31Z] [1083/1937] no-snapshot  https://en.wikipedia.org/wiki/Immanuel_Lutheran_Church_(Seattle)
[2026-04-24T15:30:31Z]   availability check failed: <urlopen error [Errno 8] nodename nor servname provided, or not known>
[2026-04-24T15:30:31Z]   CDX check failed: <urlopen error [Errno 8] nodename nor servname provided, or not known>
[2026-04-24T15:30:31Z] [1084/1937] no-snapshot  https://www.gracemidtown.org/
[2026-04-24T15:30:31Z]   availability check failed: <urlopen error [Errno 8] nodename nor servname provided, or not known>
[2026-04-24T15:30:31Z]   CDX check failed: <urlopen error [Errno 8] nodename nor servname provided, or not known>
[2026-04-24T15:30:31Z] [1085/1937] no-snapshot  https://locator.lcms.org/church/C/40255
[2026-04-24T15:30:31Z]   availability check failed: <urlopen error [Errno 8] nodename nor servname provided, or not known>
[2026-04-24T15:30:31Z]   CDX check failed: <urlopen error [Errno 8] nodename nor servname provided, or not known>
[2026-04-24T15:30:31Z] [1086/1937] no-snapshot  https://www.faithstreet.com/church/first-lutheran-church-topeka-ks
[2026-04-24T15:30:31Z]   availability check failed: <urlopen error [Errno 8] nodename nor servname provided, or not known>
[2026-04-24T15:30:31Z]   CDX check failed: <urlopen error [Errno 8] nodename nor servname provided, or not known>
[2026-04-24T15:30:31Z] [1087/1937] no-snapshot  https://www.visittopeka.com/listing/first-lutheran-church-topeka/3031/
[2026-04-24T15:30:31Z]   availability check failed: <urlopen error [Errno 8] nodename nor servname provided, or not known>
[2026-04-24T15:30:31Z]   CDX check failed: <urlopen error [Errno 8] nodename nor servname provided, or not known>
[2026-04-24T15:30:31Z] [1088/1937] no-snapshot  https://www.faithlutherantopeka.com/
[2026-04-24T15:30:31Z]   availability check failed: <urlopen error [Errno 8] nodename nor servname provided, or not known>
[2026-04-24T15:30:31Z]   CDX check failed: <urlopen error [Errno 8] nodename nor servname provided, or not known>
[2026-04-24T15:30:31Z] [1089/1937] no-snapshot  https://www.rlcs-slc.org/
[2026-04-24T15:30:31Z]   availability check failed: <urlopen error [Errno 8] nodename nor servname provided, or not known>
[2026-04-24T15:30:31Z]   CDX check failed: <urlopen error [Errno 8] nodename nor servname provided, or not known>
[2026-04-24T15:30:31Z] [1090/1937] no-snapshot  https://locator.lcms.org/church/C/810453
[2026-04-24T15:30:31Z]   checkpoint: {"fresh": 269, "older": 98, "saved": 0, "skip": 2, "fail": 0, "cached": 0, "no-snapshot": 721}
[2026-04-24T15:30:31Z]   availability check failed: <urlopen error [Errno 8] nodename nor servname provided, or not known>
[2026-04-24T15:30:31Z]   CDX check failed: <urlopen error [Errno 8] nodename nor servname provided, or not known>
[2026-04-24T15:30:31Z] [1091/1937] no-snapshot  https://redeemerslc.org/
[2026-04-24T15:30:31Z]   availability check failed: <urlopen error [Errno 8] nodename nor servname provided, or not known>
[2026-04-24T15:30:31Z]   CDX check failed: <urlopen error [Errno 8] nodename nor servname provided, or not known>
[2026-04-24T15:30:31Z] [1092/1937] no-snapshot  https://www.gslchurch.org/what-we-are-about
[2026-04-24T15:30:31Z]   availability check failed: <urlopen error [Errno 8] nodename nor servname provided, or not known>
[2026-04-24T15:30:31Z]   CDX check failed: <urlopen error [Errno 8] nodename nor servname provided, or not known>
[2026-04-24T15:30:31Z] [1093/1937] no-snapshot  https://www.faithstreet.com/church/good-shepherd-lutheran-church-raleigh-nc
[2026-04-24T15:30:31Z]   availability check failed: <urlopen error [Errno 8] nodename nor servname provided, or not known>
[2026-04-24T15:30:31Z]   CDX check failed: <urlopen error [Errno 8] nodename nor servname provided, or not known>
[2026-04-24T15:30:31Z] [1094/1937] no-snapshot  https://trinityohiocity.org/
[2026-04-24T15:30:31Z]   availability check failed: <urlopen error [Errno 8] nodename nor servname provided, or not known>
[2026-04-24T15:30:31Z]   CDX check failed: <urlopen error [Errno 8] nodename nor servname provided, or not known>
[2026-04-24T15:30:31Z] [1095/1937] no-snapshot  https://locator.lcms.org/church/C/181968
[2026-04-24T15:30:31Z]   availability check failed: <urlopen error [Errno 8] nodename nor servname provided, or not known>
[2026-04-24T15:30:31Z]   CDX check failed: <urlopen error [Errno 8] nodename nor servname provided, or not known>
[2026-04-24T15:30:31Z] [1096/1937] no-snapshot  https://en.wikipedia.org/wiki/Trinity_Lutheran_Church_(Cleveland,_Ohio)
[2026-04-24T15:30:31Z]   availability check failed: <urlopen error [Errno 8] nodename nor servname provided, or not known>
[2026-04-24T15:30:31Z]   CDX check failed: <urlopen error [Errno 8] nodename nor servname provided, or not known>
[2026-04-24T15:30:31Z] [1097/1937] no-snapshot  https://redeemersl.org/im-new/our-team
[2026-04-24T15:30:31Z]   availability check failed: <urlopen error [Errno 8] nodename nor servname provided, or not known>
[2026-04-24T15:30:31Z]   CDX check failed: <urlopen error [Errno 8] nodename nor servname provided, or not known>
[2026-04-24T15:30:31Z] [1098/1937] no-snapshot  https://www.naparcsearch.com/pca/houston-metro
[2026-04-24T15:30:31Z]   availability check failed: <urlopen error [Errno 8] nodename nor servname provided, or not known>
[2026-04-24T15:30:31Z]   CDX check failed: <urlopen error [Errno 8] nodename nor servname provided, or not known>
[2026-04-24T15:30:31Z] [1099/1937] no-snapshot  https://www.trinitychurchseattle.org/
[2026-04-24T15:30:31Z]   availability check failed: <urlopen error [Errno 8] nodename nor servname provided, or not known>
[2026-04-24T15:30:31Z]   CDX check failed: <urlopen error [Errno 8] nodename nor servname provided, or not known>
[2026-04-24T15:30:31Z] [1100/1937] no-snapshot  https://www.naparcsearch.com/pca/pacific-northwest
[2026-04-24T15:30:31Z]   checkpoint: {"fresh": 269, "older": 98, "saved": 0, "skip": 2, "fail": 0, "cached": 0, "no-snapshot": 731}
[2026-04-24T15:30:31Z]   availability check failed: <urlopen error [Errno 8] nodename nor servname provided, or not known>
[2026-04-24T15:30:31Z]   CDX check failed: <urlopen error [Errno 8] nodename nor servname provided, or not known>
[2026-04-24T15:30:31Z] [1101/1937] no-snapshot  https://www.gpchurchdenver.org/
[2026-04-24T15:30:31Z]   availability check failed: <urlopen error [Errno 8] nodename nor servname provided, or not known>
[2026-04-24T15:30:31Z]   CDX check failed: <urlopen error [Errno 8] nodename nor servname provided, or not known>
[2026-04-24T15:30:31Z] [1102/1937] no-snapshot  https://www.gpchurchdenver.org/who-we-are
[2026-04-24T15:30:31Z]   availability check failed: <urlopen error [Errno 8] nodename nor servname provided, or not known>
[2026-04-24T15:30:31Z]   CDX check failed: <urlopen error [Errno 8] nodename nor servname provided, or not known>
[2026-04-24T15:30:31Z] [1103/1937] no-snapshot  https://www.pca.org
[2026-04-24T15:30:31Z]   availability check failed: <urlopen error [Errno 8] nodename nor servname provided, or not known>
[2026-04-24T15:30:31Z]   CDX check failed: <urlopen error [Errno 8] nodename nor servname provided, or not known>
[2026-04-24T15:30:31Z] [1104/1937] no-snapshot  https://www.graceaz.com/meetstaff/
[2026-04-24T15:30:31Z]   availability check failed: <urlopen error [Errno 8] nodename nor servname provided, or not known>
[2026-04-24T15:30:31Z]   CDX check failed: <urlopen error [Errno 8] nodename nor servname provided, or not known>
[2026-04-24T15:30:31Z] [1105/1937] no-snapshot  https://www.ompc.org/staff
[2026-04-24T15:30:31Z]   availability check failed: <urlopen error [Errno 8] nodename nor servname provided, or not known>
[2026-04-24T15:30:31Z]   CDX check failed: <urlopen error [Errno 8] nodename nor servname provided, or not known>
[2026-04-24T15:30:31Z] [1106/1937] no-snapshot  https://www.bhamwiki.com/w/Oak_Mountain_Presbyterian_Church
[2026-04-24T15:30:31Z]   availability check failed: <urlopen error [Errno 8] nodename nor servname provided, or not known>
[2026-04-24T15:30:31Z]   CDX check failed: <urlopen error [Errno 8] nodename nor servname provided, or not known>
[2026-04-24T15:30:31Z] [1107/1937] no-snapshot  https://www.christchurchcharleston.org/our-staff
[2026-04-24T15:30:31Z]   availability check failed: <urlopen error [Errno 8] nodename nor servname provided, or not known>
[2026-04-24T15:30:31Z]   CDX check failed: <urlopen error [Errno 8] nodename nor servname provided, or not known>
[2026-04-24T15:30:31Z] [1108/1937] no-snapshot  https://gospelreformation.net/council/
[2026-04-24T15:30:31Z]   availability check failed: <urlopen error [Errno 8] nodename nor servname provided, or not known>
[2026-04-24T15:30:31Z]   CDX check failed: <urlopen error [Errno 8] nodename nor servname provided, or not known>
[2026-04-24T15:30:31Z] [1109/1937] no-snapshot  https://graceandpeaceaustin.com/
[2026-04-24T15:30:31Z]   availability check failed: <urlopen error [Errno 8] nodename nor servname provided, or not known>
[2026-04-24T15:30:31Z]   CDX check failed: <urlopen error [Errno 8] nodename nor servname provided, or not known>
[2026-04-24T15:30:31Z] [1110/1937] no-snapshot  https://graceandpeaceaustin.com/team
[2026-04-24T15:30:31Z]   checkpoint: {"fresh": 269, "older": 98, "saved": 0, "skip": 2, "fail": 0, "cached": 0, "no-snapshot": 741}
[2026-04-24T15:30:31Z]   availability check failed: <urlopen error [Errno 8] nodename nor servname provided, or not known>
[2026-04-24T15:30:31Z]   CDX check failed: <urlopen error [Errno 8] nodename nor servname provided, or not known>
[2026-04-24T15:30:31Z] [1111/1937] no-snapshot  https://graceandpeaceaustin.com/pca
[2026-04-24T15:30:31Z]   availability check failed: <urlopen error [Errno 8] nodename nor servname provided, or not known>
[2026-04-24T15:30:31Z]   CDX check failed: <urlopen error [Errno 8] nodename nor servname provided, or not known>
[2026-04-24T15:30:31Z] [1112/1937] no-snapshot  https://arcchurches.com
[2026-04-24T15:30:31Z]   availability check failed: <urlopen error [Errno 8] nodename nor servname provided, or not known>
[2026-04-24T15:30:31Z]   CDX check failed: <urlopen error [Errno 8] nodename nor servname provided, or not known>
[2026-04-24T15:30:31Z] [1113/1937] no-snapshot  https://www.arcchurches.com/about/statement-of-faith/
[2026-04-24T15:30:31Z]   availability check failed: <urlopen error [Errno 8] nodename nor servname provided, or not known>
[2026-04-24T15:30:31Z]   CDX check failed: <urlopen error [Errno 8] nodename nor servname provided, or not known>
[2026-04-24T15:30:31Z] [1114/1937] no-snapshot  https://www.evcl.org/
[2026-04-24T15:30:31Z]   availability check failed: <urlopen error [Errno 8] nodename nor servname provided, or not known>
[2026-04-24T15:30:31Z]   CDX check failed: <urlopen error [Errno 8] nodename nor servname provided, or not known>
[2026-04-24T15:30:31Z] [1115/1937] no-snapshot  https://www.evcl.org/our-story
[2026-04-24T15:30:31Z]   availability check failed: <urlopen error [Errno 8] nodename nor servname provided, or not known>
[2026-04-24T15:30:31Z]   CDX check failed: <urlopen error [Errno 8] nodename nor servname provided, or not known>
[2026-04-24T15:30:31Z] [1116/1937] no-snapshot  https://cherrycreekpres.org/staff
[2026-04-24T15:30:31Z]   availability check failed: <urlopen error [Errno 8] nodename nor servname provided, or not known>
[2026-04-24T15:30:31Z]   CDX check failed: <urlopen error [Errno 8] nodename nor servname provided, or not known>
[2026-04-24T15:30:31Z] [1117/1937] no-snapshot  https://www.epcwest.org/resources/presbytery-of-the-west-church-directory/
[2026-04-24T15:30:31Z]   availability check failed: <urlopen error [Errno 8] nodename nor servname provided, or not known>
[2026-04-24T15:30:31Z]   CDX check failed: <urlopen error [Errno 8] nodename nor servname provided, or not known>
[2026-04-24T15:30:31Z] [1118/1937] no-snapshot  https://rockpoint.church/
[2026-04-24T15:30:31Z]   availability check failed: <urlopen error [Errno 8] nodename nor servname provided, or not known>
[2026-04-24T15:30:31Z]   CDX check failed: <urlopen error [Errno 8] nodename nor servname provided, or not known>
[2026-04-24T15:30:31Z] [1119/1937] no-snapshot  https://www.ecfa.org/MemberProfile.aspx?ID=45233
[2026-04-24T15:30:31Z]   availability check failed: <urlopen error [Errno 8] nodename nor servname provided, or not known>
[2026-04-24T15:30:31Z]   CDX check failed: <urlopen error [Errno 8] nodename nor servname provided, or not known>
[2026-04-24T15:30:31Z] [1120/1937] no-snapshot  https://churches.efca.org/
[2026-04-24T15:30:31Z]   checkpoint: {"fresh": 269, "older": 98, "saved": 0, "skip": 2, "fail": 0, "cached": 0, "no-snapshot": 751}
[2026-04-24T15:30:31Z]   availability check failed: <urlopen error [Errno 8] nodename nor servname provided, or not known>
[2026-04-24T15:30:31Z]   CDX check failed: <urlopen error [Errno 8] nodename nor servname provided, or not known>
[2026-04-24T15:30:31Z] [1121/1937] no-snapshot  https://www.firstfreewichita.org/
[2026-04-24T15:30:31Z]   availability check failed: <urlopen error [Errno 8] nodename nor servname provided, or not known>
[2026-04-24T15:30:31Z]   CDX check failed: <urlopen error [Errno 8] nodename nor servname provided, or not known>
[2026-04-24T15:30:31Z] [1122/1937] no-snapshot  https://www.firstfreewichita.org/staff
[2026-04-24T15:30:31Z]   availability check failed: <urlopen error [Errno 8] nodename nor servname provided, or not known>
[2026-04-24T15:30:31Z]   CDX check failed: <urlopen error [Errno 8] nodename nor servname provided, or not known>
[2026-04-24T15:30:31Z] [1123/1937] no-snapshot  https://www.communityfreechurch.org/
[2026-04-24T15:30:31Z]   availability check failed: <urlopen error [Errno 8] nodename nor servname provided, or not known>
[2026-04-24T15:30:31Z]   CDX check failed: <urlopen error [Errno 8] nodename nor servname provided, or not known>
[2026-04-24T15:30:31Z] [1124/1937] no-snapshot  https://www.communityfreechurch.org/leadership
[2026-04-24T15:30:31Z]   availability check failed: <urlopen error [Errno 8] nodename nor servname provided, or not known>
[2026-04-24T15:30:31Z]   CDX check failed: <urlopen error [Errno 8] nodename nor servname provided, or not known>
[2026-04-24T15:30:31Z] [1125/1937] no-snapshot  https://northwestbible.org/
[2026-04-24T15:30:31Z]   availability check failed: <urlopen error [Errno 8] nodename nor servname provided, or not known>
[2026-04-24T15:30:31Z]   CDX check failed: <urlopen error [Errno 8] nodename nor servname provided, or not known>
[2026-04-24T15:30:31Z] [1126/1937] no-snapshot  https://churches.efca.org/?id=12008
[2026-04-24T15:30:31Z]   availability check failed: <urlopen error [Errno 8] nodename nor servname provided, or not known>
[2026-04-24T15:30:31Z]   CDX check failed: <urlopen error [Errno 8] nodename nor servname provided, or not known>
[2026-04-24T15:30:31Z] [1127/1937] no-snapshot  https://livinghopesf.org/
[2026-04-24T15:30:31Z]   availability check failed: <urlopen error [Errno 8] nodename nor servname provided, or not known>
[2026-04-24T15:30:31Z]   CDX check failed: <urlopen error [Errno 8] nodename nor servname provided, or not known>
[2026-04-24T15:30:31Z] [1128/1937] no-snapshot  https://knowinggodsf.org/
[2026-04-24T15:30:31Z]   availability check failed: <urlopen error [Errno 8] nodename nor servname provided, or not known>
[2026-04-24T15:30:31Z]   CDX check failed: <urlopen error [Errno 8] nodename nor servname provided, or not known>
[2026-04-24T15:30:31Z] [1129/1937] no-snapshot  https://efca-west.districts.efca.org/team
[2026-04-24T15:30:31Z]   availability check failed: <urlopen error [Errno 8] nodename nor servname provided, or not known>
[2026-04-24T15:30:31Z]   CDX check failed: <urlopen error [Errno 8] nodename nor servname provided, or not known>
[2026-04-24T15:30:31Z] [1130/1937] no-snapshot  https://www.clovisevfree.org/
[2026-04-24T15:30:31Z]   checkpoint: {"fresh": 269, "older": 98, "saved": 0, "skip": 2, "fail": 0, "cached": 0, "no-snapshot": 761}
[2026-04-24T15:30:31Z]   availability check failed: <urlopen error [Errno 8] nodename nor servname provided, or not known>
[2026-04-24T15:30:31Z]   CDX check failed: <urlopen error [Errno 8] nodename nor servname provided, or not known>
[2026-04-24T15:30:31Z] [1131/1937] no-snapshot  https://churches.efca.org/?id=12846
[2026-04-24T15:30:31Z]   availability check failed: <urlopen error [Errno 8] nodename nor servname provided, or not known>
[2026-04-24T15:30:31Z]   CDX check failed: <urlopen error [Errno 8] nodename nor servname provided, or not known>
[2026-04-24T15:30:31Z] [1132/1937] no-snapshot  https://ottercreek.org/
[2026-04-24T15:30:31Z]   availability check failed: <urlopen error [Errno 8] nodename nor servname provided, or not known>
[2026-04-24T15:30:31Z]   CDX check failed: <urlopen error [Errno 8] nodename nor servname provided, or not known>
[2026-04-24T15:30:31Z] [1133/1937] no-snapshot  https://ottercreek.org/about-us/ministers-and-staff/
[2026-04-24T15:30:31Z]   availability check failed: <urlopen error [Errno 8] nodename nor servname provided, or not known>
[2026-04-24T15:30:31Z]   CDX check failed: <urlopen error [Errno 8] nodename nor servname provided, or not known>
[2026-04-24T15:30:31Z] [1134/1937] no-snapshot  https://www.bethanynaz.org/
[2026-04-24T15:30:31Z]   availability check failed: <urlopen error [Errno 8] nodename nor servname provided, or not known>
[2026-04-24T15:30:31Z]   CDX check failed: <urlopen error [Errno 8] nodename nor servname provided, or not known>
[2026-04-24T15:30:31Z] [1135/1937] no-snapshot  https://www.usachurches.org/church/bethany-first-church-of-the-nazarene.htm
[2026-04-24T15:30:31Z]   availability check failed: <urlopen error [Errno 8] nodename nor servname provided, or not known>
[2026-04-24T15:30:31Z]   CDX check failed: <urlopen error [Errno 8] nodename nor servname provided, or not known>
[2026-04-24T15:30:31Z] [1136/1937] no-snapshot  https://collegewes.com/
[2026-04-24T15:30:31Z]   availability check failed: <urlopen error [Errno 8] nodename nor servname provided, or not known>
[2026-04-24T15:30:31Z]   CDX check failed: <urlopen error [Errno 8] nodename nor servname provided, or not known>
[2026-04-24T15:30:31Z] [1137/1937] no-snapshot  https://collegewes.com/college/
[2026-04-24T15:30:31Z]   availability check failed: <urlopen error [Errno 8] nodename nor servname provided, or not known>
[2026-04-24T15:30:31Z]   CDX check failed: <urlopen error [Errno 8] nodename nor servname provided, or not known>
[2026-04-24T15:30:31Z] [1138/1937] no-snapshot  https://ffmc.org/
[2026-04-24T15:30:31Z]   availability check failed: <urlopen error [Errno 8] nodename nor servname provided, or not known>
[2026-04-24T15:30:31Z]   CDX check failed: <urlopen error [Errno 8] nodename nor servname provided, or not known>
[2026-04-24T15:30:31Z] [1139/1937] no-snapshot  https://ffmc.org/about/
[2026-04-24T15:30:31Z]   availability check failed: <urlopen error [Errno 8] nodename nor servname provided, or not known>
[2026-04-24T15:30:31Z]   CDX check failed: <urlopen error [Errno 8] nodename nor servname provided, or not known>
[2026-04-24T15:30:31Z] [1140/1937] no-snapshot  https://www.arborchurch.org/
[2026-04-24T15:30:31Z]   checkpoint: {"fresh": 269, "older": 98, "saved": 0, "skip": 2, "fail": 0, "cached": 0, "no-snapshot": 771}
[2026-04-24T15:30:31Z]   availability check failed: <urlopen error [Errno 8] nodename nor servname provided, or not known>
[2026-04-24T15:30:31Z]   CDX check failed: <urlopen error [Errno 8] nodename nor servname provided, or not known>
[2026-04-24T15:30:31Z] [1141/1937] no-snapshot  https://www.fmcnorthmich.org/free-methodist-foundation-fmf/
[2026-04-24T15:30:31Z]   availability check failed: <urlopen error [Errno 8] nodename nor servname provided, or not known>
[2026-04-24T15:30:31Z]   CDX check failed: <urlopen error [Errno 8] nodename nor servname provided, or not known>
[2026-04-24T15:30:31Z] [1142/1937] no-snapshot  https://www.mountvernonnaz.org/
[2026-04-24T15:30:31Z]   availability check failed: <urlopen error [Errno 8] nodename nor servname provided, or not known>
[2026-04-24T15:30:31Z]   CDX check failed: <urlopen error [Errno 8] nodename nor servname provided, or not known>
[2026-04-24T15:30:31Z] [1143/1937] no-snapshot  https://www.mountvernonnaz.org/about/
[2026-04-24T15:30:31Z]   availability check failed: <urlopen error [Errno 8] nodename nor servname provided, or not known>
[2026-04-24T15:30:31Z]   CDX check failed: <urlopen error [Errno 8] nodename nor servname provided, or not known>
[2026-04-24T15:30:31Z] [1144/1937] no-snapshot  https://www.revivewesleyan.com/
[2026-04-24T15:30:31Z]   availability check failed: <urlopen error [Errno 8] nodename nor servname provided, or not known>
[2026-04-24T15:30:31Z]   CDX check failed: <urlopen error [Errno 8] nodename nor servname provided, or not known>
[2026-04-24T15:30:31Z] [1145/1937] no-snapshot  https://www.usachurches.org/church/the-wesleyan-church-of-hamburg.htm
[2026-04-24T15:30:31Z]   availability check failed: <urlopen error [Errno 8] nodename nor servname provided, or not known>
[2026-04-24T15:30:31Z]   CDX check failed: <urlopen error [Errno 8] nodename nor servname provided, or not known>
[2026-04-24T15:30:31Z] [1146/1937] no-snapshot  https://www.fellowshipdallas.org/
[2026-04-24T15:30:31Z]   availability check failed: <urlopen error [Errno 8] nodename nor servname provided, or not known>
[2026-04-24T15:30:31Z]   CDX check failed: <urlopen error [Errno 8] nodename nor servname provided, or not known>
[2026-04-24T15:30:31Z] [1147/1937] no-snapshot  https://www.fellowshipdallas.org/our-team
[2026-04-24T15:30:31Z]   availability check failed: <urlopen error [Errno 8] nodename nor servname provided, or not known>
[2026-04-24T15:30:31Z]   CDX check failed: <urlopen error [Errno 8] nodename nor servname provided, or not known>
[2026-04-24T15:30:31Z] [1148/1937] no-snapshot  https://benttree.org/
[2026-04-24T15:30:31Z]   availability check failed: <urlopen error [Errno 8] nodename nor servname provided, or not known>
[2026-04-24T15:30:31Z]   CDX check failed: <urlopen error [Errno 8] nodename nor servname provided, or not known>
[2026-04-24T15:30:31Z] [1149/1937] no-snapshot  https://benttree.org/about/
[2026-04-24T15:30:31Z]   availability check failed: <urlopen error [Errno 8] nodename nor servname provided, or not known>
[2026-04-24T15:30:31Z]   CDX check failed: <urlopen error [Errno 8] nodename nor servname provided, or not known>
[2026-04-24T15:30:31Z] [1150/1937] no-snapshot  https://www.irvingbible.org/
[2026-04-24T15:30:31Z]   checkpoint: {"fresh": 269, "older": 98, "saved": 0, "skip": 2, "fail": 0, "cached": 0, "no-snapshot": 781}
[2026-04-24T15:30:31Z]   availability check failed: <urlopen error [Errno 8] nodename nor servname provided, or not known>
[2026-04-24T15:30:31Z]   CDX check failed: <urlopen error [Errno 8] nodename nor servname provided, or not known>
[2026-04-24T15:30:31Z] [1151/1937] no-snapshot  https://www.irvingbible.org/about
[2026-04-24T15:30:31Z]   availability check failed: <urlopen error [Errno 8] nodename nor servname provided, or not known>
[2026-04-24T15:30:31Z]   CDX check failed: <urlopen error [Errno 8] nodename nor servname provided, or not known>
[2026-04-24T15:30:31Z] [1152/1937] no-snapshot  https://www.dennyburk.com/irving-bible-church-goes-egalitarian/
[2026-04-24T15:30:31Z]   availability check failed: <urlopen error [Errno 8] nodename nor servname provided, or not known>
[2026-04-24T15:30:31Z]   CDX check failed: <urlopen error [Errno 8] nodename nor servname provided, or not known>
[2026-04-24T15:30:31Z] [1153/1937] no-snapshot  https://jcbc.org/
[2026-04-24T15:30:31Z]   availability check failed: <urlopen error [Errno 8] nodename nor servname provided, or not known>
[2026-04-24T15:30:31Z]   CDX check failed: <urlopen error [Errno 8] nodename nor servname provided, or not known>
[2026-04-24T15:30:31Z] [1154/1937] no-snapshot  https://jcbc.org/connection/our-staff/
[2026-04-24T15:30:31Z]   availability check failed: <urlopen error [Errno 8] nodename nor servname provided, or not known>
[2026-04-24T15:30:31Z]   CDX check failed: <urlopen error [Errno 8] nodename nor servname provided, or not known>
[2026-04-24T15:30:31Z] [1155/1937] no-snapshot  https://day1.org/organizations/5d9b820ef71918cdf20022bf/view
[2026-04-24T15:30:31Z]   availability check failed: <urlopen error [Errno 8] nodename nor servname provided, or not known>
[2026-04-24T15:30:31Z]   CDX check failed: <urlopen error [Errno 8] nodename nor servname provided, or not known>
[2026-04-24T15:30:31Z] [1156/1937] no-snapshot  https://www.gracejax.org/
[2026-04-24T15:30:31Z]   availability check failed: <urlopen error [Errno 8] nodename nor servname provided, or not known>
[2026-04-24T15:30:31Z]   CDX check failed: <urlopen error [Errno 8] nodename nor servname provided, or not known>
[2026-04-24T15:30:31Z] [1157/1937] no-snapshot  https://www.gracejax.org/about-us
[2026-04-24T15:30:31Z]   availability check failed: <urlopen error [Errno 8] nodename nor servname provided, or not known>
[2026-04-24T15:30:31Z]   CDX check failed: <urlopen error [Errno 8] nodename nor servname provided, or not known>
[2026-04-24T15:30:31Z] [1158/1937] no-snapshot  https://oakhillschurch.com/leadership
[2026-04-24T15:30:31Z]   availability check failed: <urlopen error [Errno 8] nodename nor servname provided, or not known>
[2026-04-24T15:30:31Z]   CDX check failed: <urlopen error [Errno 8] nodename nor servname provided, or not known>
[2026-04-24T15:30:31Z] [1159/1937] no-snapshot  https://www.texasmonthly.com/articles/oak-hills-church/
[2026-04-24T15:30:31Z]   availability check failed: <urlopen error [Errno 8] nodename nor servname provided, or not known>
[2026-04-24T15:30:31Z]   CDX check failed: <urlopen error [Errno 8] nodename nor servname provided, or not known>
[2026-04-24T15:30:31Z] [1160/1937] no-snapshot  https://outreachmagazine.com/interviews/3362-max-lucado-oak-hills-church-san-antonio-texas.html
[2026-04-24T15:30:31Z]   checkpoint: {"fresh": 269, "older": 98, "saved": 0, "skip": 2, "fail": 0, "cached": 0, "no-snapshot": 791}
[2026-04-24T15:30:31Z]   availability check failed: <urlopen error [Errno 8] nodename nor servname provided, or not known>
[2026-04-24T15:30:31Z]   CDX check failed: <urlopen error [Errno 8] nodename nor servname provided, or not known>
[2026-04-24T15:30:31Z] [1161/1937] no-snapshot  https://granitebay.baysideonline.com/leadership/
[2026-04-24T15:30:31Z]   availability check failed: <urlopen error [Errno 8] nodename nor servname provided, or not known>
[2026-04-24T15:30:31Z]   CDX check failed: <urlopen error [Errno 8] nodename nor servname provided, or not known>
[2026-04-24T15:30:31Z] [1162/1937] no-snapshot  https://outreach100.com/churches/bayside-church
[2026-04-24T15:30:31Z]   availability check failed: <urlopen error [Errno 8] nodename nor servname provided, or not known>
[2026-04-24T15:30:31Z]   CDX check failed: <urlopen error [Errno 8] nodename nor servname provided, or not known>
[2026-04-24T15:30:31Z] [1163/1937] no-snapshot  https://en.wikipedia.org/wiki/Bayside_Church_(Sacramento_region)
[2026-04-24T15:30:31Z]   availability check failed: <urlopen error [Errno 8] nodename nor servname provided, or not known>
[2026-04-24T15:30:31Z]   CDX check failed: <urlopen error [Errno 8] nodename nor servname provided, or not known>
[2026-04-24T15:30:31Z] [1164/1937] no-snapshot  https://www.peopleschurch.org/
[2026-04-24T15:30:31Z]   availability check failed: <urlopen error [Errno 8] nodename nor servname provided, or not known>
[2026-04-24T15:30:31Z]   CDX check failed: <urlopen error [Errno 8] nodename nor servname provided, or not known>
[2026-04-24T15:30:31Z] [1165/1937] no-snapshot  https://ag.org/church?g=3ed8f392-7d79-453c-b0b7-170e30a1f8a3&d=False
[2026-04-24T15:30:31Z]   availability check failed: <urlopen error [Errno 8] nodename nor servname provided, or not known>
[2026-04-24T15:30:31Z]   CDX check failed: <urlopen error [Errno 8] nodename nor servname provided, or not known>
[2026-04-24T15:30:31Z] [1166/1937] no-snapshot  https://newbreak.church/about/
[2026-04-24T15:30:31Z]   availability check failed: <urlopen error [Errno 8] nodename nor servname provided, or not known>
[2026-04-24T15:30:31Z]   CDX check failed: <urlopen error [Errno 8] nodename nor servname provided, or not known>
[2026-04-24T15:30:31Z] [1167/1937] no-snapshot  https://newbreak.church/
[2026-04-24T15:30:31Z]   availability check failed: <urlopen error [Errno 8] nodename nor servname provided, or not known>
[2026-04-24T15:30:31Z]   CDX check failed: <urlopen error [Errno 8] nodename nor servname provided, or not known>
[2026-04-24T15:30:31Z] [1168/1937] no-snapshot  https://www.usachurches.org/church/first-baptist-church-of-elk-grove.htm
[2026-04-24T15:30:31Z]   availability check failed: <urlopen error [Errno 8] nodename nor servname provided, or not known>
[2026-04-24T15:30:31Z]   CDX check failed: <urlopen error [Errno 8] nodename nor servname provided, or not known>
[2026-04-24T15:30:31Z] [1169/1937] no-snapshot  https://www.linkedin.com/in/jason-whalen-97b56b13/
[2026-04-24T15:30:31Z]   availability check failed: <urlopen error [Errno 8] nodename nor servname provided, or not known>
[2026-04-24T15:30:31Z]   CDX check failed: <urlopen error [Errno 8] nodename nor servname provided, or not known>
[2026-04-24T15:30:31Z] [1170/1937] no-snapshot  https://elkgrovehistoricalsociety.com/history-early-churches-religions/
[2026-04-24T15:30:31Z]   checkpoint: {"fresh": 269, "older": 98, "saved": 0, "skip": 2, "fail": 0, "cached": 0, "no-snapshot": 801}
[2026-04-24T15:30:31Z]   availability check failed: <urlopen error [Errno 8] nodename nor servname provided, or not known>
[2026-04-24T15:30:31Z]   CDX check failed: <urlopen error [Errno 8] nodename nor servname provided, or not known>
[2026-04-24T15:30:31Z] [1171/1937] no-snapshot  https://www.churchfinder.com/churches/ca/dublin/valley-christian-center
[2026-04-24T15:30:31Z]   availability check failed: <urlopen error [Errno 8] nodename nor servname provided, or not known>
[2026-04-24T15:30:31Z]   CDX check failed: <urlopen error [Errno 8] nodename nor servname provided, or not known>
[2026-04-24T15:30:31Z] [1172/1937] no-snapshot  https://citygospelmovements.org/resource/roger/
[2026-04-24T15:30:31Z]   availability check failed: <urlopen error [Errno 8] nodename nor servname provided, or not known>
[2026-04-24T15:30:31Z]   CDX check failed: <urlopen error [Errno 8] nodename nor servname provided, or not known>
[2026-04-24T15:30:31Z] [1173/1937] no-snapshot  http://www.vccassembly.org/guest/index.html
[2026-04-24T15:30:31Z]   availability check failed: <urlopen error [Errno 8] nodename nor servname provided, or not known>
[2026-04-24T15:30:31Z]   CDX check failed: <urlopen error [Errno 8] nodename nor servname provided, or not known>
[2026-04-24T15:30:31Z] [1174/1937] no-snapshot  https://www.occ.org/
[2026-04-24T15:30:31Z]   availability check failed: <urlopen error [Errno 8] nodename nor servname provided, or not known>
[2026-04-24T15:30:31Z]   CDX check failed: <urlopen error [Errno 8] nodename nor servname provided, or not known>
[2026-04-24T15:30:31Z] [1175/1937] no-snapshot  https://en.wikipedia.org/wiki/Overlake_Christian_Church
[2026-04-24T15:30:31Z]   availability check failed: <urlopen error [Errno 8] nodename nor servname provided, or not known>
[2026-04-24T15:30:31Z]   CDX check failed: <urlopen error [Errno 8] nodename nor servname provided, or not known>
[2026-04-24T15:30:31Z] [1176/1937] no-snapshot  https://lifecenter.net/
[2026-04-24T15:30:31Z]   availability check failed: <urlopen error [Errno 8] nodename nor servname provided, or not known>
[2026-04-24T15:30:31Z]   CDX check failed: <urlopen error [Errno 8] nodename nor servname provided, or not known>
[2026-04-24T15:30:31Z] [1177/1937] no-snapshot  https://lifecenter.net/about/
[2026-04-24T15:30:31Z]   availability check failed: <urlopen error [Errno 8] nodename nor servname provided, or not known>
[2026-04-24T15:30:31Z]   CDX check failed: <urlopen error [Errno 8] nodename nor servname provided, or not known>
[2026-04-24T15:30:31Z] [1178/1937] no-snapshot  https://westsidechurch.org/
[2026-04-24T15:30:31Z]   availability check failed: <urlopen error [Errno 8] nodename nor servname provided, or not known>
[2026-04-24T15:30:31Z]   CDX check failed: <urlopen error [Errno 8] nodename nor servname provided, or not known>
[2026-04-24T15:30:31Z] [1179/1937] no-snapshot  https://www.usachurches.org/church/westside-church-bend.htm
[2026-04-24T15:30:31Z]   availability check failed: <urlopen error [Errno 8] nodename nor servname provided, or not known>
[2026-04-24T15:30:31Z]   CDX check failed: <urlopen error [Errno 8] nodename nor servname provided, or not known>
[2026-04-24T15:30:31Z] [1180/1937] no-snapshot  https://www.k2thechurch.com/
[2026-04-24T15:30:31Z]   checkpoint: {"fresh": 269, "older": 98, "saved": 0, "skip": 2, "fail": 0, "cached": 0, "no-snapshot": 811}
[2026-04-24T15:30:31Z]   availability check failed: <urlopen error [Errno 8] nodename nor servname provided, or not known>
[2026-04-24T15:30:31Z]   CDX check failed: <urlopen error [Errno 8] nodename nor servname provided, or not known>
[2026-04-24T15:30:31Z] [1181/1937] no-snapshot  https://kutv.com/features/person-2-person/person-2-person-dave-nelson-lead-pastor-for-k2-the-church
[2026-04-24T15:30:31Z]   availability check failed: <urlopen error [Errno 8] nodename nor servname provided, or not known>
[2026-04-24T15:30:31Z]   CDX check failed: <urlopen error [Errno 8] nodename nor servname provided, or not known>
[2026-04-24T15:30:31Z] [1182/1937] no-snapshot  https://www.checkmychurch.org/post/church-check-7-k2-the-church-in-murray-utah
[2026-04-24T15:30:31Z]   availability check failed: <urlopen error [Errno 8] nodename nor servname provided, or not known>
[2026-04-24T15:30:31Z]   CDX check failed: <urlopen error [Errno 8] nodename nor servname provided, or not known>
[2026-04-24T15:30:31Z] [1183/1937] no-snapshot  https://www.faithstreet.com/church/first-baptist-church-great-falls-mt
[2026-04-24T15:30:31Z]   availability check failed: <urlopen error [Errno 8] nodename nor servname provided, or not known>
[2026-04-24T15:30:31Z]   CDX check failed: <urlopen error [Errno 8] nodename nor servname provided, or not known>
[2026-04-24T15:30:31Z] [1184/1937] no-snapshot  https://www.proclamation.org/
[2026-04-24T15:30:31Z]   availability check failed: <urlopen error [Errno 8] nodename nor servname provided, or not known>
[2026-04-24T15:30:31Z]   CDX check failed: <urlopen error [Errno 8] nodename nor servname provided, or not known>
[2026-04-24T15:30:31Z] [1185/1937] no-snapshot  https://www.chamberofcommerce.com/business-directory/pennsylvania/bryn-mawr/presbyterian-church/6862993-proclamation-presbyterian-church
[2026-04-24T15:30:31Z]   availability check failed: <urlopen error [Errno 8] nodename nor servname provided, or not known>
[2026-04-24T15:30:31Z]   CDX check failed: <urlopen error [Errno 8] nodename nor servname provided, or not known>
[2026-04-24T15:30:31Z] [1186/1937] no-snapshot  https://www.abc-nys.org/iroquois.html
[2026-04-24T15:30:31Z]   availability check failed: <urlopen error [Errno 8] nodename nor servname provided, or not known>
[2026-04-24T15:30:31Z]   CDX check failed: <urlopen error [Errno 8] nodename nor servname provided, or not known>
[2026-04-24T15:30:31Z] [1187/1937] no-snapshot  https://americanhistory.si.edu/collections/archival-item/sova-nmah-ac-0060-s01-01-churches-ref554
[2026-04-24T15:30:31Z]   availability check failed: <urlopen error [Errno 8] nodename nor servname provided, or not known>
[2026-04-24T15:30:31Z]   CDX check failed: <urlopen error [Errno 8] nodename nor servname provided, or not known>
[2026-04-24T15:30:31Z] [1188/1937] no-snapshot  https://libraries.mercer.edu/archivesspace/repositories/2/archival_objects/29677
[2026-04-24T15:30:31Z]   availability check failed: <urlopen error [Errno 8] nodename nor servname provided, or not known>
[2026-04-24T15:30:31Z]   CDX check failed: <urlopen error [Errno 8] nodename nor servname provided, or not known>
[2026-04-24T15:30:31Z] [1189/1937] no-snapshot  https://www.mediapresbyterian.org/
[2026-04-24T15:30:31Z]   availability check failed: <urlopen error [Errno 8] nodename nor servname provided, or not known>
[2026-04-24T15:30:31Z]   CDX check failed: <urlopen error [Errno 8] nodename nor servname provided, or not known>
[2026-04-24T15:30:31Z] [1190/1937] no-snapshot  https://www.mediapresbyterian.org/leadership
[2026-04-24T15:30:31Z]   checkpoint: {"fresh": 269, "older": 98, "saved": 0, "skip": 2, "fail": 0, "cached": 0, "no-snapshot": 821}
[2026-04-24T15:30:31Z]   availability check failed: <urlopen error [Errno 8] nodename nor servname provided, or not known>
[2026-04-24T15:30:31Z]   CDX check failed: <urlopen error [Errno 8] nodename nor servname provided, or not known>
[2026-04-24T15:30:31Z] [1191/1937] no-snapshot  https://pcusa.org/congregation/media-church-media-pa
[2026-04-24T15:30:31Z]   availability check failed: <urlopen error [Errno 8] nodename nor servname provided, or not known>
[2026-04-24T15:30:31Z]   CDX check failed: <urlopen error [Errno 8] nodename nor servname provided, or not known>
[2026-04-24T15:30:31Z] [1192/1937] no-snapshot  https://presbyphl.org/membership-directory/media-presbyterian-church-media/
[2026-04-24T15:30:31Z]   availability check failed: <urlopen error [Errno 8] nodename nor servname provided, or not known>
[2026-04-24T15:30:31Z]   CDX check failed: <urlopen error [Errno 8] nodename nor servname provided, or not known>
[2026-04-24T15:30:31Z] [1193/1937] no-snapshot  https://gracechurchmanchester.org/
[2026-04-24T15:30:31Z]   availability check failed: <urlopen error [Errno 8] nodename nor servname provided, or not known>
[2026-04-24T15:30:31Z]   CDX check failed: <urlopen error [Errno 8] nodename nor servname provided, or not known>
[2026-04-24T15:30:31Z] [1194/1937] no-snapshot  https://www.episcopalassetmap.org/dioceses/diocese-new-hampshire/list/grace-episcopal-church-0
[2026-04-24T15:30:31Z]   availability check failed: <urlopen error [Errno 8] nodename nor servname provided, or not known>
[2026-04-24T15:30:31Z]   CDX check failed: <urlopen error [Errno 8] nodename nor servname provided, or not known>
[2026-04-24T15:30:31Z] [1195/1937] no-snapshot  https://indianhillchurch.org/
[2026-04-24T15:30:31Z]   availability check failed: <urlopen error [Errno 8] nodename nor servname provided, or not known>
[2026-04-24T15:30:31Z]   CDX check failed: <urlopen error [Errno 8] nodename nor servname provided, or not known>
[2026-04-24T15:30:31Z] [1196/1937] no-snapshot  https://www.episcopalassetmap.org/dioceses/diocese-southern-ohio/list/indian-hill-church
[2026-04-24T15:30:31Z]   availability check failed: <urlopen error [Errno 8] nodename nor servname provided, or not known>
[2026-04-24T15:30:31Z]   CDX check failed: <urlopen error [Errno 8] nodename nor servname provided, or not known>
[2026-04-24T15:30:31Z] [1197/1937] no-snapshot  https://pcusa.org/congregation/indian-hill-church-cincinnati-oh
[2026-04-24T15:30:31Z]   availability check failed: <urlopen error [Errno 8] nodename nor servname provided, or not known>
[2026-04-24T15:30:31Z]   CDX check failed: <urlopen error [Errno 8] nodename nor servname provided, or not known>
[2026-04-24T15:30:31Z] [1198/1937] no-snapshot  https://kensingtonchurch.org/
[2026-04-24T15:30:31Z]   availability check failed: <urlopen error [Errno 8] nodename nor servname provided, or not known>
[2026-04-24T15:30:31Z]   CDX check failed: <urlopen error [Errno 8] nodename nor servname provided, or not known>
[2026-04-24T15:30:31Z] [1199/1937] no-snapshot  https://kensingtonchurch.org/about
[2026-04-24T15:30:31Z]   availability check failed: <urlopen error [Errno 8] nodename nor servname provided, or not known>
[2026-04-24T15:30:31Z]   CDX check failed: <urlopen error [Errno 8] nodename nor servname provided, or not known>
[2026-04-24T15:30:31Z] [1200/1937] no-snapshot  https://www.fbcdsm.org/
[2026-04-24T15:30:31Z]   checkpoint: {"fresh": 269, "older": 98, "saved": 0, "skip": 2, "fail": 0, "cached": 0, "no-snapshot": 831}
[2026-04-24T15:30:31Z]   availability check failed: <urlopen error [Errno 8] nodename nor servname provided, or not known>
[2026-04-24T15:30:31Z]   CDX check failed: <urlopen error [Errno 8] nodename nor servname provided, or not known>
[2026-04-24T15:30:31Z] [1201/1937] no-snapshot  https://collegechurch.com/about/who-we-are/
[2026-04-24T15:30:31Z]   availability check failed: <urlopen error [Errno 8] nodename nor servname provided, or not known>
[2026-04-24T15:30:31Z]   CDX check failed: <urlopen error [Errno 8] nodename nor servname provided, or not known>
[2026-04-24T15:30:31Z] [1202/1937] no-snapshot  https://collegechurch.com/about/our-history/
[2026-04-24T15:30:31Z]   availability check failed: <urlopen error [Errno 8] nodename nor servname provided, or not known>
[2026-04-24T15:30:31Z]   CDX check failed: <urlopen error [Errno 8] nodename nor servname provided, or not known>
[2026-04-24T15:30:31Z] [1203/1937] no-snapshot  https://www.chespres.org/
[2026-04-24T15:30:31Z]   availability check failed: <urlopen error [Errno 8] nodename nor servname provided, or not known>
[2026-04-24T15:30:31Z]   CDX check failed: <urlopen error [Errno 8] nodename nor servname provided, or not known>
[2026-04-24T15:30:31Z] [1204/1937] no-snapshot  https://www.mopres.org/churches
[2026-04-24T15:30:31Z]   availability check failed: <urlopen error [Errno 8] nodename nor servname provided, or not known>
[2026-04-24T15:30:31Z]   CDX check failed: <urlopen error [Errno 8] nodename nor servname provided, or not known>
[2026-04-24T15:30:31Z] [1205/1937] no-snapshot  https://www.pcahistory.org/churches/missouri.html
[2026-04-24T15:30:31Z]   availability check failed: <urlopen error [Errno 8] nodename nor servname provided, or not known>
[2026-04-24T15:30:31Z]   CDX check failed: <urlopen error [Errno 8] nodename nor servname provided, or not known>
[2026-04-24T15:30:31Z] [1206/1937] no-snapshot  https://www.victory.com/about
[2026-04-24T15:30:31Z]   availability check failed: <urlopen error [Errno 8] nodename nor servname provided, or not known>
[2026-04-24T15:30:31Z]   CDX check failed: <urlopen error [Errno 8] nodename nor servname provided, or not known>
[2026-04-24T15:30:31Z] [1207/1937] no-snapshot  https://www.kcm.org/church-listing/church/united-states/ok/tulsa/victory-christian-center
[2026-04-24T15:30:31Z]   availability check failed: <urlopen error [Errno 8] nodename nor servname provided, or not known>
[2026-04-24T15:30:31Z]   CDX check failed: <urlopen error [Errno 8] nodename nor servname provided, or not known>
[2026-04-24T15:30:31Z] [1208/1937] no-snapshot  https://www.elevationchurch.org/locations?location=matthews
[2026-04-24T15:30:31Z]   availability check failed: <urlopen error [Errno 8] nodename nor servname provided, or not known>
[2026-04-24T15:30:31Z]   CDX check failed: <urlopen error [Errno 8] nodename nor servname provided, or not known>
[2026-04-24T15:30:31Z] [1209/1937] no-snapshot  https://www.usachurches.org/church/elevation-church-charlotte.htm
[2026-04-24T15:30:31Z]   availability check failed: <urlopen error [Errno 8] nodename nor servname provided, or not known>
[2026-04-24T15:30:31Z]   CDX check failed: <urlopen error [Errno 8] nodename nor servname provided, or not known>
[2026-04-24T15:30:31Z] [1210/1937] no-snapshot  https://calvarystockton.com/about-us/
[2026-04-24T15:30:31Z]   checkpoint: {"fresh": 269, "older": 98, "saved": 0, "skip": 2, "fail": 0, "cached": 0, "no-snapshot": 841}
[2026-04-24T15:30:31Z]   availability check failed: <urlopen error [Errno 8] nodename nor servname provided, or not known>
[2026-04-24T15:30:31Z]   CDX check failed: <urlopen error [Errno 8] nodename nor servname provided, or not known>
[2026-04-24T15:30:31Z] [1211/1937] no-snapshot  https://calvarystockton.com/
[2026-04-24T15:30:31Z]   availability check failed: <urlopen error [Errno 8] nodename nor servname provided, or not known>
[2026-04-24T15:30:31Z]   CDX check failed: <urlopen error [Errno 8] nodename nor servname provided, or not known>
[2026-04-24T15:30:31Z] [1212/1937] no-snapshot  https://newhopepdx.org/
[2026-04-24T15:30:31Z]   availability check failed: <urlopen error [Errno 8] nodename nor servname provided, or not known>
[2026-04-24T15:30:31Z]   CDX check failed: <urlopen error [Errno 8] nodename nor servname provided, or not known>
[2026-04-24T15:30:31Z] [1213/1937] no-snapshot  https://newhopepdx.org/about/our-story
[2026-04-24T15:30:31Z]   availability check failed: <urlopen error [Errno 8] nodename nor servname provided, or not known>
[2026-04-24T15:30:31Z]   CDX check failed: <urlopen error [Errno 8] nodename nor servname provided, or not known>
[2026-04-24T15:30:31Z] [1214/1937] no-snapshot  https://orwacog.org/locations/new-hope-community-church/
[2026-04-24T15:30:31Z]   availability check failed: <urlopen error [Errno 8] nodename nor servname provided, or not known>
[2026-04-24T15:30:31Z]   CDX check failed: <urlopen error [Errno 8] nodename nor servname provided, or not known>
[2026-04-24T15:30:31Z] [1215/1937] no-snapshot  https://www.houstonsfirst.org
[2026-04-24T15:30:31Z]   availability check failed: <urlopen error [Errno 8] nodename nor servname provided, or not known>
[2026-04-24T15:30:31Z]   CDX check failed: <urlopen error [Errno 8] nodename nor servname provided, or not known>
[2026-04-24T15:30:31Z] [1216/1937] no-snapshot  https://www.faithstreet.com/church/northwest-baptist-church-reisterstown-md
[2026-04-24T15:30:31Z]   availability check failed: <urlopen error [Errno 8] nodename nor servname provided, or not known>
[2026-04-24T15:30:31Z]   CDX check failed: <urlopen error [Errno 8] nodename nor servname provided, or not known>
[2026-04-24T15:30:31Z] [1217/1937] no-snapshot  https://bcmd.org/about/
[2026-04-24T15:30:31Z]   availability check failed: <urlopen error [Errno 8] nodename nor servname provided, or not known>
[2026-04-24T15:30:31Z]   CDX check failed: <urlopen error [Errno 8] nodename nor servname provided, or not known>
[2026-04-24T15:30:31Z] [1218/1937] no-snapshot  https://www.ingleside.org/staff
[2026-04-24T15:30:31Z]   availability check failed: <urlopen error [Errno 8] nodename nor servname provided, or not known>
[2026-04-24T15:30:31Z]   CDX check failed: <urlopen error [Errno 8] nodename nor servname provided, or not known>
[2026-04-24T15:30:31Z] [1219/1937] no-snapshot  https://churches.sbc.net/church/ingleside-baptist-church-inc/
[2026-04-24T15:30:31Z]   availability check failed: <urlopen error [Errno 8] nodename nor servname provided, or not known>
[2026-04-24T15:30:31Z]   CDX check failed: <urlopen error [Errno 8] nodename nor servname provided, or not known>
[2026-04-24T15:30:31Z] [1220/1937] no-snapshot  https://christianindex.org/stories/justin-nalls-called-as-next-lead-pastor-at-macons-ingleside-baptist-church,75706
[2026-04-24T15:30:31Z]   checkpoint: {"fresh": 269, "older": 98, "saved": 0, "skip": 2, "fail": 0, "cached": 0, "no-snapshot": 851}
[2026-04-24T15:30:31Z]   availability check failed: <urlopen error [Errno 8] nodename nor servname provided, or not known>
[2026-04-24T15:30:31Z]   CDX check failed: <urlopen error [Errno 8] nodename nor servname provided, or not known>
[2026-04-24T15:30:31Z] [1221/1937] no-snapshot  https://churches.sbc.net/church/des-moines-grace-church/
[2026-04-24T15:30:31Z]   availability check failed: <urlopen error [Errno 8] nodename nor servname provided, or not known>
[2026-04-24T15:30:31Z]   CDX check failed: <urlopen error [Errno 8] nodename nor servname provided, or not known>
[2026-04-24T15:30:31Z] [1222/1937] no-snapshot  https://www.bayleaf.org/about
[2026-04-24T15:30:31Z]   availability check failed: <urlopen error [Errno 8] nodename nor servname provided, or not known>
[2026-04-24T15:30:31Z]   CDX check failed: <urlopen error [Errno 8] nodename nor servname provided, or not known>
[2026-04-24T15:30:31Z] [1223/1937] no-snapshot  https://www.brnow.org/news/jared-richard-to-be-nominated-for-2025-nc-baptist-pastors-conference-president/
[2026-04-24T15:30:31Z]   availability check failed: <urlopen error [Errno 8] nodename nor servname provided, or not known>
[2026-04-24T15:30:31Z]   CDX check failed: <urlopen error [Errno 8] nodename nor servname provided, or not known>
[2026-04-24T15:30:31Z] [1224/1937] no-snapshot  https://southcrest.org/meet-our-pastors/
[2026-04-24T15:30:31Z]   availability check failed: <urlopen error [Errno 8] nodename nor servname provided, or not known>
[2026-04-24T15:30:31Z]   CDX check failed: <urlopen error [Errno 8] nodename nor servname provided, or not known>
[2026-04-24T15:30:31Z] [1225/1937] no-snapshot  https://outreach100.com/churches/southcrest-baptist-church
[2026-04-24T15:30:31Z]   availability check failed: <urlopen error [Errno 8] nodename nor servname provided, or not known>
[2026-04-24T15:30:31Z]   CDX check failed: <urlopen error [Errno 8] nodename nor servname provided, or not known>
[2026-04-24T15:30:31Z] [1226/1937] no-snapshot  https://qsbc.org
[2026-04-24T15:30:31Z]   availability check failed: <urlopen error [Errno 8] nodename nor servname provided, or not known>
[2026-04-24T15:30:31Z]   CDX check failed: <urlopen error [Errno 8] nodename nor servname provided, or not known>
[2026-04-24T15:30:31Z] [1227/1937] no-snapshot  https://mobilebaptists.org/business-directory/282/cottage-hill-baptist-church/
[2026-04-24T15:30:31Z]   availability check failed: <urlopen error [Errno 8] nodename nor servname provided, or not known>
[2026-04-24T15:30:31Z]   CDX check failed: <urlopen error [Errno 8] nodename nor servname provided, or not known>
[2026-04-24T15:30:31Z] [1228/1937] no-snapshot  https://shandon.org/our-staff/
[2026-04-24T15:30:31Z]   availability check failed: <urlopen error [Errno 8] nodename nor servname provided, or not known>
[2026-04-24T15:30:31Z]   CDX check failed: <urlopen error [Errno 8] nodename nor servname provided, or not known>
[2026-04-24T15:30:31Z] [1229/1937] no-snapshot  https://www.highview.org/staff
[2026-04-24T15:30:31Z]   availability check failed: <urlopen error [Errno 8] nodename nor servname provided, or not known>
[2026-04-24T15:30:31Z]   CDX check failed: <urlopen error [Errno 8] nodename nor servname provided, or not known>
[2026-04-24T15:30:31Z] [1230/1937] no-snapshot  https://www.kybaptist.org/churches/highview-baptist-church/
[2026-04-24T15:30:31Z]   checkpoint: {"fresh": 269, "older": 98, "saved": 0, "skip": 2, "fail": 0, "cached": 0, "no-snapshot": 861}
[2026-04-24T15:30:32Z]   availability check failed: <urlopen error [Errno 8] nodename nor servname provided, or not known>
[2026-04-24T15:30:32Z]   CDX check failed: <urlopen error [Errno 8] nodename nor servname provided, or not known>
[2026-04-24T15:30:32Z] [1231/1937] no-snapshot  https://www.fbs.org/im-new/about-our-pastor/
[2026-04-24T15:30:32Z]   availability check failed: <urlopen error [Errno 8] nodename nor servname provided, or not known>
[2026-04-24T15:30:32Z]   CDX check failed: <urlopen error [Errno 8] nodename nor servname provided, or not known>
[2026-04-24T15:30:32Z] [1232/1937] no-snapshot  https://www.faithstreet.com/church/mud-creek-baptist-church-hendersonville-nc
[2026-04-24T15:30:32Z] [1233/1937] skip      https://www.facebook.com/mudcreekchurch/posts/
[2026-04-24T15:30:32Z]   availability check failed: <urlopen error [Errno 8] nodename nor servname provided, or not known>
[2026-04-24T15:30:32Z]   CDX check failed: <urlopen error [Errno 8] nodename nor servname provided, or not known>
[2026-04-24T15:30:32Z] [1234/1937] no-snapshot  https://www.hhbc.com
[2026-04-24T15:30:32Z]   availability check failed: <urlopen error [Errno 8] nodename nor servname provided, or not known>
[2026-04-24T15:30:32Z]   CDX check failed: <urlopen error [Errno 8] nodename nor servname provided, or not known>
[2026-04-24T15:30:32Z] [1235/1937] no-snapshot  https://www.councilroad.church/staff
[2026-04-24T15:30:32Z]   availability check failed: <urlopen error [Errno 8] nodename nor servname provided, or not known>
[2026-04-24T15:30:32Z]   CDX check failed: <urlopen error [Errno 8] nodename nor servname provided, or not known>
[2026-04-24T15:30:32Z] [1236/1937] no-snapshot  https://www.faithstreet.com/church/council-road-baptist-church-bethany-ok
[2026-04-24T15:30:32Z]   availability check failed: <urlopen error [Errno 8] nodename nor servname provided, or not known>
[2026-04-24T15:30:32Z]   CDX check failed: <urlopen error [Errno 8] nodename nor servname provided, or not known>
[2026-04-24T15:30:32Z] [1237/1937] no-snapshot  https://churches.sbc.net/church/council-road-baptist-church/
[2026-04-24T15:30:32Z]   availability check failed: <urlopen error [Errno 8] nodename nor servname provided, or not known>
[2026-04-24T15:30:32Z]   CDX check failed: <urlopen error [Errno 8] nodename nor servname provided, or not known>
[2026-04-24T15:30:32Z] [1238/1937] no-snapshot  https://www.baptistmessenger.com/looking-back-moving-ahead-melton-reflects-on-2-years-of-service-as-bgco-president/
[2026-04-24T15:30:32Z]   availability check failed: <urlopen error [Errno 8] nodename nor servname provided, or not known>
[2026-04-24T15:30:32Z]   CDX check failed: <urlopen error [Errno 8] nodename nor servname provided, or not known>
[2026-04-24T15:30:32Z] [1239/1937] no-snapshot  https://lakepointe.church
[2026-04-24T15:30:32Z]   availability check failed: <urlopen error [Errno 8] nodename nor servname provided, or not known>
[2026-04-24T15:30:32Z]   CDX check failed: <urlopen error [Errno 8] nodename nor servname provided, or not known>
[2026-04-24T15:30:32Z] [1240/1937] no-snapshot  https://fellowshipchurch.com/about
[2026-04-24T15:30:32Z]   checkpoint: {"fresh": 269, "older": 98, "saved": 0, "skip": 3, "fail": 0, "cached": 0, "no-snapshot": 870}
[2026-04-24T15:30:32Z]   availability check failed: <urlopen error [Errno 8] nodename nor servname provided, or not known>
[2026-04-24T15:30:32Z]   CDX check failed: <urlopen error [Errno 8] nodename nor servname provided, or not known>
[2026-04-24T15:30:32Z] [1241/1937] no-snapshot  https://en.wikipedia.org/wiki/Fellowship_Church
[2026-04-24T15:30:32Z]   availability check failed: <urlopen error [Errno 8] nodename nor servname provided, or not known>
[2026-04-24T15:30:32Z]   CDX check failed: <urlopen error [Errno 8] nodename nor servname provided, or not known>
[2026-04-24T15:30:32Z] [1242/1937] no-snapshot  https://en.wikipedia.org/wiki/Ed_Young_(Fellowship_Church)
[2026-04-24T15:30:32Z]   availability check failed: <urlopen error [Errno 8] nodename nor servname provided, or not known>
[2026-04-24T15:30:32Z]   CDX check failed: <urlopen error [Errno 8] nodename nor servname provided, or not known>
[2026-04-24T15:30:32Z] [1243/1937] no-snapshot  https://firstdallas.org
[2026-04-24T15:30:32Z]   availability check failed: <urlopen error [Errno 8] nodename nor servname provided, or not known>
[2026-04-24T15:30:32Z]   CDX check failed: <urlopen error [Errno 8] nodename nor servname provided, or not known>
[2026-04-24T15:30:32Z] [1244/1937] no-snapshot  https://fba.org/about
[2026-04-24T15:30:32Z]   availability check failed: <urlopen error [Errno 8] nodename nor servname provided, or not known>
[2026-04-24T15:30:32Z]   CDX check failed: <urlopen error [Errno 8] nodename nor servname provided, or not known>
[2026-04-24T15:30:32Z] [1245/1937] no-snapshot  https://www.sebts.edu
[2026-04-24T15:30:32Z]   availability check failed: <urlopen error [Errno 8] nodename nor servname provided, or not known>
[2026-04-24T15:30:32Z]   CDX check failed: <urlopen error [Errno 8] nodename nor servname provided, or not known>
[2026-04-24T15:30:32Z] [1246/1937] no-snapshot  https://en.wikipedia.org/wiki/North_Point_Community_Church
[2026-04-24T15:30:32Z]   availability check failed: <urlopen error [Errno 8] nodename nor servname provided, or not known>
[2026-04-24T15:30:32Z]   CDX check failed: <urlopen error [Errno 8] nodename nor servname provided, or not known>
[2026-04-24T15:30:32Z] [1247/1937] no-snapshot  https://northpoint.org/
[2026-04-24T15:30:32Z]   availability check failed: <urlopen error [Errno 8] nodename nor servname provided, or not known>
[2026-04-24T15:30:32Z]   CDX check failed: <urlopen error [Errno 8] nodename nor servname provided, or not known>
[2026-04-24T15:30:32Z] [1248/1937] no-snapshot  https://premierchristian.news/en/news/article/andy-stanley-criticises-southern-baptist-convention-over-female-pastor-fallout
[2026-04-24T15:30:32Z]   availability check failed: <urlopen error [Errno 8] nodename nor servname provided, or not known>
[2026-04-24T15:30:32Z]   CDX check failed: <urlopen error [Errno 8] nodename nor servname provided, or not known>
[2026-04-24T15:30:32Z] [1249/1937] no-snapshot  https://briarwood.org/about
[2026-04-24T15:30:32Z]   availability check failed: <urlopen error [Errno 8] nodename nor servname provided, or not known>
[2026-04-24T15:30:32Z]   CDX check failed: <urlopen error [Errno 8] nodename nor servname provided, or not known>
[2026-04-24T15:30:32Z] [1250/1937] no-snapshot  https://www.fbcmobile.com/history/
[2026-04-24T15:30:32Z]   checkpoint: {"fresh": 269, "older": 98, "saved": 0, "skip": 3, "fail": 0, "cached": 0, "no-snapshot": 880}
[2026-04-24T15:30:32Z]   availability check failed: <urlopen error [Errno 8] nodename nor servname provided, or not known>
[2026-04-24T15:30:32Z]   CDX check failed: <urlopen error [Errno 8] nodename nor servname provided, or not known>
[2026-04-24T15:30:32Z] [1251/1937] no-snapshot  https://www.fbcmobile.com/identity/
[2026-04-24T15:30:32Z]   availability check failed: <urlopen error [Errno 8] nodename nor servname provided, or not known>
[2026-04-24T15:30:32Z]   CDX check failed: <urlopen error [Errno 8] nodename nor servname provided, or not known>
[2026-04-24T15:30:32Z] [1252/1937] no-snapshot  https://www.faithstreet.com/church/grace-fellowship-church-florence-kentucky
[2026-04-24T15:30:32Z]   availability check failed: <urlopen error [Errno 8] nodename nor servname provided, or not known>
[2026-04-24T15:30:32Z]   CDX check failed: <urlopen error [Errno 8] nodename nor servname provided, or not known>
[2026-04-24T15:30:32Z] [1253/1937] no-snapshot  https://www.graceky.org/gfc-history/
[2026-04-24T15:30:32Z]   availability check failed: <urlopen error [Errno 8] nodename nor servname provided, or not known>
[2026-04-24T15:30:32Z]   CDX check failed: <urlopen error [Errno 8] nodename nor servname provided, or not known>
[2026-04-24T15:30:32Z] [1254/1937] no-snapshot  https://www.providencefrisco.com/im-new/our-team/afshin-ziafat/
[2026-04-24T15:30:32Z]   availability check failed: <urlopen error [Errno 8] nodename nor servname provided, or not known>
[2026-04-24T15:30:32Z]   CDX check failed: <urlopen error [Errno 8] nodename nor servname provided, or not known>
[2026-04-24T15:30:32Z] [1255/1937] no-snapshot  https://www.thegospelcoalition.org/profile/afshin-ziafat/
[2026-04-24T15:30:32Z]   availability check failed: <urlopen error [Errno 8] nodename nor servname provided, or not known>
[2026-04-24T15:30:32Z]   CDX check failed: <urlopen error [Errno 8] nodename nor servname provided, or not known>
[2026-04-24T15:30:32Z] [1256/1937] no-snapshot  https://compass.church/leadership?filterParameter=campus&campusId=2
[2026-04-24T15:30:32Z]   availability check failed: <urlopen error [Errno 8] nodename nor servname provided, or not known>
[2026-04-24T15:30:32Z]   CDX check failed: <urlopen error [Errno 8] nodename nor servname provided, or not known>
[2026-04-24T15:30:32Z] [1257/1937] no-snapshot  https://outreachmagazine.com/ideas/church-profiles/58447-real-relationships-compass-christian-church.html
[2026-04-24T15:30:32Z]   availability check failed: <urlopen error [Errno 8] nodename nor servname provided, or not known>
[2026-04-24T15:30:32Z]   CDX check failed: <urlopen error [Errno 8] nodename nor servname provided, or not known>
[2026-04-24T15:30:32Z] [1258/1937] no-snapshot  https://churchexecutive.com/archives/david-horner-senior-pastor-providence-baptist-church-raleigh-nc
[2026-04-24T15:30:32Z]   availability check failed: <urlopen error [Errno 8] nodename nor servname provided, or not known>
[2026-04-24T15:30:32Z]   CDX check failed: <urlopen error [Errno 8] nodename nor servname provided, or not known>
[2026-04-24T15:30:32Z] [1259/1937] no-snapshot  https://en.wikipedia.org/wiki/First_Baptist_Church_(Savannah,_Georgia)
[2026-04-24T15:30:32Z]   availability check failed: <urlopen error [Errno 8] nodename nor servname provided, or not known>
[2026-04-24T15:30:32Z]   CDX check failed: <urlopen error [Errno 8] nodename nor servname provided, or not known>
[2026-04-24T15:30:32Z] [1260/1937] no-snapshot  https://thealabamabaptist.org/fbc-montgomery-names-mark-bethea-as-candidate-for-new-pastor/
[2026-04-24T15:30:32Z]   checkpoint: {"fresh": 269, "older": 98, "saved": 0, "skip": 3, "fail": 0, "cached": 0, "no-snapshot": 890}
[2026-04-24T15:30:32Z]   availability check failed: <urlopen error [Errno 8] nodename nor servname provided, or not known>
[2026-04-24T15:30:32Z]   CDX check failed: <urlopen error [Errno 8] nodename nor servname provided, or not known>
[2026-04-24T15:30:32Z] [1261/1937] no-snapshot  https://firstbaptistgreenville.com/who-we-are/
[2026-04-24T15:30:32Z]   availability check failed: <urlopen error [Errno 8] nodename nor servname provided, or not known>
[2026-04-24T15:30:32Z]   CDX check failed: <urlopen error [Errno 8] nodename nor servname provided, or not known>
[2026-04-24T15:30:32Z] [1262/1937] no-snapshot  https://baptistcourier.com/2015/08/first-baptist-greenville-moves-to-the-left-of-left/
[2026-04-24T15:30:32Z]   availability check failed: <urlopen error [Errno 8] nodename nor servname provided, or not known>
[2026-04-24T15:30:32Z]   CDX check failed: <urlopen error [Errno 8] nodename nor servname provided, or not known>
[2026-04-24T15:30:32Z] [1263/1937] no-snapshot  https://baptistnews.com/article/on-the-sbc-alliance-and-cbf-and-lost-causes/
[2026-04-24T15:30:32Z]   availability check failed: <urlopen error [Errno 8] nodename nor servname provided, or not known>
[2026-04-24T15:30:32Z]   CDX check failed: <urlopen error [Errno 8] nodename nor servname provided, or not known>
[2026-04-24T15:30:32Z] [1264/1937] no-snapshot  https://www.salemchicago.org
[2026-04-24T15:30:32Z]   availability check failed: <urlopen error [Errno 8] nodename nor servname provided, or not known>
[2026-04-24T15:30:32Z]   CDX check failed: <urlopen error [Errno 8] nodename nor servname provided, or not known>
[2026-04-24T15:30:32Z] [1265/1937] no-snapshot  https://julieroys.com/charlie-dates-succeed-chicago-pastor-lead-two-churches/
[2026-04-24T15:30:32Z]   availability check failed: <urlopen error [Errno 8] nodename nor servname provided, or not known>
[2026-04-24T15:30:32Z]   CDX check failed: <urlopen error [Errno 8] nodename nor servname provided, or not known>
[2026-04-24T15:30:32Z] [1266/1937] no-snapshot  https://gdbassoc.org/ (ECONNREFUSED)
[2026-04-24T15:30:32Z]   availability check failed: <urlopen error [Errno 8] nodename nor servname provided, or not known>
[2026-04-24T15:30:32Z]   CDX check failed: <urlopen error [Errno 8] nodename nor servname provided, or not known>
[2026-04-24T15:30:32Z] [1267/1937] no-snapshot  https://www.sbc.net/association/greater-detroit-association/
[2026-04-24T15:30:32Z]   availability check failed: <urlopen error [Errno 8] nodename nor servname provided, or not known>
[2026-04-24T15:30:32Z]   CDX check failed: <urlopen error [Errno 8] nodename nor servname provided, or not known>
[2026-04-24T15:30:32Z] [1268/1937] no-snapshot  https://www.greaterdetroitbaptists.org/
[2026-04-24T15:30:32Z]   availability check failed: <urlopen error [Errno 8] nodename nor servname provided, or not known>
[2026-04-24T15:30:32Z]   CDX check failed: <urlopen error [Errno 8] nodename nor servname provided, or not known>
[2026-04-24T15:30:32Z] [1269/1937] no-snapshot  https://fhbcgr.org
[2026-04-24T15:30:32Z]   availability check failed: <urlopen error [Errno 8] nodename nor servname provided, or not known>
[2026-04-24T15:30:32Z]   CDX check failed: <urlopen error [Errno 8] nodename nor servname provided, or not known>
[2026-04-24T15:30:32Z] [1270/1937] no-snapshot  https://fhbcgr.org/about/our-leadership/
[2026-04-24T15:30:32Z]   checkpoint: {"fresh": 269, "older": 98, "saved": 0, "skip": 3, "fail": 0, "cached": 0, "no-snapshot": 900}
[2026-04-24T15:30:32Z]   availability check failed: <urlopen error [Errno 8] nodename nor servname provided, or not known>
[2026-04-24T15:30:32Z]   CDX check failed: <urlopen error [Errno 8] nodename nor servname provided, or not known>
[2026-04-24T15:30:32Z] [1271/1937] no-snapshot  https://bethlehem.church
[2026-04-24T15:30:32Z]   availability check failed: <urlopen error [Errno 8] nodename nor servname provided, or not known>
[2026-04-24T15:30:32Z]   CDX check failed: <urlopen error [Errno 8] nodename nor servname provided, or not known>
[2026-04-24T15:30:32Z] [1272/1937] no-snapshot  https://www.southernbaptistchurch.org
[2026-04-24T15:30:32Z]   availability check failed: <urlopen error [Errno 8] nodename nor servname provided, or not known>
[2026-04-24T15:30:32Z]   CDX check failed: <urlopen error [Errno 8] nodename nor servname provided, or not known>
[2026-04-24T15:30:32Z] [1273/1937] no-snapshot  https://www.baltimoremagazine.com/section/gamechangers/q-a-with-donte-l-hickman-sr-southern-baptist-church/
[2026-04-24T15:30:32Z]   availability check failed: <urlopen error [Errno 8] nodename nor servname provided, or not known>
[2026-04-24T15:30:32Z]   CDX check failed: <urlopen error [Errno 8] nodename nor servname provided, or not known>
[2026-04-24T15:30:32Z] [1274/1937] no-snapshot  https://ebc-tucson.org
[2026-04-24T15:30:32Z]   availability check failed: <urlopen error [Errno 8] nodename nor servname provided, or not known>
[2026-04-24T15:30:32Z]   CDX check failed: <urlopen error [Errno 8] nodename nor servname provided, or not known>
[2026-04-24T15:30:32Z] [1275/1937] no-snapshot  https://churches.sbc.net/church/emmanuel-baptist-church-20/
[2026-04-24T15:30:32Z]   availability check failed: <urlopen error [Errno 8] nodename nor servname provided, or not known>
[2026-04-24T15:30:32Z]   CDX check failed: <urlopen error [Errno 8] nodename nor servname provided, or not known>
[2026-04-24T15:30:32Z] [1276/1937] no-snapshot  https://encantosbc.com
[2026-04-24T15:30:32Z]   availability check failed: <urlopen error [Errno 8] nodename nor servname provided, or not known>
[2026-04-24T15:30:32Z]   CDX check failed: <urlopen error [Errno 8] nodename nor servname provided, or not known>
[2026-04-24T15:30:32Z] [1277/1937] no-snapshot  https://www.woodmont.org
[2026-04-24T15:30:32Z]   availability check failed: <urlopen error [Errno 8] nodename nor servname provided, or not known>
[2026-04-24T15:30:32Z]   CDX check failed: <urlopen error [Errno 8] nodename nor servname provided, or not known>
[2026-04-24T15:30:32Z] [1278/1937] no-snapshot  https://www.woodmont.org/ministers
[2026-04-24T15:30:32Z]   availability check failed: <urlopen error [Errno 8] nodename nor servname provided, or not known>
[2026-04-24T15:30:32Z]   CDX check failed: <urlopen error [Errno 8] nodename nor servname provided, or not known>
[2026-04-24T15:30:32Z] [1279/1937] no-snapshot  https://www.cocgreenhills.org
[2026-04-24T15:30:32Z]   availability check failed: <urlopen error [Errno 8] nodename nor servname provided, or not known>
[2026-04-24T15:30:32Z]   CDX check failed: <urlopen error [Errno 8] nodename nor servname provided, or not known>
[2026-04-24T15:30:32Z] [1280/1937] no-snapshot  https://www.cocgreenhills.org/about
[2026-04-24T15:30:32Z]   checkpoint: {"fresh": 269, "older": 98, "saved": 0, "skip": 3, "fail": 0, "cached": 0, "no-snapshot": 910}
[2026-04-24T15:30:32Z]   availability check failed: <urlopen error [Errno 8] nodename nor servname provided, or not known>
[2026-04-24T15:30:32Z]   CDX check failed: <urlopen error [Errno 8] nodename nor servname provided, or not known>
[2026-04-24T15:30:32Z] [1281/1937] no-snapshot  http://wherethespiritleads.org/gender_inclusive_churches.htm
[2026-04-24T15:30:32Z]   availability check failed: <urlopen error [Errno 8] nodename nor servname provided, or not known>
[2026-04-24T15:30:32Z]   CDX check failed: <urlopen error [Errno 8] nodename nor servname provided, or not known>
[2026-04-24T15:30:32Z] [1282/1937] no-snapshot  https://www.highlandchurch.org
[2026-04-24T15:30:32Z]   availability check failed: <urlopen error [Errno 8] nodename nor servname provided, or not known>
[2026-04-24T15:30:32Z]   CDX check failed: <urlopen error [Errno 8] nodename nor servname provided, or not known>
[2026-04-24T15:30:32Z] [1283/1937] no-snapshot  https://sports.yahoo.com/womens-history-elders-abilenes-highland-040003507.html
[2026-04-24T15:30:32Z]   availability check failed: <urlopen error [Errno 8] nodename nor servname provided, or not known>
[2026-04-24T15:30:32Z]   CDX check failed: <urlopen error [Errno 8] nodename nor servname provided, or not known>
[2026-04-24T15:30:32Z] [1284/1937] no-snapshot  https://authentictheology.com/2019/09/17/one-of-largest-churches-of-christ-opens-preaching-role-to-women-and-some-questions/
[2026-04-24T15:30:32Z]   availability check failed: <urlopen error [Errno 8] nodename nor servname provided, or not known>
[2026-04-24T15:30:32Z]   CDX check failed: <urlopen error [Errno 8] nodename nor servname provided, or not known>
[2026-04-24T15:30:32Z] [1285/1937] no-snapshot  https://www.ckhome.org
[2026-04-24T15:30:32Z]   availability check failed: <urlopen error [Errno 8] nodename nor servname provided, or not known>
[2026-04-24T15:30:32Z]   CDX check failed: <urlopen error [Errno 8] nodename nor servname provided, or not known>
[2026-04-24T15:30:32Z] [1286/1937] no-snapshot  https://www.ckhome.org/what-we-believe
[2026-04-24T15:30:32Z]   availability check failed: <urlopen error [Errno 8] nodename nor servname provided, or not known>
[2026-04-24T15:30:32Z]   CDX check failed: <urlopen error [Errno 8] nodename nor servname provided, or not known>
[2026-04-24T15:30:32Z] [1287/1937] no-snapshot  https://www.mlchouston.org/
[2026-04-24T15:30:32Z]   availability check failed: <urlopen error [Errno 8] nodename nor servname provided, or not known>
[2026-04-24T15:30:32Z]   CDX check failed: <urlopen error [Errno 8] nodename nor servname provided, or not known>
[2026-04-24T15:30:32Z] [1288/1937] no-snapshot  https://www.concordialutheranhouston.com
[2026-04-24T15:30:32Z]   availability check failed: <urlopen error [Errno 8] nodename nor servname provided, or not known>
[2026-04-24T15:30:32Z]   CDX check failed: <urlopen error [Errno 8] nodename nor servname provided, or not known>
[2026-04-24T15:30:32Z] [1289/1937] no-snapshot  https://www.betheldallas.org
[2026-04-24T15:30:32Z]   availability check failed: <urlopen error [Errno 8] nodename nor servname provided, or not known>
[2026-04-24T15:30:32Z]   CDX check failed: <urlopen error [Errno 8] nodename nor servname provided, or not known>
[2026-04-24T15:30:32Z] [1290/1937] no-snapshot  https://christfortworth.com/dt_team/pastor-stace-rollefson/
[2026-04-24T15:30:32Z]   checkpoint: {"fresh": 269, "older": 98, "saved": 0, "skip": 3, "fail": 0, "cached": 0, "no-snapshot": 920}
[2026-04-24T15:30:32Z]   availability check failed: <urlopen error [Errno 8] nodename nor servname provided, or not known>
[2026-04-24T15:30:32Z]   CDX check failed: <urlopen error [Errno 8] nodename nor servname provided, or not known>
[2026-04-24T15:30:32Z] [1291/1937] no-snapshot  https://locator.lcms.org/church/C/332261
[2026-04-24T15:30:32Z]   availability check failed: <urlopen error [Errno 8] nodename nor servname provided, or not known>
[2026-04-24T15:30:32Z]   CDX check failed: <urlopen error [Errno 8] nodename nor servname provided, or not known>
[2026-04-24T15:30:32Z] [1292/1937] no-snapshot  https://www.ebenezerchurch.org
[2026-04-24T15:30:32Z]   availability check failed: <urlopen error [Errno 8] nodename nor servname provided, or not known>
[2026-04-24T15:30:32Z]   CDX check failed: <urlopen error [Errno 8] nodename nor servname provided, or not known>
[2026-04-24T15:30:32Z] [1293/1937] no-snapshot  http://chicagowelcomingchurches.org/partners/ebenezerlutheran.php
[2026-04-24T15:30:32Z]   availability check failed: <urlopen error [Errno 8] nodename nor servname provided, or not known>
[2026-04-24T15:30:32Z]   CDX check failed: <urlopen error [Errno 8] nodename nor servname provided, or not known>
[2026-04-24T15:30:32Z] [1294/1937] no-snapshot  https://www.elm.org/2010/10/14/rev-erik-christensen-received-onto-elca-chicago-metro-clergy-roster/
[2026-04-24T15:30:32Z]   availability check failed: <urlopen error [Errno 8] nodename nor servname provided, or not known>
[2026-04-24T15:30:32Z]   CDX check failed: <urlopen error [Errno 8] nodename nor servname provided, or not known>
[2026-04-24T15:30:32Z] [1295/1937] no-snapshot  https://immanuellutheranchicago.org
[2026-04-24T15:30:32Z]   availability check failed: <urlopen error [Errno 8] nodename nor servname provided, or not known>
[2026-04-24T15:30:32Z]   CDX check failed: <urlopen error [Errno 8] nodename nor servname provided, or not known>
[2026-04-24T15:30:32Z] [1296/1937] no-snapshot  https://www.faithlutherancorning.org
[2026-04-24T15:30:32Z]   availability check failed: <urlopen error [Errno 8] nodename nor servname provided, or not known>
[2026-04-24T15:30:32Z]   CDX check failed: <urlopen error [Errno 8] nodename nor servname provided, or not known>
[2026-04-24T15:30:32Z] [1297/1937] no-snapshot  https://concordiamaplewood.org
[2026-04-24T15:30:32Z]   availability check failed: <urlopen error [Errno 8] nodename nor servname provided, or not known>
[2026-04-24T15:30:32Z]   CDX check failed: <urlopen error [Errno 8] nodename nor servname provided, or not known>
[2026-04-24T15:30:32Z] [1298/1937] no-snapshot  https://locator.lcms.org/church/C/550622
[2026-04-24T15:30:32Z]   availability check failed: <urlopen error [Errno 8] nodename nor servname provided, or not known>
[2026-04-24T15:30:32Z]   CDX check failed: <urlopen error [Errno 8] nodename nor servname provided, or not known>
[2026-04-24T15:30:32Z] [1299/1937] no-snapshot  https://www.concordiahagerstown.org/church-staff-leadership
[2026-04-24T15:30:32Z]   availability check failed: <urlopen error [Errno 8] nodename nor servname provided, or not known>
[2026-04-24T15:30:32Z]   CDX check failed: <urlopen error [Errno 8] nodename nor servname provided, or not known>
[2026-04-24T15:30:32Z] [1300/1937] no-snapshot  https://www.nidlcms.org/churches/
[2026-04-24T15:30:32Z]   checkpoint: {"fresh": 269, "older": 98, "saved": 0, "skip": 3, "fail": 0, "cached": 0, "no-snapshot": 930}
[2026-04-24T15:30:32Z]   availability check failed: <urlopen error [Errno 8] nodename nor servname provided, or not known>
[2026-04-24T15:30:32Z]   CDX check failed: <urlopen error [Errno 8] nodename nor servname provided, or not known>
[2026-04-24T15:30:32Z] [1301/1937] no-snapshot  http://stmatthewbarrington.org/
[2026-04-24T15:30:32Z]   availability check failed: <urlopen error [Errno 8] nodename nor servname provided, or not known>
[2026-04-24T15:30:32Z]   CDX check failed: <urlopen error [Errno 8] nodename nor servname provided, or not known>
[2026-04-24T15:30:32Z] [1302/1937] no-snapshot  https://in.lcms.org/
[2026-04-24T15:30:32Z]   availability check failed: <urlopen error [Errno 8] nodename nor servname provided, or not known>
[2026-04-24T15:30:32Z]   CDX check failed: <urlopen error [Errno 8] nodename nor servname provided, or not known>
[2026-04-24T15:30:32Z] [1303/1937] no-snapshot  https://2ndbc.org
[2026-04-24T15:30:32Z]   availability check failed: <urlopen error [Errno 8] nodename nor servname provided, or not known>
[2026-04-24T15:30:32Z]   CDX check failed: <urlopen error [Errno 8] nodename nor servname provided, or not known>
[2026-04-24T15:30:32Z] [1304/1937] no-snapshot  https://www.faithstreet.com/church/faith-community-church-woodstock-ga
[2026-04-24T15:30:32Z]   availability check failed: <urlopen error [Errno 8] nodename nor servname provided, or not known>
[2026-04-24T15:30:32Z]   CDX check failed: <urlopen error [Errno 8] nodename nor servname provided, or not known>
[2026-04-24T15:30:32Z] [1305/1937] no-snapshot  https://www.faithcommunitychurch.org
[2026-04-24T15:30:32Z]   availability check failed: <urlopen error [Errno 8] nodename nor servname provided, or not known>
[2026-04-24T15:30:32Z]   CDX check failed: <urlopen error [Errno 8] nodename nor servname provided, or not known>
[2026-04-24T15:30:32Z] [1306/1937] no-snapshot  https://www.firstredeemer.org/our-pastor
[2026-04-24T15:30:32Z]   availability check failed: <urlopen error [Errno 8] nodename nor servname provided, or not known>
[2026-04-24T15:30:32Z]   CDX check failed: <urlopen error [Errno 8] nodename nor servname provided, or not known>
[2026-04-24T15:30:32Z] [1307/1937] no-snapshot  https://churches.sbc.net/church/first-redeemer-church-inc/
[2026-04-24T15:30:32Z]   availability check failed: <urlopen error [Errno 8] nodename nor servname provided, or not known>
[2026-04-24T15:30:32Z]   CDX check failed: <urlopen error [Errno 8] nodename nor servname provided, or not known>
[2026-04-24T15:30:32Z] [1308/1937] no-snapshot  https://kennesawfirst.church
[2026-04-24T15:30:32Z]   availability check failed: <urlopen error [Errno 8] nodename nor servname provided, or not known>
[2026-04-24T15:30:32Z]   CDX check failed: <urlopen error [Errno 8] nodename nor servname provided, or not known>
[2026-04-24T15:30:32Z] [1309/1937] no-snapshot  https://www.faithstreet.com/church/first-baptist-of-kennesaw-kennesaw-ga
[2026-04-24T15:30:32Z]   availability check failed: <urlopen error [Errno 8] nodename nor servname provided, or not known>
[2026-04-24T15:30:32Z]   CDX check failed: <urlopen error [Errno 8] nodename nor servname provided, or not known>
[2026-04-24T15:30:32Z] [1310/1937] no-snapshot  https://www.summitchurch.org
[2026-04-24T15:30:32Z]   checkpoint: {"fresh": 269, "older": 98, "saved": 0, "skip": 3, "fail": 0, "cached": 0, "no-snapshot": 940}
[2026-04-24T15:30:32Z]   availability check failed: <urlopen error [Errno 8] nodename nor servname provided, or not known>
[2026-04-24T15:30:32Z]   CDX check failed: <urlopen error [Errno 8] nodename nor servname provided, or not known>
[2026-04-24T15:30:32Z] [1311/1937] no-snapshot  https://churches.sbc.net/church/summit-baptist-church-of-cobb-county-inc/
[2026-04-24T15:30:32Z]   availability check failed: <urlopen error [Errno 8] nodename nor servname provided, or not known>
[2026-04-24T15:30:32Z]   CDX check failed: <urlopen error [Errno 8] nodename nor servname provided, or not known>
[2026-04-24T15:30:32Z] [1312/1937] no-snapshot  https://www.faithstreet.com/church/summit-baptist-church-acworth-ga
[2026-04-24T15:30:32Z]   availability check failed: <urlopen error [Errno 8] nodename nor servname provided, or not known>
[2026-04-24T15:30:32Z]   CDX check failed: <urlopen error [Errno 8] nodename nor servname provided, or not known>
[2026-04-24T15:30:32Z] [1313/1937] no-snapshot  https://www.scbaptist.org/churches/indian-land-baptist-church/
[2026-04-24T15:30:32Z]   availability check failed: <urlopen error [Errno 8] nodename nor servname provided, or not known>
[2026-04-24T15:30:32Z]   CDX check failed: <urlopen error [Errno 8] nodename nor servname provided, or not known>
[2026-04-24T15:30:32Z] [1314/1937] no-snapshot  https://churches.sbc.net/church/wesley-chapel-first-baptist-church/
[2026-04-24T15:30:32Z]   availability check failed: <urlopen error [Errno 8] nodename nor servname provided, or not known>
[2026-04-24T15:30:32Z]   CDX check failed: <urlopen error [Errno 8] nodename nor servname provided, or not known>
[2026-04-24T15:30:32Z] [1315/1937] no-snapshot  https://www.fbcwesleychapel.org/
[2026-04-24T15:30:32Z]   availability check failed: <urlopen error [Errno 8] nodename nor servname provided, or not known>
[2026-04-24T15:30:32Z]   CDX check failed: <urlopen error [Errno 8] nodename nor servname provided, or not known>
[2026-04-24T15:30:32Z] [1316/1937] no-snapshot  https://www.northshelbybaptist.org/about
[2026-04-24T15:30:32Z]   availability check failed: <urlopen error [Errno 8] nodename nor servname provided, or not known>
[2026-04-24T15:30:32Z]   CDX check failed: <urlopen error [Errno 8] nodename nor servname provided, or not known>
[2026-04-24T15:30:32Z] [1317/1937] no-snapshot  https://churches.sbc.net/church/riverchase-baptist-church/
[2026-04-24T15:30:32Z]   availability check failed: <urlopen error [Errno 8] nodename nor servname provided, or not known>
[2026-04-24T15:30:32Z]   CDX check failed: <urlopen error [Errno 8] nodename nor servname provided, or not known>
[2026-04-24T15:30:32Z] [1318/1937] no-snapshot  https://thealabamabaptist.org/riverchase-baptist-church-welcomes-chase-mclain-as-new-pastor/
[2026-04-24T15:30:32Z]   availability check failed: <urlopen error [Errno 8] nodename nor servname provided, or not known>
[2026-04-24T15:30:32Z]   CDX check failed: <urlopen error [Errno 8] nodename nor servname provided, or not known>
[2026-04-24T15:30:32Z] [1319/1937] no-snapshot  https://www.fox5atlanta.com/news/southern-baptists-oust-kennesaw-church-over-lgbtq-inclusion
[2026-04-24T15:30:32Z]   availability check failed: <urlopen error [Errno 8] nodename nor servname provided, or not known>
[2026-04-24T15:30:32Z]   CDX check failed: <urlopen error [Errno 8] nodename nor servname provided, or not known>
[2026-04-24T15:30:32Z] [1320/1937] no-snapshot  https://www.baptistpress.com/resource-library/news/sbc-executive-committee-disfellowships-four-churches/
[2026-04-24T15:30:32Z]   checkpoint: {"fresh": 269, "older": 98, "saved": 0, "skip": 3, "fail": 0, "cached": 0, "no-snapshot": 950}
[2026-04-24T15:30:32Z]   availability check failed: <urlopen error [Errno 8] nodename nor servname provided, or not known>
[2026-04-24T15:30:32Z]   CDX check failed: <urlopen error [Errno 8] nodename nor servname provided, or not known>
[2026-04-24T15:30:32Z] [1321/1937] no-snapshot  https://www.ajc.com/news/sbc-removes-kennesaw-church-over-lgbtq-inclusion/OYQGMPMGPFBN7KQ7KFOUI67QW4/
[2026-04-24T15:30:32Z]   availability check failed: <urlopen error [Errno 8] nodename nor servname provided, or not known>
[2026-04-24T15:30:32Z]   CDX check failed: <urlopen error [Errno 8] nodename nor servname provided, or not known>
[2026-04-24T15:30:32Z] [1322/1937] no-snapshot  https://thealabamabaptist.org/tag/mark-bethea/
[2026-04-24T15:30:32Z]   availability check failed: <urlopen error [Errno 8] nodename nor servname provided, or not known>
[2026-04-24T15:30:32Z]   CDX check failed: <urlopen error [Errno 8] nodename nor servname provided, or not known>
[2026-04-24T15:30:32Z] [1323/1937] no-snapshot  https://www.tsbc.net/
[2026-04-24T15:30:32Z]   availability check failed: <urlopen error [Errno 8] nodename nor servname provided, or not known>
[2026-04-24T15:30:32Z]   CDX check failed: <urlopen error [Errno 8] nodename nor servname provided, or not known>
[2026-04-24T15:30:32Z] [1324/1937] no-snapshot  https://www.sevenmileroadhouston.org/
[2026-04-24T15:30:32Z]   availability check failed: <urlopen error [Errno 8] nodename nor servname provided, or not known>
[2026-04-24T15:30:32Z]   CDX check failed: <urlopen error [Errno 8] nodename nor servname provided, or not known>
[2026-04-24T15:30:32Z] [1325/1937] no-snapshot  https://www.acts29.com/church/seven-mile-road-houston/
[2026-04-24T15:30:32Z]   availability check failed: <urlopen error [Errno 8] nodename nor servname provided, or not known>
[2026-04-24T15:30:32Z]   CDX check failed: <urlopen error [Errno 8] nodename nor servname provided, or not known>
[2026-04-24T15:30:32Z] [1326/1937] no-snapshot  https://mercyhillchurch.com/staff/
[2026-04-24T15:30:32Z]   availability check failed: <urlopen error [Errno 8] nodename nor servname provided, or not known>
[2026-04-24T15:30:32Z]   CDX check failed: <urlopen error [Errno 8] nodename nor servname provided, or not known>
[2026-04-24T15:30:32Z] [1327/1937] no-snapshot  https://redeemerkc.church
[2026-04-24T15:30:32Z]   availability check failed: <urlopen error [Errno 8] nodename nor servname provided, or not known>
[2026-04-24T15:30:32Z]   CDX check failed: <urlopen error [Errno 8] nodename nor servname provided, or not known>
[2026-04-24T15:30:32Z] [1328/1937] no-snapshot  https://redeemerkc.church/our-team
[2026-04-24T15:30:32Z]   availability check failed: <urlopen error [Errno 8] nodename nor servname provided, or not known>
[2026-04-24T15:30:32Z]   CDX check failed: <urlopen error [Errno 8] nodename nor servname provided, or not known>
[2026-04-24T15:30:32Z] [1329/1937] no-snapshot  https://www.acts29.com/church/the-seed-church/
[2026-04-24T15:30:32Z]   availability check failed: <urlopen error [Errno 8] nodename nor servname provided, or not known>
[2026-04-24T15:30:32Z]   CDX check failed: <urlopen error [Errno 8] nodename nor servname provided, or not known>
[2026-04-24T15:30:32Z] [1330/1937] no-snapshot  https://theseedchurch.org/
[2026-04-24T15:30:32Z]   checkpoint: {"fresh": 269, "older": 98, "saved": 0, "skip": 3, "fail": 0, "cached": 0, "no-snapshot": 960}
[2026-04-24T15:30:32Z]   availability check failed: <urlopen error [Errno 8] nodename nor servname provided, or not known>
[2026-04-24T15:30:32Z]   CDX check failed: <urlopen error [Errno 8] nodename nor servname provided, or not known>
[2026-04-24T15:30:32Z] [1331/1937] no-snapshot  https://fullertonfree.com/
[2026-04-24T15:30:32Z]   availability check failed: <urlopen error [Errno 8] nodename nor servname provided, or not known>
[2026-04-24T15:30:32Z]   CDX check failed: <urlopen error [Errno 8] nodename nor servname provided, or not known>
[2026-04-24T15:30:32Z] [1332/1937] no-snapshot  https://calvaryfl.com/ormond-beach
[2026-04-24T15:30:32Z]   availability check failed: <urlopen error [Errno 8] nodename nor servname provided, or not known>
[2026-04-24T15:30:32Z]   CDX check failed: <urlopen error [Errno 8] nodename nor servname provided, or not known>
[2026-04-24T15:30:32Z] [1333/1937] no-snapshot  https://calvaryfl.com/our-pastors/
[2026-04-24T15:30:32Z]   availability check failed: <urlopen error [Errno 8] nodename nor servname provided, or not known>
[2026-04-24T15:30:32Z]   CDX check failed: <urlopen error [Errno 8] nodename nor servname provided, or not known>
[2026-04-24T15:30:32Z] [1334/1937] no-snapshot  https://churches.efca.org/?id=12609
[2026-04-24T15:30:32Z]   availability check failed: <urlopen error [Errno 8] nodename nor servname provided, or not known>
[2026-04-24T15:30:32Z]   CDX check failed: <urlopen error [Errno 8] nodename nor servname provided, or not known>
[2026-04-24T15:30:32Z] [1335/1937] no-snapshot  https://valley.church/
[2026-04-24T15:30:32Z]   availability check failed: <urlopen error [Errno 8] nodename nor servname provided, or not known>
[2026-04-24T15:30:32Z]   CDX check failed: <urlopen error [Errno 8] nodename nor servname provided, or not known>
[2026-04-24T15:30:32Z] [1336/1937] no-snapshot  https://churches.sbc.net/church/denver-baptist-church/
[2026-04-24T15:30:32Z]   availability check failed: <urlopen error [Errno 8] nodename nor servname provided, or not known>
[2026-04-24T15:30:32Z]   CDX check failed: <urlopen error [Errno 8] nodename nor servname provided, or not known>
[2026-04-24T15:30:32Z] [1337/1937] no-snapshot  https://denverbaptist.com/
[2026-04-24T15:30:32Z]   availability check failed: <urlopen error [Errno 8] nodename nor servname provided, or not known>
[2026-04-24T15:30:32Z]   CDX check failed: <urlopen error [Errno 8] nodename nor servname provided, or not known>
[2026-04-24T15:30:32Z] [1338/1937] no-snapshot  https://churches.sbc.net/church/oak-mountain/
[2026-04-24T15:30:32Z]   availability check failed: <urlopen error [Errno 8] nodename nor servname provided, or not known>
[2026-04-24T15:30:32Z]   CDX check failed: <urlopen error [Errno 8] nodename nor servname provided, or not known>
[2026-04-24T15:30:32Z] [1339/1937] no-snapshot  https://thealabamabaptist.org/oak-mountain-church-pelham-new-pastor/
[2026-04-24T15:30:32Z]   availability check failed: <urlopen error [Errno 8] nodename nor servname provided, or not known>
[2026-04-24T15:30:32Z]   CDX check failed: <urlopen error [Errno 8] nodename nor servname provided, or not known>
[2026-04-24T15:30:32Z] [1340/1937] no-snapshot  https://www.firstorlando.com/tableof3/
[2026-04-24T15:30:32Z]   checkpoint: {"fresh": 269, "older": 98, "saved": 0, "skip": 3, "fail": 0, "cached": 0, "no-snapshot": 970}
[2026-04-24T15:30:32Z]   availability check failed: <urlopen error [Errno 8] nodename nor servname provided, or not known>
[2026-04-24T15:30:32Z]   CDX check failed: <urlopen error [Errno 8] nodename nor servname provided, or not known>
[2026-04-24T15:30:32Z] [1341/1937] no-snapshot  https://www.baptistpress.com/resource-library/news/orlando-pastor-david-uth-to-be-pastors-conf-nominee/
[2026-04-24T15:30:32Z]   availability check failed: <urlopen error [Errno 8] nodename nor servname provided, or not known>
[2026-04-24T15:30:32Z]   CDX check failed: <urlopen error [Errno 8] nodename nor servname provided, or not known>
[2026-04-24T15:30:32Z] [1342/1937] no-snapshot  https://apostles.org/about/
[2026-04-24T15:30:32Z]   availability check failed: <urlopen error [Errno 8] nodename nor servname provided, or not known>
[2026-04-24T15:30:32Z]   CDX check failed: <urlopen error [Errno 8] nodename nor servname provided, or not known>
[2026-04-24T15:30:32Z] [1343/1937] no-snapshot  https://en.wikipedia.org/wiki/Church_of_the_Apostles_(Atlanta)
[2026-04-24T15:30:32Z]   availability check failed: <urlopen error [Errno 8] nodename nor servname provided, or not known>
[2026-04-24T15:30:32Z]   CDX check failed: <urlopen error [Errno 8] nodename nor servname provided, or not known>
[2026-04-24T15:30:32Z] [1344/1937] no-snapshot  https://newspring.cc
[2026-04-24T15:30:32Z]   availability check failed: <urlopen error [Errno 8] nodename nor servname provided, or not known>
[2026-04-24T15:30:32Z]   CDX check failed: <urlopen error [Errno 8] nodename nor servname provided, or not known>
[2026-04-24T15:30:32Z] [1345/1937] no-snapshot  https://newspring.cc/beliefs
[2026-04-24T15:30:32Z]   availability check failed: <urlopen error [Errno 8] nodename nor servname provided, or not known>
[2026-04-24T15:30:32Z]   CDX check failed: <urlopen error [Errno 8] nodename nor servname provided, or not known>
[2026-04-24T15:30:32Z] [1346/1937] no-snapshot  https://thebaptistpaper.org/sc-megachurch-leaving-sbc-we-dont-want-our-affiliation-to-distract/
[2026-04-24T15:30:32Z]   availability check failed: <urlopen error [Errno 8] nodename nor servname provided, or not known>
[2026-04-24T15:30:32Z]   CDX check failed: <urlopen error [Errno 8] nodename nor servname provided, or not known>
[2026-04-24T15:30:32Z] [1347/1937] no-snapshot  https://redeemerdt.com
[2026-04-24T15:30:32Z]   availability check failed: <urlopen error [Errno 8] nodename nor servname provided, or not known>
[2026-04-24T15:30:32Z]   CDX check failed: <urlopen error [Errno 8] nodename nor servname provided, or not known>
[2026-04-24T15:30:32Z] [1348/1937] no-snapshot  https://www.christchurchplano.org/
[2026-04-24T15:30:32Z]   availability check failed: <urlopen error [Errno 8] nodename nor servname provided, or not known>
[2026-04-24T15:30:32Z]   CDX check failed: <urlopen error [Errno 8] nodename nor servname provided, or not known>
[2026-04-24T15:30:32Z] [1349/1937] no-snapshot  https://en.wikipedia.org/wiki/Paul_Donison
[2026-04-24T15:30:32Z]   availability check failed: <urlopen error [Errno 8] nodename nor servname provided, or not known>
[2026-04-24T15:30:32Z]   CDX check failed: <urlopen error [Errno 8] nodename nor servname provided, or not known>
[2026-04-24T15:30:32Z] [1350/1937] no-snapshot  https://en.wikipedia.org/wiki/Christ_Church_(Plano,_Texas)
[2026-04-24T15:30:32Z]   checkpoint: {"fresh": 269, "older": 98, "saved": 0, "skip": 3, "fail": 0, "cached": 0, "no-snapshot": 980}
[2026-04-24T15:30:32Z]   availability check failed: <urlopen error [Errno 8] nodename nor servname provided, or not known>
[2026-04-24T15:30:32Z]   CDX check failed: <urlopen error [Errno 8] nodename nor servname provided, or not known>
[2026-04-24T15:30:32Z] [1351/1937] no-snapshot  https://www.vintagechurchla.com/beliefs
[2026-04-24T15:30:32Z]   availability check failed: <urlopen error [Errno 8] nodename nor servname provided, or not known>
[2026-04-24T15:30:32Z]   CDX check failed: <urlopen error [Errno 8] nodename nor servname provided, or not known>
[2026-04-24T15:30:32Z] [1352/1937] no-snapshot  https://www.vintagechurchla.com/team
[2026-04-24T15:30:32Z]   availability check failed: <urlopen error [Errno 8] nodename nor servname provided, or not known>
[2026-04-24T15:30:32Z]   CDX check failed: <urlopen error [Errno 8] nodename nor servname provided, or not known>
[2026-04-24T15:30:32Z] [1353/1937] no-snapshot  https://www.acna.org/admin_units/174
[2026-04-24T15:30:32Z]   availability check failed: <urlopen error [Errno 8] nodename nor servname provided, or not known>
[2026-04-24T15:30:32Z]   CDX check failed: <urlopen error [Errno 8] nodename nor servname provided, or not known>
[2026-04-24T15:30:32Z] [1354/1937] no-snapshot  https://juicyecumenism.com/2025/07/10/acna-diocesan-numbers/
[2026-04-24T15:30:32Z]   availability check failed: <urlopen error [Errno 8] nodename nor servname provided, or not known>
[2026-04-24T15:30:32Z]   CDX check failed: <urlopen error [Errno 8] nodename nor servname provided, or not known>
[2026-04-24T15:30:32Z] [1355/1937] no-snapshot  https://www.ctkbirmingham.org
[2026-04-24T15:30:32Z]   availability check failed: <urlopen error [Errno 8] nodename nor servname provided, or not known>
[2026-04-24T15:30:32Z]   CDX check failed: <urlopen error [Errno 8] nodename nor servname provided, or not known>
[2026-04-24T15:30:32Z] [1356/1937] no-snapshot  https://www.acna.org/admin_units/994
[2026-04-24T15:30:32Z]   availability check failed: <urlopen error [Errno 8] nodename nor servname provided, or not known>
[2026-04-24T15:30:32Z]   CDX check failed: <urlopen error [Errno 8] nodename nor servname provided, or not known>
[2026-04-24T15:30:32Z] [1357/1937] no-snapshot  https://julieroys.com/texas-acna-congregation-becomes-second-join-episcopal-church/
[2026-04-24T15:30:32Z]   availability check failed: <urlopen error [Errno 8] nodename nor servname provided, or not known>
[2026-04-24T15:30:32Z]   CDX check failed: <urlopen error [Errno 8] nodename nor servname provided, or not known>
[2026-04-24T15:30:32Z] [1358/1937] no-snapshot  https://ministrywatch.com/resurrection-anglican-in-austin-moves-affiliation-to-the-episcopal-church/
[2026-04-24T15:30:32Z]   availability check failed: <urlopen error [Errno 8] nodename nor servname provided, or not known>
[2026-04-24T15:30:32Z]   CDX check failed: <urlopen error [Errno 8] nodename nor servname provided, or not known>
[2026-04-24T15:30:32Z] [1359/1937] no-snapshot  https://www.incarnation.org
[2026-04-24T15:30:32Z]   availability check failed: <urlopen error [Errno 8] nodename nor servname provided, or not known>
[2026-04-24T15:30:32Z]   CDX check failed: <urlopen error [Errno 8] nodename nor servname provided, or not known>
[2026-04-24T15:30:32Z] [1360/1937] no-snapshot  https://www.episcopalassetmap.org/dioceses/diocese-dallas/list/church-incarnation
[2026-04-24T15:30:32Z]   checkpoint: {"fresh": 269, "older": 98, "saved": 0, "skip": 3, "fail": 0, "cached": 0, "no-snapshot": 990}
[2026-04-24T15:30:32Z]   availability check failed: <urlopen error [Errno 8] nodename nor servname provided, or not known>
[2026-04-24T15:30:32Z]   CDX check failed: <urlopen error [Errno 8] nodename nor servname provided, or not known>
[2026-04-24T15:30:32Z] [1361/1937] no-snapshot  https://en.wikipedia.org/wiki/Church_of_the_Incarnation_(Dallas,_Texas)
[2026-04-24T15:30:32Z]   availability check failed: <urlopen error [Errno 8] nodename nor servname provided, or not known>
[2026-04-24T15:30:32Z]   CDX check failed: <urlopen error [Errno 8] nodename nor servname provided, or not known>
[2026-04-24T15:30:32Z] [1362/1937] no-snapshot  https://www.9marks.org/church/redeemer-baptist-church/
[2026-04-24T15:30:32Z]   availability check failed: <urlopen error [Errno 8] nodename nor servname provided, or not known>
[2026-04-24T15:30:32Z]   CDX check failed: <urlopen error [Errno 8] nodename nor servname provided, or not known>
[2026-04-24T15:30:32Z] [1363/1937] no-snapshot  https://www.thegospelcoalition.org/article/planters-thriving-new-england/
[2026-04-24T15:30:32Z]   availability check failed: <urlopen error [Errno 8] nodename nor servname provided, or not known>
[2026-04-24T15:30:32Z]   CDX check failed: <urlopen error [Errno 8] nodename nor servname provided, or not known>
[2026-04-24T15:30:32Z] [1364/1937] no-snapshot  https://phbcindy.org/
[2026-04-24T15:30:32Z]   availability check failed: <urlopen error [Errno 8] nodename nor servname provided, or not known>
[2026-04-24T15:30:32Z]   CDX check failed: <urlopen error [Errno 8] nodename nor servname provided, or not known>
[2026-04-24T15:30:32Z] [1365/1937] no-snapshot  https://churches.sbc.net/church/pleasant-heights-baptist-church/
[2026-04-24T15:30:32Z]   availability check failed: <urlopen error [Errno 8] nodename nor servname provided, or not known>
[2026-04-24T15:30:32Z]   CDX check failed: <urlopen error [Errno 8] nodename nor servname provided, or not known>
[2026-04-24T15:30:32Z] [1366/1937] no-snapshot  https://calvarynm.church/beliefs
[2026-04-24T15:30:32Z]   availability check failed: <urlopen error [Errno 8] nodename nor servname provided, or not known>
[2026-04-24T15:30:32Z]   CDX check failed: <urlopen error [Errno 8] nodename nor servname provided, or not known>
[2026-04-24T15:30:32Z] [1367/1937] no-snapshot  https://en.wikipedia.org/wiki/Skip_Heitzig
[2026-04-24T15:30:32Z]   availability check failed: <urlopen error [Errno 8] nodename nor servname provided, or not known>
[2026-04-24T15:30:32Z]   CDX check failed: <urlopen error [Errno 8] nodename nor servname provided, or not known>
[2026-04-24T15:30:32Z] [1368/1937] no-snapshot  https://prestonwood.org
[2026-04-24T15:30:32Z]   availability check failed: <urlopen error [Errno 8] nodename nor servname provided, or not known>
[2026-04-24T15:30:32Z]   CDX check failed: <urlopen error [Errno 8] nodename nor servname provided, or not known>
[2026-04-24T15:30:32Z] [1369/1937] no-snapshot  https://en.wikipedia.org/wiki/Prestonwood_Baptist_Church
[2026-04-24T15:30:32Z]   availability check failed: <urlopen error [Errno 8] nodename nor servname provided, or not known>
[2026-04-24T15:30:32Z]   CDX check failed: <urlopen error [Errno 8] nodename nor servname provided, or not known>
[2026-04-24T15:30:32Z] [1370/1937] no-snapshot  https://churchunlimited.com
[2026-04-24T15:30:32Z]   checkpoint: {"fresh": 269, "older": 98, "saved": 0, "skip": 3, "fail": 0, "cached": 0, "no-snapshot": 1000}
[2026-04-24T15:30:32Z]   availability check failed: <urlopen error [Errno 8] nodename nor servname provided, or not known>
[2026-04-24T15:30:32Z]   CDX check failed: <urlopen error [Errno 8] nodename nor servname provided, or not known>
[2026-04-24T15:30:32Z] [1371/1937] no-snapshot  https://churchunlimited.com/whoweare
[2026-04-24T15:30:32Z]   availability check failed: <urlopen error [Errno 8] nodename nor servname provided, or not known>
[2026-04-24T15:30:32Z]   CDX check failed: <urlopen error [Errno 8] nodename nor servname provided, or not known>
[2026-04-24T15:30:32Z] [1372/1937] no-snapshot  https://mcleanbible.org/
[2026-04-24T15:30:32Z]   availability check failed: <urlopen error [Errno 8] nodename nor servname provided, or not known>
[2026-04-24T15:30:32Z]   CDX check failed: <urlopen error [Errno 8] nodename nor servname provided, or not known>
[2026-04-24T15:30:32Z] [1373/1937] no-snapshot  https://saddleback.com
[2026-04-24T15:30:32Z]   availability check failed: <urlopen error [Errno 8] nodename nor servname provided, or not known>
[2026-04-24T15:30:32Z]   CDX check failed: <urlopen error [Errno 8] nodename nor servname provided, or not known>
[2026-04-24T15:30:32Z] [1374/1937] no-snapshot  https://churchleaders.com/news/445489-saddleback-church-kicked-out-of-sbc-over-female-pastors.html
[2026-04-24T15:30:32Z]   availability check failed: <urlopen error [Errno 8] nodename nor servname provided, or not known>
[2026-04-24T15:30:32Z]   CDX check failed: <urlopen error [Errno 8] nodename nor servname provided, or not known>
[2026-04-24T15:30:32Z] [1375/1937] no-snapshot  https://www.life.church
[2026-04-24T15:30:32Z]   availability check failed: <urlopen error [Errno 8] nodename nor servname provided, or not known>
[2026-04-24T15:30:32Z]   CDX check failed: <urlopen error [Errno 8] nodename nor servname provided, or not known>
[2026-04-24T15:30:32Z] [1376/1937] no-snapshot  https://gatewaypeople.com/about/beliefs
[2026-04-24T15:30:32Z]   availability check failed: <urlopen error [Errno 8] nodename nor servname provided, or not known>
[2026-04-24T15:30:32Z]   CDX check failed: <urlopen error [Errno 8] nodename nor servname provided, or not known>
[2026-04-24T15:30:32Z] [1377/1937] no-snapshot  https://gatewaypeople.com/about/leadership
[2026-04-24T15:30:32Z]   availability check failed: <urlopen error [Errno 8] nodename nor servname provided, or not known>
[2026-04-24T15:30:32Z]   CDX check failed: <urlopen error [Errno 8] nodename nor servname provided, or not known>
[2026-04-24T15:30:32Z] [1378/1937] no-snapshot  https://gatewaypeople.com
[2026-04-24T15:30:32Z]   availability check failed: <urlopen error [Errno 8] nodename nor servname provided, or not known>
[2026-04-24T15:30:32Z]   CDX check failed: <urlopen error [Errno 8] nodename nor servname provided, or not known>
[2026-04-24T15:30:32Z] [1379/1937] no-snapshot  https://www.cbsnews.com/texas/news/gateway-church-welcomes-new-senior-pastor-amid-ongoing-controversy/
[2026-04-24T15:30:32Z]   availability check failed: <urlopen error [Errno 8] nodename nor servname provided, or not known>
[2026-04-24T15:30:32Z]   CDX check failed: <urlopen error [Errno 8] nodename nor servname provided, or not known>
[2026-04-24T15:30:32Z] [1380/1937] no-snapshot  https://brownsbridge.org
[2026-04-24T15:30:32Z]   checkpoint: {"fresh": 269, "older": 98, "saved": 0, "skip": 3, "fail": 0, "cached": 0, "no-snapshot": 1010}
[2026-04-24T15:30:32Z]   availability check failed: <urlopen error [Errno 8] nodename nor servname provided, or not known>
[2026-04-24T15:30:32Z]   CDX check failed: <urlopen error [Errno 8] nodename nor servname provided, or not known>
[2026-04-24T15:30:32Z] [1381/1937] no-snapshot  https://protestia.com/2024/09/26/exclusive-north-point-community-church-pastor-leader-sponsoring-upcoming-pride-event/
[2026-04-24T15:30:32Z]   availability check failed: <urlopen error [Errno 8] nodename nor servname provided, or not known>
[2026-04-24T15:30:32Z]   CDX check failed: <urlopen error [Errno 8] nodename nor servname provided, or not known>
[2026-04-24T15:30:32Z] [1382/1937] no-snapshot  https://www.christianitytoday.com/2023/10/andy-stanley-unconditional-conference-theology-lgbt/
[2026-04-24T15:30:32Z]   availability check failed: <urlopen error [Errno 8] nodename nor servname provided, or not known>
[2026-04-24T15:30:32Z]   CDX check failed: <urlopen error [Errno 8] nodename nor servname provided, or not known>
[2026-04-24T15:30:32Z] [1383/1937] no-snapshot  https://www.nbcnews.com/news/us-news/elevation-church-exits-southern-baptist-convention-expulsions-women-pa-rcna92205
[2026-04-24T15:30:32Z]   availability check failed: <urlopen error [Errno 8] nodename nor servname provided, or not known>
[2026-04-24T15:30:32Z]   CDX check failed: <urlopen error [Errno 8] nodename nor servname provided, or not known>
[2026-04-24T15:30:32Z] [1384/1937] no-snapshot  https://www.christianitytoday.com/2023/07/elevation-church-steven-furtick-leave-southern-baptist-sbc/
[2026-04-24T15:30:32Z]   availability check failed: <urlopen error [Errno 8] nodename nor servname provided, or not known>
[2026-04-24T15:30:32Z]   CDX check failed: <urlopen error [Errno 8] nodename nor servname provided, or not known>
[2026-04-24T15:30:32Z] [1385/1937] no-snapshot  https://en.wikipedia.org/wiki/Elevation_Church
[2026-04-24T15:30:32Z]   availability check failed: <urlopen error [Errno 8] nodename nor servname provided, or not known>
[2026-04-24T15:30:32Z]   CDX check failed: <urlopen error [Errno 8] nodename nor servname provided, or not known>
[2026-04-24T15:30:32Z] [1386/1937] no-snapshot  https://www.christfellowship.church/about
[2026-04-24T15:30:32Z]   availability check failed: <urlopen error [Errno 8] nodename nor servname provided, or not known>
[2026-04-24T15:30:32Z]   CDX check failed: <urlopen error [Errno 8] nodename nor servname provided, or not known>
[2026-04-24T15:30:32Z] [1387/1937] no-snapshot  https://en.wikipedia.org/wiki/Christ_Fellowship
[2026-04-24T15:30:32Z]   availability check failed: <urlopen error [Errno 8] nodename nor servname provided, or not known>
[2026-04-24T15:30:32Z]   CDX check failed: <urlopen error [Errno 8] nodename nor servname provided, or not known>
[2026-04-24T15:30:32Z] [1388/1937] no-snapshot  https://familyofchristtampa.com
[2026-04-24T15:30:32Z]   availability check failed: <urlopen error [Errno 8] nodename nor servname provided, or not known>
[2026-04-24T15:30:32Z]   CDX check failed: <urlopen error [Errno 8] nodename nor servname provided, or not known>
[2026-04-24T15:30:32Z] [1389/1937] no-snapshot  https://locator.lcms.org/church/C/917
[2026-04-24T15:30:32Z]   availability check failed: <urlopen error [Errno 8] nodename nor servname provided, or not known>
[2026-04-24T15:30:32Z]   CDX check failed: <urlopen error [Errno 8] nodename nor servname provided, or not known>
[2026-04-24T15:30:32Z] [1390/1937] no-snapshot  https://www.faithwesleychapel.com
[2026-04-24T15:30:32Z]   checkpoint: {"fresh": 269, "older": 98, "saved": 0, "skip": 3, "fail": 0, "cached": 0, "no-snapshot": 1020}
[2026-04-24T15:30:32Z]   availability check failed: <urlopen error [Errno 8] nodename nor servname provided, or not known>
[2026-04-24T15:30:32Z]   CDX check failed: <urlopen error [Errno 8] nodename nor servname provided, or not known>
[2026-04-24T15:30:32Z] [1391/1937] no-snapshot  https://faithwesleychapel.com/about-us/
[2026-04-24T15:30:32Z]   availability check failed: <urlopen error [Errno 8] nodename nor servname provided, or not known>
[2026-04-24T15:30:32Z]   CDX check failed: <urlopen error [Errno 8] nodename nor servname provided, or not known>
[2026-04-24T15:30:32Z] [1392/1937] no-snapshot  https://flgadistrict.org/
[2026-04-24T15:30:32Z]   availability check failed: <urlopen error [Errno 8] nodename nor servname provided, or not known>
[2026-04-24T15:30:32Z]   CDX check failed: <urlopen error [Errno 8] nodename nor servname provided, or not known>
[2026-04-24T15:30:32Z] [1393/1937] no-snapshot  https://www.faithstreet.com/church/catalyst-community-church-oregon-city-or
[2026-04-24T15:30:32Z]   availability check failed: <urlopen error [Errno 8] nodename nor servname provided, or not known>
[2026-04-24T15:30:32Z]   CDX check failed: <urlopen error [Errno 8] nodename nor servname provided, or not known>
[2026-04-24T15:30:32Z] [1394/1937] no-snapshot  https://catalyst302.com/media/
[2026-04-24T15:30:32Z]   availability check failed: <urlopen error [Errno 8] nodename nor servname provided, or not known>
[2026-04-24T15:30:32Z]   CDX check failed: <urlopen error [Errno 8] nodename nor servname provided, or not known>
[2026-04-24T15:30:32Z] [1395/1937] no-snapshot  https://baptisttemple.church
[2026-04-24T15:30:32Z]   availability check failed: <urlopen error [Errno 8] nodename nor servname provided, or not known>
[2026-04-24T15:30:32Z]   CDX check failed: <urlopen error [Errno 8] nodename nor servname provided, or not known>
[2026-04-24T15:30:32Z] [1396/1937] no-snapshot  https://www.fbcpgh.org/about
[2026-04-24T15:30:32Z]   availability check failed: <urlopen error [Errno 8] nodename nor servname provided, or not known>
[2026-04-24T15:30:32Z]   CDX check failed: <urlopen error [Errno 8] nodename nor servname provided, or not known>
[2026-04-24T15:30:32Z] [1397/1937] no-snapshot  https://www.fbcpgh.org/our-history
[2026-04-24T15:30:32Z]   availability check failed: <urlopen error [Errno 8] nodename nor servname provided, or not known>
[2026-04-24T15:30:32Z]   CDX check failed: <urlopen error [Errno 8] nodename nor servname provided, or not known>
[2026-04-24T15:30:32Z] [1398/1937] no-snapshot  https://churches.sbc.net/church/sugar-hill/
[2026-04-24T15:30:32Z]   availability check failed: <urlopen error [Errno 8] nodename nor servname provided, or not known>
[2026-04-24T15:30:32Z]   CDX check failed: <urlopen error [Errno 8] nodename nor servname provided, or not known>
[2026-04-24T15:30:32Z] [1399/1937] no-snapshot  https://www.faithstreet.com/church/sugar-hill-church-sugar-hill-ga
[2026-04-24T15:30:32Z]   availability check failed: <urlopen error [Errno 8] nodename nor servname provided, or not known>
[2026-04-24T15:30:32Z]   CDX check failed: <urlopen error [Errno 8] nodename nor servname provided, or not known>
[2026-04-24T15:30:32Z] [1400/1937] no-snapshot  https://gwinnettchurch.org
[2026-04-24T15:30:32Z]   checkpoint: {"fresh": 269, "older": 98, "saved": 0, "skip": 3, "fail": 0, "cached": 0, "no-snapshot": 1030}
[2026-04-24T15:30:32Z]   availability check failed: <urlopen error [Errno 8] nodename nor servname provided, or not known>
[2026-04-24T15:30:32Z]   CDX check failed: <urlopen error [Errno 8] nodename nor servname provided, or not known>
[2026-04-24T15:30:32Z] [1401/1937] no-snapshot  https://gwinnettchurch.org/faq
[2026-04-24T15:30:32Z]   availability check failed: <urlopen error [Errno 8] nodename nor servname provided, or not known>
[2026-04-24T15:30:32Z]   CDX check failed: <urlopen error [Errno 8] nodename nor servname provided, or not known>
[2026-04-24T15:30:32Z] [1402/1937] no-snapshot  https://www.southlandsc.org/beliefs
[2026-04-24T15:30:32Z]   availability check failed: <urlopen error [Errno 8] nodename nor servname provided, or not known>
[2026-04-24T15:30:32Z]   CDX check failed: <urlopen error [Errno 8] nodename nor servname provided, or not known>
[2026-04-24T15:30:32Z] [1403/1937] no-snapshot  https://pontevedra.church/
[2026-04-24T15:30:32Z]   availability check failed: <urlopen error [Errno 8] nodename nor servname provided, or not known>
[2026-04-24T15:30:32Z]   CDX check failed: <urlopen error [Errno 8] nodename nor servname provided, or not known>
[2026-04-24T15:30:32Z] [1404/1937] no-snapshot  https://www.umc.org/en/find-a-church/church/?id=84728
[2026-04-24T15:30:32Z]   availability check failed: <urlopen error [Errno 8] nodename nor servname provided, or not known>
[2026-04-24T15:30:32Z]   CDX check failed: <urlopen error [Errno 8] nodename nor servname provided, or not known>
[2026-04-24T15:30:32Z] [1405/1937] no-snapshot  https://www.flumc.org/churchdetail/637747
[2026-04-24T15:30:32Z]   availability check failed: <urlopen error [Errno 8] nodename nor servname provided, or not known>
[2026-04-24T15:30:32Z]   CDX check failed: <urlopen error [Errno 8] nodename nor servname provided, or not known>
[2026-04-24T15:30:32Z] [1406/1937] no-snapshot  https://cbcfortworth.org/leadership
[2026-04-24T15:30:32Z]   availability check failed: <urlopen error [Errno 8] nodename nor servname provided, or not known>
[2026-04-24T15:30:32Z]   CDX check failed: <urlopen error [Errno 8] nodename nor servname provided, or not known>
[2026-04-24T15:30:32Z] [1407/1937] no-snapshot  https://churches.sbc.net/church/iglesia-bautista-jesus-el-buen-pastor/
[2026-04-24T15:30:32Z]   availability check failed: <urlopen error [Errno 8] nodename nor servname provided, or not known>
[2026-04-24T15:30:32Z]   CDX check failed: <urlopen error [Errno 8] nodename nor servname provided, or not known>
[2026-04-24T15:30:32Z] [1408/1937] no-snapshot  https://www.harvestbible.org/campus/highland-park/
[2026-04-24T15:30:32Z]   availability check failed: <urlopen error [Errno 8] nodename nor servname provided, or not known>
[2026-04-24T15:30:32Z]   CDX check failed: <urlopen error [Errno 8] nodename nor servname provided, or not known>
[2026-04-24T15:30:32Z] [1409/1937] no-snapshot  https://mycharisma.com/news/james-macdonald-biblically-disqualified-for-ministry-says-harvest-bible-2/
[2026-04-24T15:30:32Z]   availability check failed: <urlopen error [Errno 8] nodename nor servname provided, or not known>
[2026-04-24T15:30:32Z]   CDX check failed: <urlopen error [Errno 8] nodename nor servname provided, or not known>
[2026-04-24T15:30:32Z] [1410/1937] no-snapshot  https://www.yourchurch.com
[2026-04-24T15:30:32Z]   checkpoint: {"fresh": 269, "older": 98, "saved": 0, "skip": 3, "fail": 0, "cached": 0, "no-snapshot": 1040}
[2026-04-24T15:30:32Z]   availability check failed: <urlopen error [Errno 8] nodename nor servname provided, or not known>
[2026-04-24T15:30:32Z]   CDX check failed: <urlopen error [Errno 8] nodename nor servname provided, or not known>
[2026-04-24T15:30:32Z] [1411/1937] no-snapshot  https://www.thegospelcoalition.org/profile/mark-vroegop/
[2026-04-24T15:30:32Z]   availability check failed: <urlopen error [Errno 8] nodename nor servname provided, or not known>
[2026-04-24T15:30:32Z]   CDX check failed: <urlopen error [Errno 8] nodename nor servname provided, or not known>
[2026-04-24T15:30:32Z] [1412/1937] no-snapshot  https://pages.thegospelcoalition.org/president
[2026-04-24T15:30:32Z]   availability check failed: <urlopen error [Errno 8] nodename nor servname provided, or not known>
[2026-04-24T15:30:32Z]   CDX check failed: <urlopen error [Errno 8] nodename nor servname provided, or not known>
[2026-04-24T15:30:32Z] [1413/1937] no-snapshot  https://redeemer.com/about
[2026-04-24T15:30:32Z]   availability check failed: <urlopen error [Errno 8] nodename nor servname provided, or not known>
[2026-04-24T15:30:32Z]   CDX check failed: <urlopen error [Errno 8] nodename nor servname provided, or not known>
[2026-04-24T15:30:32Z] [1414/1937] no-snapshot  https://redeemer.com/redeemer_churches/midtown
[2026-04-24T15:30:32Z]   availability check failed: <urlopen error [Errno 8] nodename nor servname provided, or not known>
[2026-04-24T15:30:32Z]   CDX check failed: <urlopen error [Errno 8] nodename nor servname provided, or not known>
[2026-04-24T15:30:32Z] [1415/1937] no-snapshot  https://www.cpcdanville.org/meet-the-staff
[2026-04-24T15:30:32Z]   availability check failed: <urlopen error [Errno 8] nodename nor servname provided, or not known>
[2026-04-24T15:30:32Z]   CDX check failed: <urlopen error [Errno 8] nodename nor servname provided, or not known>
[2026-04-24T15:30:32Z] [1416/1937] no-snapshot  https://www.cpcdanville.org/about-cpc
[2026-04-24T15:30:32Z]   availability check failed: <urlopen error [Errno 8] nodename nor servname provided, or not known>
[2026-04-24T15:30:32Z]   CDX check failed: <urlopen error [Errno 8] nodename nor servname provided, or not known>
[2026-04-24T15:30:32Z] [1417/1937] no-snapshot  https://www.highpointchurch.us
[2026-04-24T15:30:32Z]   availability check failed: <urlopen error [Errno 8] nodename nor servname provided, or not known>
[2026-04-24T15:30:32Z]   CDX check failed: <urlopen error [Errno 8] nodename nor servname provided, or not known>
[2026-04-24T15:30:32Z] [1418/1937] no-snapshot  https://www.seacoast.org/team
[2026-04-24T15:30:32Z]   availability check failed: <urlopen error [Errno 8] nodename nor servname provided, or not known>
[2026-04-24T15:30:32Z]   CDX check failed: <urlopen error [Errno 8] nodename nor servname provided, or not known>
[2026-04-24T15:30:32Z] [1419/1937] no-snapshot  https://www.life.church/who-we-are/
[2026-04-24T15:30:32Z]   availability check failed: <urlopen error [Errno 8] nodename nor servname provided, or not known>
[2026-04-24T15:30:32Z]   CDX check failed: <urlopen error [Errno 8] nodename nor servname provided, or not known>
[2026-04-24T15:30:32Z] [1420/1937] no-snapshot  https://en.wikipedia.org/wiki/Craig_Groeschel
[2026-04-24T15:30:32Z]   checkpoint: {"fresh": 269, "older": 98, "saved": 0, "skip": 3, "fail": 0, "cached": 0, "no-snapshot": 1050}
[2026-04-24T15:30:32Z]   availability check failed: <urlopen error [Errno 8] nodename nor servname provided, or not known>
[2026-04-24T15:30:32Z]   CDX check failed: <urlopen error [Errno 8] nodename nor servname provided, or not known>
[2026-04-24T15:30:32Z] [1421/1937] no-snapshot  https://covchurch.org/2021/01/21/life-church-growth-unimaginable-25-years-ago/
[2026-04-24T15:30:32Z]   availability check failed: <urlopen error [Errno 8] nodename nor servname provided, or not known>
[2026-04-24T15:30:32Z]   CDX check failed: <urlopen error [Errno 8] nodename nor servname provided, or not known>
[2026-04-24T15:30:32Z] [1422/1937] no-snapshot  https://leaders.life.church/
[2026-04-24T15:30:32Z]   availability check failed: <urlopen error [Errno 8] nodename nor servname provided, or not known>
[2026-04-24T15:30:32Z]   CDX check failed: <urlopen error [Errno 8] nodename nor servname provided, or not known>
[2026-04-24T15:30:32Z] [1423/1937] no-snapshot  https://gatewaypeople.com/about
[2026-04-24T15:30:32Z]   availability check failed: <urlopen error [Errno 8] nodename nor servname provided, or not known>
[2026-04-24T15:30:32Z]   CDX check failed: <urlopen error [Errno 8] nodename nor servname provided, or not known>
[2026-04-24T15:30:32Z] [1424/1937] no-snapshot  https://www.keranews.org/news/2025-08-18/4-000-gather-in-southlake-to-commission-gateway-churchs-new-lead-pastor
[2026-04-24T15:30:32Z]   availability check failed: <urlopen error [Errno 8] nodename nor servname provided, or not known>
[2026-04-24T15:30:32Z]   CDX check failed: <urlopen error [Errno 8] nodename nor servname provided, or not known>
[2026-04-24T15:30:32Z] [1425/1937] no-snapshot  https://en.wikipedia.org/wiki/Gateway_Church_(Texas)
[2026-04-24T15:30:32Z]   availability check failed: <urlopen error [Errno 8] nodename nor servname provided, or not known>
[2026-04-24T15:30:32Z]   CDX check failed: <urlopen error [Errno 8] nodename nor servname provided, or not known>
[2026-04-24T15:30:32Z] [1426/1937] no-snapshot  https://www.keranews.org/news/2024-11-04/gateway-church-removes-elders-employees-who-knew-of-robert-morris-sexual-abuse-allegations
[2026-04-24T15:30:32Z]   availability check failed: <urlopen error [Errno 8] nodename nor servname provided, or not known>
[2026-04-24T15:30:32Z]   CDX check failed: <urlopen error [Errno 8] nodename nor servname provided, or not known>
[2026-04-24T15:30:32Z] [1427/1937] no-snapshot  https://churchofthehighlands.com/about/faith
[2026-04-24T15:30:32Z]   availability check failed: <urlopen error [Errno 8] nodename nor servname provided, or not known>
[2026-04-24T15:30:32Z]   CDX check failed: <urlopen error [Errno 8] nodename nor servname provided, or not known>
[2026-04-24T15:30:32Z] [1428/1937] no-snapshot  https://en.wikipedia.org/wiki/Church_of_the_Highlands
[2026-04-24T15:30:32Z]   availability check failed: <urlopen error [Errno 8] nodename nor servname provided, or not known>
[2026-04-24T15:30:32Z]   CDX check failed: <urlopen error [Errno 8] nodename nor servname provided, or not known>
[2026-04-24T15:30:32Z] [1429/1937] no-snapshot  https://julieroys.com/founding-pastor-chris-hodges-abruptly-steps-down-church-of-the-highlands/
[2026-04-24T15:30:32Z]   availability check failed: <urlopen error [Errno 8] nodename nor servname provided, or not known>
[2026-04-24T15:30:32Z]   CDX check failed: <urlopen error [Errno 8] nodename nor servname provided, or not known>
[2026-04-24T15:30:32Z] [1430/1937] no-snapshot  https://elevationchurch.org
[2026-04-24T15:30:32Z]   checkpoint: {"fresh": 269, "older": 98, "saved": 0, "skip": 3, "fail": 0, "cached": 0, "no-snapshot": 1060}
[2026-04-24T15:30:32Z]   availability check failed: <urlopen error [Errno 8] nodename nor servname provided, or not known>
[2026-04-24T15:30:32Z]   CDX check failed: <urlopen error [Errno 8] nodename nor servname provided, or not known>
[2026-04-24T15:30:32Z] [1431/1937] no-snapshot  https://elevationchurch.org (403)
[2026-04-24T15:30:32Z]   availability check failed: <urlopen error [Errno 8] nodename nor servname provided, or not known>
[2026-04-24T15:30:32Z]   CDX check failed: <urlopen error [Errno 8] nodename nor servname provided, or not known>
[2026-04-24T15:30:32Z] [1432/1937] no-snapshot  https://evangelicaldarkweb.org/2020/04/29/is-steve-furtick-a-false-teacher/
[2026-04-24T15:30:32Z]   availability check failed: <urlopen error [Errno 8] nodename nor servname provided, or not known>
[2026-04-24T15:30:32Z]   CDX check failed: <urlopen error [Errno 8] nodename nor servname provided, or not known>
[2026-04-24T15:30:32Z] [1433/1937] no-snapshot  https://michellelesley.com/tag/steven-furtick-false-teacher/
[2026-04-24T15:30:32Z]   availability check failed: <urlopen error [Errno 8] nodename nor servname provided, or not known>
[2026-04-24T15:30:32Z]   CDX check failed: <urlopen error [Errno 8] nodename nor servname provided, or not known>
[2026-04-24T15:30:32Z] [1434/1937] no-snapshot  https://www.ennashville.org
[2026-04-24T15:30:32Z]   availability check failed: <urlopen error [Errno 8] nodename nor servname provided, or not known>
[2026-04-24T15:30:32Z]   CDX check failed: <urlopen error [Errno 8] nodename nor servname provided, or not known>
[2026-04-24T15:30:32Z] [1435/1937] no-snapshot  https://www.everynation.org/our-story/
[2026-04-24T15:30:32Z]   availability check failed: <urlopen error [Errno 8] nodename nor servname provided, or not known>
[2026-04-24T15:30:32Z]   CDX check failed: <urlopen error [Errno 8] nodename nor servname provided, or not known>
[2026-04-24T15:30:32Z] [1436/1937] no-snapshot  http://www.ricebroocks.com/about/
[2026-04-24T15:30:32Z]   availability check failed: <urlopen error [Errno 8] nodename nor servname provided, or not known>
[2026-04-24T15:30:32Z]   CDX check failed: <urlopen error [Errno 8] nodename nor servname provided, or not known>
[2026-04-24T15:30:32Z] [1437/1937] no-snapshot  https://www.churchome.org/
[2026-04-24T15:30:32Z]   availability check failed: <urlopen error [Errno 8] nodename nor servname provided, or not known>
[2026-04-24T15:30:32Z]   CDX check failed: <urlopen error [Errno 8] nodename nor servname provided, or not known>
[2026-04-24T15:30:32Z] [1438/1937] no-snapshot  https://mycharisma.com/spiritled-living/judah-smith-why-i-m-changing-the-name-of-my-megachurch/
[2026-04-24T15:30:32Z]   availability check failed: <urlopen error [Errno 8] nodename nor servname provided, or not known>
[2026-04-24T15:30:32Z]   CDX check failed: <urlopen error [Errno 8] nodename nor servname provided, or not known>
[2026-04-24T15:30:32Z] [1439/1937] no-snapshot  https://www.gracecenter.us
[2026-04-24T15:30:32Z]   availability check failed: <urlopen error [Errno 8] nodename nor servname provided, or not known>
[2026-04-24T15:30:32Z]   CDX check failed: <urlopen error [Errno 8] nodename nor servname provided, or not known>
[2026-04-24T15:30:32Z] [1440/1937] no-snapshot  https://wellspringfranklin.com/
[2026-04-24T15:30:32Z]   checkpoint: {"fresh": 269, "older": 98, "saved": 0, "skip": 3, "fail": 0, "cached": 0, "no-snapshot": 1070}
[2026-04-24T15:30:32Z]   availability check failed: <urlopen error [Errno 8] nodename nor servname provided, or not known>
[2026-04-24T15:30:32Z]   CDX check failed: <urlopen error [Errno 8] nodename nor servname provided, or not known>
[2026-04-24T15:30:32Z] [1441/1937] no-snapshot  https://wellspringfranklin.com/formerly-grace-center
[2026-04-24T15:30:32Z]   availability check failed: <urlopen error [Errno 8] nodename nor servname provided, or not known>
[2026-04-24T15:30:32Z]   CDX check failed: <urlopen error [Errno 8] nodename nor servname provided, or not known>
[2026-04-24T15:30:32Z] [1442/1937] no-snapshot  https://www.scbaptist.org/churches/newspring-church-charleston/
[2026-04-24T15:30:32Z]   availability check failed: <urlopen error [Errno 8] nodename nor servname provided, or not known>
[2026-04-24T15:30:32Z]   CDX check failed: <urlopen error [Errno 8] nodename nor servname provided, or not known>
[2026-04-24T15:30:32Z] [1443/1937] no-snapshot  https://newspring.cc/locations
[2026-04-24T15:30:32Z]   availability check failed: <urlopen error [Errno 8] nodename nor servname provided, or not known>
[2026-04-24T15:30:32Z]   CDX check failed: <urlopen error [Errno 8] nodename nor servname provided, or not known>
[2026-04-24T15:30:32Z] [1444/1937] no-snapshot  https://www.redrockschurch.com/
[2026-04-24T15:30:32Z]   availability check failed: <urlopen error [Errno 8] nodename nor servname provided, or not known>
[2026-04-24T15:30:32Z]   CDX check failed: <urlopen error [Errno 8] nodename nor servname provided, or not known>
[2026-04-24T15:30:32Z] [1445/1937] no-snapshot  https://www.redrockschurch.com/learn-more/our-pastor/
[2026-04-24T15:30:32Z]   availability check failed: <urlopen error [Errno 8] nodename nor servname provided, or not known>
[2026-04-24T15:30:32Z]   CDX check failed: <urlopen error [Errno 8] nodename nor servname provided, or not known>
[2026-04-24T15:30:32Z] [1446/1937] no-snapshot  https://www.liquidchurch.com
[2026-04-24T15:30:32Z]   availability check failed: <urlopen error [Errno 8] nodename nor servname provided, or not known>
[2026-04-24T15:30:32Z]   CDX check failed: <urlopen error [Errno 8] nodename nor servname provided, or not known>
[2026-04-24T15:30:32Z] [1447/1937] no-snapshot  https://www.ecfa.org/MemberProfile.aspx?ID=44047
[2026-04-24T15:30:32Z]   availability check failed: <urlopen error [Errno 8] nodename nor servname provided, or not known>
[2026-04-24T15:30:32Z]   CDX check failed: <urlopen error [Errno 8] nodename nor servname provided, or not known>
[2026-04-24T15:30:32Z] [1448/1937] no-snapshot  https://www.liquidchurch.com/about-liquid/pastor-bios
[2026-04-24T15:30:32Z]   availability check failed: <urlopen error [Errno 8] nodename nor servname provided, or not known>
[2026-04-24T15:30:32Z]   CDX check failed: <urlopen error [Errno 8] nodename nor servname provided, or not known>
[2026-04-24T15:30:32Z] [1449/1937] no-snapshot  https://outreach100.com/churches/liquid-church
[2026-04-24T15:30:32Z]   availability check failed: <urlopen error [Errno 8] nodename nor servname provided, or not known>
[2026-04-24T15:30:33Z]   CDX check failed: <urlopen error [Errno 8] nodename nor servname provided, or not known>
[2026-04-24T15:30:33Z] [1450/1937] no-snapshot  https://longhollow.com/
[2026-04-24T15:30:33Z]   checkpoint: {"fresh": 269, "older": 98, "saved": 0, "skip": 3, "fail": 0, "cached": 0, "no-snapshot": 1080}
[2026-04-24T15:30:33Z]   availability check failed: <urlopen error [Errno 8] nodename nor servname provided, or not known>
[2026-04-24T15:30:33Z]   CDX check failed: <urlopen error [Errno 8] nodename nor servname provided, or not known>
[2026-04-24T15:30:33Z] [1451/1937] no-snapshot  https://churches.sbc.net/church/long-hollow-church/
[2026-04-24T15:30:33Z]   availability check failed: <urlopen error [Errno 8] nodename nor servname provided, or not known>
[2026-04-24T15:30:33Z]   CDX check failed: <urlopen error [Errno 8] nodename nor servname provided, or not known>
[2026-04-24T15:30:33Z] [1452/1937] no-snapshot  https://brentwoodbaptist.com/
[2026-04-24T15:30:33Z]   availability check failed: <urlopen error [Errno 8] nodename nor servname provided, or not known>
[2026-04-24T15:30:33Z]   CDX check failed: <urlopen error [Errno 8] nodename nor servname provided, or not known>
[2026-04-24T15:30:33Z] [1453/1937] no-snapshot  https://brentwoodbaptist.com/about-jay-strother/
[2026-04-24T15:30:33Z]   availability check failed: <urlopen error [Errno 8] nodename nor servname provided, or not known>
[2026-04-24T15:30:33Z]   CDX check failed: <urlopen error [Errno 8] nodename nor servname provided, or not known>
[2026-04-24T15:30:33Z] [1454/1937] no-snapshot  https://bellevue.org/
[2026-04-24T15:30:33Z]   availability check failed: <urlopen error [Errno 8] nodename nor servname provided, or not known>
[2026-04-24T15:30:33Z]   CDX check failed: <urlopen error [Errno 8] nodename nor servname provided, or not known>
[2026-04-24T15:30:33Z] [1455/1937] no-snapshot  https://bellevue.org/updates/
[2026-04-24T15:30:33Z]   availability check failed: <urlopen error [Errno 8] nodename nor servname provided, or not known>
[2026-04-24T15:30:33Z]   CDX check failed: <urlopen error [Errno 8] nodename nor servname provided, or not known>
[2026-04-24T15:30:33Z] [1456/1937] no-snapshot  https://idlewild.org/
[2026-04-24T15:30:33Z]   availability check failed: <urlopen error [Errno 8] nodename nor servname provided, or not known>
[2026-04-24T15:30:33Z]   CDX check failed: <urlopen error [Errno 8] nodename nor servname provided, or not known>
[2026-04-24T15:30:33Z] [1457/1937] no-snapshot  https://fbcw.org
[2026-04-24T15:30:33Z]   availability check failed: <urlopen error [Errno 8] nodename nor servname provided, or not known>
[2026-04-24T15:30:33Z]   CDX check failed: <urlopen error [Errno 8] nodename nor servname provided, or not known>
[2026-04-24T15:30:33Z] [1458/1937] no-snapshot  https://eaglebrookchurch.com/
[2026-04-24T15:30:33Z]   availability check failed: <urlopen error [Errno 8] nodename nor servname provided, or not known>
[2026-04-24T15:30:33Z]   CDX check failed: <urlopen error [Errno 8] nodename nor servname provided, or not known>
[2026-04-24T15:30:33Z] [1459/1937] no-snapshot  https://eaglebrookchurch.com/about/beliefs-values-history/
[2026-04-24T15:30:33Z]   availability check failed: <urlopen error [Errno 8] nodename nor servname provided, or not known>
[2026-04-24T15:30:33Z]   CDX check failed: <urlopen error [Errno 8] nodename nor servname provided, or not known>
[2026-04-24T15:30:33Z] [1460/1937] no-snapshot  https://weareradiant.com/
[2026-04-24T15:30:33Z]   checkpoint: {"fresh": 269, "older": 98, "saved": 0, "skip": 3, "fail": 0, "cached": 0, "no-snapshot": 1090}
[2026-04-24T15:30:33Z]   availability check failed: <urlopen error [Errno 8] nodename nor servname provided, or not known>
[2026-04-24T15:30:33Z]   CDX check failed: <urlopen error [Errno 8] nodename nor servname provided, or not known>
[2026-04-24T15:30:33Z] [1461/1937] no-snapshot  https://www.whatisgrace.org/our-staff
[2026-04-24T15:30:33Z]   availability check failed: <urlopen error [Errno 8] nodename nor servname provided, or not known>
[2026-04-24T15:30:33Z]   CDX check failed: <urlopen error [Errno 8] nodename nor servname provided, or not known>
[2026-04-24T15:30:33Z] [1462/1937] no-snapshot  https://www.whatisgrace.org/board
[2026-04-24T15:30:33Z]   availability check failed: <urlopen error [Errno 8] nodename nor servname provided, or not known>
[2026-04-24T15:30:33Z]   CDX check failed: <urlopen error [Errno 8] nodename nor servname provided, or not known>
[2026-04-24T15:30:33Z] [1463/1937] no-snapshot  https://www.marinerschurch.org/leadership
[2026-04-24T15:30:33Z]   availability check failed: <urlopen error [Errno 8] nodename nor servname provided, or not known>
[2026-04-24T15:30:33Z]   CDX check failed: <urlopen error [Errno 8] nodename nor servname provided, or not known>
[2026-04-24T15:30:33Z] [1464/1937] no-snapshot  https://www.marinerschurch.org/wp-content/uploads/2023/01/Sexuality_v3.pdf
[2026-04-24T15:30:33Z]   availability check failed: <urlopen error [Errno 8] nodename nor servname provided, or not known>
[2026-04-24T15:30:33Z]   CDX check failed: <urlopen error [Errno 8] nodename nor servname provided, or not known>
[2026-04-24T15:30:33Z] [1465/1937] no-snapshot  https://stationhillchurch.com/
[2026-04-24T15:30:33Z]   availability check failed: <urlopen error [Errno 8] nodename nor servname provided, or not known>
[2026-04-24T15:30:33Z]   CDX check failed: <urlopen error [Errno 8] nodename nor servname provided, or not known>
[2026-04-24T15:30:33Z] [1466/1937] no-snapshot  https://brentwoodbaptist.com/celebrating-10-years-of-the-church-at-station-hill/
[2026-04-24T15:30:33Z]   availability check failed: <urlopen error [Errno 8] nodename nor servname provided, or not known>
[2026-04-24T15:30:33Z]   CDX check failed: <urlopen error [Errno 8] nodename nor servname provided, or not known>
[2026-04-24T15:30:33Z] [1467/1937] no-snapshot  https://gracechurch.us/
[2026-04-24T15:30:33Z]   availability check failed: <urlopen error [Errno 8] nodename nor servname provided, or not known>
[2026-04-24T15:30:33Z]   CDX check failed: <urlopen error [Errno 8] nodename nor servname provided, or not known>
[2026-04-24T15:30:33Z] [1468/1937] no-snapshot  https://www.christianpost.com/news/grace-church-in-indiana-in-spotlight-for-reversal-on-women-leaders-theologian-lauds-shift-on-massive-misreading-of-scripture.html
[2026-04-24T15:30:33Z]   availability check failed: <urlopen error [Errno 8] nodename nor servname provided, or not known>
[2026-04-24T15:30:33Z]   CDX check failed: <urlopen error [Errno 8] nodename nor servname provided, or not known>
[2026-04-24T15:30:33Z] [1469/1937] no-snapshot  https://www.wearecrossing.com/contributor/greg-tamara-dumas
[2026-04-24T15:30:33Z]   availability check failed: <urlopen error [Errno 8] nodename nor servname provided, or not known>
[2026-04-24T15:30:33Z]   CDX check failed: <urlopen error [Errno 8] nodename nor servname provided, or not known>
[2026-04-24T15:30:33Z] [1470/1937] no-snapshot  https://www.joinmychurch.com/churches/The-Crossing-Church-Tampa-Florida-United-States/3073
[2026-04-24T15:30:33Z]   checkpoint: {"fresh": 269, "older": 98, "saved": 0, "skip": 3, "fail": 0, "cached": 0, "no-snapshot": 1100}
[2026-04-24T15:30:33Z]   availability check failed: <urlopen error [Errno 8] nodename nor servname provided, or not known>
[2026-04-24T15:30:33Z]   CDX check failed: <urlopen error [Errno 8] nodename nor servname provided, or not known>
[2026-04-24T15:30:33Z] [1471/1937] no-snapshot  https://www.providencepensacola.org/
[2026-04-24T15:30:33Z]   availability check failed: <urlopen error [Errno 8] nodename nor servname provided, or not known>
[2026-04-24T15:30:33Z]   CDX check failed: <urlopen error [Errno 8] nodename nor servname provided, or not known>
[2026-04-24T15:30:33Z] [1472/1937] no-snapshot  https://www.gospelgrace.com/
[2026-04-24T15:30:33Z]   availability check failed: <urlopen error [Errno 8] nodename nor servname provided, or not known>
[2026-04-24T15:30:33Z]   CDX check failed: <urlopen error [Errno 8] nodename nor servname provided, or not known>
[2026-04-24T15:30:33Z] [1473/1937] no-snapshot  https://thebaptistpaper.org/plant-for-the-gospel-grace-hope-and-peace-grow-in-utah/
[2026-04-24T15:30:33Z]   availability check failed: <urlopen error [Errno 8] nodename nor servname provided, or not known>
[2026-04-24T15:30:33Z]   CDX check failed: <urlopen error [Errno 8] nodename nor servname provided, or not known>
[2026-04-24T15:30:33Z] [1474/1937] no-snapshot  https://uisbc.org/team-plants-two-churches-and-revitalize-a-third/
[2026-04-24T15:30:33Z]   availability check failed: <urlopen error [Errno 8] nodename nor servname provided, or not known>
[2026-04-24T15:30:33Z]   CDX check failed: <urlopen error [Errno 8] nodename nor servname provided, or not known>
[2026-04-24T15:30:33Z] [1475/1937] no-snapshot  https://www.checkmychurch.org/post/church-check-10-gospel-grace-church-in-salt-lake-city-utah
[2026-04-24T15:30:33Z]   availability check failed: <urlopen error [Errno 8] nodename nor servname provided, or not known>
[2026-04-24T15:30:33Z]   CDX check failed: <urlopen error [Errno 8] nodename nor servname provided, or not known>
[2026-04-24T15:30:33Z] [1476/1937] no-snapshot  https://www.hopechurchmemphis.org
[2026-04-24T15:30:33Z]   availability check failed: <urlopen error [Errno 8] nodename nor servname provided, or not known>
[2026-04-24T15:30:33Z]   CDX check failed: <urlopen error [Errno 8] nodename nor servname provided, or not known>
[2026-04-24T15:30:33Z] [1477/1937] no-snapshot  https://www.hopepres.com/
[2026-04-24T15:30:33Z]   availability check failed: <urlopen error [Errno 8] nodename nor servname provided, or not known>
[2026-04-24T15:30:33Z]   CDX check failed: <urlopen error [Errno 8] nodename nor servname provided, or not known>
[2026-04-24T15:30:33Z] [1478/1937] no-snapshot  https://www.hopepres.com/elders
[2026-04-24T15:30:33Z]   availability check failed: <urlopen error [Errno 8] nodename nor servname provided, or not known>
[2026-04-24T15:30:33Z]   CDX check failed: <urlopen error [Errno 8] nodename nor servname provided, or not known>
[2026-04-24T15:30:33Z] [1479/1937] no-snapshot  https://en.wikipedia.org/wiki/Hope_Presbyterian_Church
[2026-04-24T15:30:33Z]   availability check failed: <urlopen error [Errno 8] nodename nor servname provided, or not known>
[2026-04-24T15:30:33Z]   CDX check failed: <urlopen error [Errno 8] nodename nor servname provided, or not known>
[2026-04-24T15:30:33Z] [1480/1937] no-snapshot  https://redeemeramarillo.com/about/
[2026-04-24T15:30:33Z]   checkpoint: {"fresh": 269, "older": 98, "saved": 0, "skip": 3, "fail": 0, "cached": 0, "no-snapshot": 1110}
[2026-04-24T15:30:33Z]   availability check failed: <urlopen error [Errno 8] nodename nor servname provided, or not known>
[2026-04-24T15:30:33Z]   CDX check failed: <urlopen error [Errno 8] nodename nor servname provided, or not known>
[2026-04-24T15:30:33Z] [1481/1937] no-snapshot  https://www.reformedtexas.com/2271703/episodes/15610497-leading-a-reformed-congregation-in-amarillo-with-dr-tyler-taber
[2026-04-24T15:30:33Z] [1482/1937] skip      https://www.facebook.com/p/Redeemer-Presbyterian-Church-PCA-Amarillo-100064944813483/
[2026-04-24T15:30:33Z]   availability check failed: <urlopen error [Errno 8] nodename nor servname provided, or not known>
[2026-04-24T15:30:33Z]   CDX check failed: <urlopen error [Errno 8] nodename nor servname provided, or not known>
[2026-04-24T15:30:33Z] [1483/1937] no-snapshot  https://www.trinitybiblechurch.org/leadership
[2026-04-24T15:30:33Z]   availability check failed: <urlopen error [Errno 8] nodename nor servname provided, or not known>
[2026-04-24T15:30:33Z]   CDX check failed: <urlopen error [Errno 8] nodename nor servname provided, or not known>
[2026-04-24T15:30:33Z] [1484/1937] no-snapshot  https://www.calvarybiblefw.org
[2026-04-24T15:30:33Z]   availability check failed: <urlopen error [Errno 8] nodename nor servname provided, or not known>
[2026-04-24T15:30:33Z]   CDX check failed: <urlopen error [Errno 8] nodename nor servname provided, or not known>
[2026-04-24T15:30:33Z] [1485/1937] no-snapshot  https://www.usachurches.org/church/providence-baptist-church-raleigh.htm
[2026-04-24T15:30:33Z]   availability check failed: <urlopen error [Errno 8] nodename nor servname provided, or not known>
[2026-04-24T15:30:33Z]   CDX check failed: <urlopen error [Errno 8] nodename nor servname provided, or not known>
[2026-04-24T15:30:33Z] [1486/1937] no-snapshot  https://www.immanuelnashville.com
[2026-04-24T15:30:33Z]   availability check failed: <urlopen error [Errno 8] nodename nor servname provided, or not known>
[2026-04-24T15:30:33Z]   CDX check failed: <urlopen error [Errno 8] nodename nor servname provided, or not known>
[2026-04-24T15:30:33Z] [1487/1937] no-snapshot  https://www.thegospelcoalition.org/blogs/ray-ortlund/immanuel-and-acts-29/
[2026-04-24T15:30:33Z]   availability check failed: <urlopen error [Errno 8] nodename nor servname provided, or not known>
[2026-04-24T15:30:33Z]   CDX check failed: <urlopen error [Errno 8] nodename nor servname provided, or not known>
[2026-04-24T15:30:33Z] [1488/1937] no-snapshot  https://en.wikipedia.org/wiki/Raymond_C._Ortlund_Jr.
[2026-04-24T15:30:33Z]   availability check failed: <urlopen error [Errno 8] nodename nor servname provided, or not known>
[2026-04-24T15:30:33Z]   CDX check failed: <urlopen error [Errno 8] nodename nor servname provided, or not known>
[2026-04-24T15:30:33Z] [1489/1937] no-snapshot  https://prbc-wa.org/lyon
[2026-04-24T15:30:33Z]   availability check failed: <urlopen error [Errno 8] nodename nor servname provided, or not known>
[2026-04-24T15:30:33Z]   CDX check failed: <urlopen error [Errno 8] nodename nor servname provided, or not known>
[2026-04-24T15:30:33Z] [1490/1937] no-snapshot  https://prbc-wa.org/what-we-believe
[2026-04-24T15:30:33Z]   checkpoint: {"fresh": 269, "older": 98, "saved": 0, "skip": 4, "fail": 0, "cached": 0, "no-snapshot": 1119}
[2026-04-24T15:30:33Z]   availability check failed: <urlopen error [Errno 8] nodename nor servname provided, or not known>
[2026-04-24T15:30:33Z]   CDX check failed: <urlopen error [Errno 8] nodename nor servname provided, or not known>
[2026-04-24T15:30:33Z] [1491/1937] no-snapshot  https://www.faithstreet.com/church/christ-our-king-presbyterian-church-columbia-mo-1
[2026-04-24T15:30:33Z]   availability check failed: <urlopen error [Errno 8] nodename nor servname provided, or not known>
[2026-04-24T15:30:33Z]   CDX check failed: <urlopen error [Errno 8] nodename nor servname provided, or not known>
[2026-04-24T15:30:33Z] [1492/1937] no-snapshot  https://www.faithstreet.com/church/christ-our-king-presbyterian-church-columbia-mo-1/leaders
[2026-04-24T15:30:33Z]   availability check failed: <urlopen error [Errno 8] nodename nor servname provided, or not known>
[2026-04-24T15:30:33Z]   CDX check failed: <urlopen error [Errno 8] nodename nor servname provided, or not known>
[2026-04-24T15:30:33Z] [1493/1937] no-snapshot  https://churchmen.org/
[2026-04-24T15:30:33Z]   availability check failed: <urlopen error [Errno 8] nodename nor servname provided, or not known>
[2026-04-24T15:30:33Z]   CDX check failed: <urlopen error [Errno 8] nodename nor servname provided, or not known>
[2026-04-24T15:30:33Z] [1494/1937] no-snapshot  https://expositors.org/staff-faculty/jerry-wragg/
[2026-04-24T15:30:33Z]   availability check failed: <urlopen error [Errno 8] nodename nor servname provided, or not known>
[2026-04-24T15:30:33Z]   CDX check failed: <urlopen error [Errno 8] nodename nor servname provided, or not known>
[2026-04-24T15:30:33Z] [1495/1937] no-snapshot  https://expositors.org/jupiter-campus/
[2026-04-24T15:30:33Z]   availability check failed: <urlopen error [Errno 8] nodename nor servname provided, or not known>
[2026-04-24T15:30:33Z]   CDX check failed: <urlopen error [Errno 8] nodename nor servname provided, or not known>
[2026-04-24T15:30:33Z] [1496/1937] no-snapshot  http://gibcjupiter.org
[2026-04-24T15:30:33Z]   availability check failed: <urlopen error [Errno 8] nodename nor servname provided, or not known>
[2026-04-24T15:30:33Z]   CDX check failed: <urlopen error [Errno 8] nodename nor servname provided, or not known>
[2026-04-24T15:30:33Z] [1497/1937] no-snapshot  https://www.vbcaurora.org/values-beliefs
[2026-04-24T15:30:33Z]   availability check failed: <urlopen error [Errno 8] nodename nor servname provided, or not known>
[2026-04-24T15:30:33Z]   CDX check failed: <urlopen error [Errno 8] nodename nor servname provided, or not known>
[2026-04-24T15:30:33Z] [1498/1937] no-snapshot  https://fellowshipknox.org/we-believe
[2026-04-24T15:30:33Z]   availability check failed: <urlopen error [Errno 8] nodename nor servname provided, or not known>
[2026-04-24T15:30:33Z]   CDX check failed: <urlopen error [Errno 8] nodename nor servname provided, or not known>
[2026-04-24T15:30:33Z] [1499/1937] no-snapshot  https://churches.efca.org/?id=173443
[2026-04-24T15:30:33Z]   availability check failed: <urlopen error [Errno 8] nodename nor servname provided, or not known>
[2026-04-24T15:30:33Z]   CDX check failed: <urlopen error [Errno 8] nodename nor servname provided, or not known>
[2026-04-24T15:30:33Z] [1500/1937] no-snapshot  https://www.covenantdoylestown.org
[2026-04-24T15:30:33Z]   checkpoint: {"fresh": 269, "older": 98, "saved": 0, "skip": 4, "fail": 0, "cached": 0, "no-snapshot": 1129}
[2026-04-24T15:30:33Z]   availability check failed: <urlopen error [Errno 8] nodename nor servname provided, or not known>
[2026-04-24T15:30:33Z]   CDX check failed: <urlopen error [Errno 8] nodename nor servname provided, or not known>
[2026-04-24T15:30:33Z] [1501/1937] no-snapshot  https://covenantdoylestown.org/leadership/
[2026-04-24T15:30:33Z]   availability check failed: <urlopen error [Errno 8] nodename nor servname provided, or not known>
[2026-04-24T15:30:33Z]   CDX check failed: <urlopen error [Errno 8] nodename nor servname provided, or not known>
[2026-04-24T15:30:33Z] [1502/1937] no-snapshot  https://www.pcaac.org/wp-content/uploads/gravity_forms/9-8a3b54d3238a3c458b1c9d439bf3ec84/2022/02/Lead-Pastor_Covenant_Doylestown_PA.pdf
[2026-04-24T15:30:33Z]   availability check failed: <urlopen error [Errno 8] nodename nor servname provided, or not known>
[2026-04-24T15:30:33Z]   CDX check failed: <urlopen error [Errno 8] nodename nor servname provided, or not known>
[2026-04-24T15:30:33Z] [1503/1937] no-snapshot  https://www.friscofirst.church
[2026-04-24T15:30:33Z]   availability check failed: <urlopen error [Errno 8] nodename nor servname provided, or not known>
[2026-04-24T15:30:33Z]   CDX check failed: <urlopen error [Errno 8] nodename nor servname provided, or not known>
[2026-04-24T15:30:33Z] [1504/1937] no-snapshot  https://baptiststandard.com/opinion/profiles/jeff-warren-challenging-cultural-christianity/
[2026-04-24T15:30:33Z]   availability check failed: <urlopen error [Errno 8] nodename nor servname provided, or not known>
[2026-04-24T15:30:33Z]   CDX check failed: <urlopen error [Errno 8] nodename nor servname provided, or not known>
[2026-04-24T15:30:33Z] [1505/1937] no-snapshot  https://tbclakeland.org
[2026-04-24T15:30:33Z]   availability check failed: <urlopen error [Errno 8] nodename nor servname provided, or not known>
[2026-04-24T15:30:33Z]   CDX check failed: <urlopen error [Errno 8] nodename nor servname provided, or not known>
[2026-04-24T15:30:33Z] [1506/1937] no-snapshot  https://medullachurch.org/about
[2026-04-24T15:30:33Z]   availability check failed: <urlopen error [Errno 8] nodename nor servname provided, or not known>
[2026-04-24T15:30:33Z]   CDX check failed: <urlopen error [Errno 8] nodename nor servname provided, or not known>
[2026-04-24T15:30:33Z] [1507/1937] no-snapshot  https://www.tbcocala.church/
[2026-04-24T15:30:33Z]   availability check failed: <urlopen error [Errno 8] nodename nor servname provided, or not known>
[2026-04-24T15:30:33Z]   CDX check failed: <urlopen error [Errno 8] nodename nor servname provided, or not known>
[2026-04-24T15:30:33Z] [1508/1937] no-snapshot  https://bfm.sbc.net/bfm2000/
[2026-04-24T15:30:33Z]   availability check failed: <urlopen error [Errno 8] nodename nor servname provided, or not known>
[2026-04-24T15:30:33Z]   CDX check failed: <urlopen error [Errno 8] nodename nor servname provided, or not known>
[2026-04-24T15:30:33Z] [1509/1937] no-snapshot  https://www.covenantbapt.org
[2026-04-24T15:30:33Z]   availability check failed: <urlopen error [Errno 8] nodename nor servname provided, or not known>
[2026-04-24T15:30:33Z]   CDX check failed: <urlopen error [Errno 8] nodename nor servname provided, or not known>
[2026-04-24T15:30:33Z] [1510/1937] no-snapshot  https://www.covenantbapt.org/leadership
[2026-04-24T15:30:33Z]   checkpoint: {"fresh": 269, "older": 98, "saved": 0, "skip": 4, "fail": 0, "cached": 0, "no-snapshot": 1139}
[2026-04-24T15:30:33Z]   availability check failed: <urlopen error [Errno 8] nodename nor servname provided, or not known>
[2026-04-24T15:30:33Z]   CDX check failed: <urlopen error [Errno 8] nodename nor servname provided, or not known>
[2026-04-24T15:30:33Z] [1511/1937] no-snapshot  https://www.ingleside.org/
[2026-04-24T15:30:33Z]   availability check failed: <urlopen error [Errno 8] nodename nor servname provided, or not known>
[2026-04-24T15:30:33Z]   CDX check failed: <urlopen error [Errno 8] nodename nor servname provided, or not known>
[2026-04-24T15:30:33Z] [1512/1937] no-snapshot  https://fbcrome.com/who-we-are/
[2026-04-24T15:30:33Z]   availability check failed: <urlopen error [Errno 8] nodename nor servname provided, or not known>
[2026-04-24T15:30:33Z]   CDX check failed: <urlopen error [Errno 8] nodename nor servname provided, or not known>
[2026-04-24T15:30:33Z] [1513/1937] no-snapshot  CBF Georgia directory
[2026-04-24T15:30:33Z]   availability check failed: <urlopen error [Errno 8] nodename nor servname provided, or not known>
[2026-04-24T15:30:33Z]   CDX check failed: <urlopen error [Errno 8] nodename nor servname provided, or not known>
[2026-04-24T15:30:33Z] [1514/1937] no-snapshot  https://www.hopecommunity.com/about
[2026-04-24T15:30:33Z]   availability check failed: <urlopen error [Errno 8] nodename nor servname provided, or not known>
[2026-04-24T15:30:33Z]   CDX check failed: <urlopen error [Errno 8] nodename nor servname provided, or not known>
[2026-04-24T15:30:33Z] [1515/1937] no-snapshot  https://thewartburgwatch.com/2021/08/20/hope-community-church-raleigh-another-sbc-megachurch-another-adulterous-relationship-so-tiresome-and-common/
[2026-04-24T15:30:33Z]   availability check failed: <urlopen error [Errno 8] nodename nor servname provided, or not known>
[2026-04-24T15:30:33Z]   CDX check failed: <urlopen error [Errno 8] nodename nor servname provided, or not known>
[2026-04-24T15:30:33Z] [1516/1937] no-snapshot  https://indyweek.com/news/hope-community-church-raleigh-feature/
[2026-04-24T15:30:33Z]   availability check failed: <urlopen error [Errno 8] nodename nor servname provided, or not known>
[2026-04-24T15:30:33Z]   CDX check failed: <urlopen error [Errno 8] nodename nor servname provided, or not known>
[2026-04-24T15:30:33Z] [1517/1937] no-snapshot  https://www.fallingwaterbaptist.org
[2026-04-24T15:30:33Z]   availability check failed: <urlopen error [Errno 8] nodename nor servname provided, or not known>
[2026-04-24T15:30:33Z]   CDX check failed: <urlopen error [Errno 8] nodename nor servname provided, or not known>
[2026-04-24T15:30:33Z] [1518/1937] no-snapshot  https://churches.sbc.net/church/falling-water-baptist-church/
[2026-04-24T15:30:33Z]   availability check failed: <urlopen error [Errno 8] nodename nor servname provided, or not known>
[2026-04-24T15:30:33Z]   CDX check failed: <urlopen error [Errno 8] nodename nor servname provided, or not known>
[2026-04-24T15:30:33Z] [1519/1937] no-snapshot  https://www.westsidebaptist.org/staff
[2026-04-24T15:30:33Z]   availability check failed: <urlopen error [Errno 8] nodename nor servname provided, or not known>
[2026-04-24T15:30:33Z]   CDX check failed: <urlopen error [Errno 8] nodename nor servname provided, or not known>
[2026-04-24T15:30:33Z] [1520/1937] no-snapshot  https://www.ncfba.net/members/westside-baptist-church/
[2026-04-24T15:30:33Z]   checkpoint: {"fresh": 269, "older": 98, "saved": 0, "skip": 4, "fail": 0, "cached": 0, "no-snapshot": 1149}
[2026-04-24T15:30:33Z]   availability check failed: <urlopen error [Errno 8] nodename nor servname provided, or not known>
[2026-04-24T15:30:33Z]   CDX check failed: <urlopen error [Errno 8] nodename nor servname provided, or not known>
[2026-04-24T15:30:33Z] [1521/1937] no-snapshot  https://gatewaypeople.com/frisco
[2026-04-24T15:30:33Z]   availability check failed: <urlopen error [Errno 8] nodename nor servname provided, or not known>
[2026-04-24T15:30:33Z]   CDX check failed: <urlopen error [Errno 8] nodename nor servname provided, or not known>
[2026-04-24T15:30:33Z] [1522/1937] no-snapshot  https://julieroys.com/gateway-settled-lawsuit-alleging-sexual-harassment-hostility-church-robert-morris-founded/
[2026-04-24T15:30:33Z]   availability check failed: <urlopen error [Errno 8] nodename nor servname provided, or not known>
[2026-04-24T15:30:33Z]   CDX check failed: <urlopen error [Errno 8] nodename nor servname provided, or not known>
[2026-04-24T15:30:33Z] [1523/1937] no-snapshot  https://fortworthreport.org/2024/08/23/as-new-executive-pastor-takes-over-at-gateway-church-former-congregants-raise-concerns/
[2026-04-24T15:30:33Z]   availability check failed: <urlopen error [Errno 8] nodename nor servname provided, or not known>
[2026-04-24T15:30:33Z]   CDX check failed: <urlopen error [Errno 8] nodename nor servname provided, or not known>
[2026-04-24T15:30:33Z] [1524/1937] no-snapshot  https://theunionchurch.com/about/
[2026-04-24T15:30:33Z]   availability check failed: <urlopen error [Errno 8] nodename nor servname provided, or not known>
[2026-04-24T15:30:33Z]   CDX check failed: <urlopen error [Errno 8] nodename nor servname provided, or not known>
[2026-04-24T15:30:33Z] [1525/1937] no-snapshot  https://www.arcchurches.com/high-capacity-stephen-chandler-on-union-churchs-journey-from-merger-to-multisite-megachurch/
[2026-04-24T15:30:33Z]   availability check failed: <urlopen error [Errno 8] nodename nor servname provided, or not known>
[2026-04-24T15:30:33Z]   CDX check failed: <urlopen error [Errno 8] nodename nor servname provided, or not known>
[2026-04-24T15:30:33Z] [1526/1937] no-snapshot  https://www.lakesidechurch.com/about
[2026-04-24T15:30:33Z]   availability check failed: <urlopen error [Errno 8] nodename nor servname provided, or not known>
[2026-04-24T15:30:33Z]   CDX check failed: <urlopen error [Errno 8] nodename nor servname provided, or not known>
[2026-04-24T15:30:33Z] [1527/1937] no-snapshot  https://www.myalivechurch.org/pastors
[2026-04-24T15:30:33Z]   availability check failed: <urlopen error [Errno 8] nodename nor servname provided, or not known>
[2026-04-24T15:30:33Z]   CDX check failed: <urlopen error [Errno 8] nodename nor servname provided, or not known>
[2026-04-24T15:30:33Z] [1528/1937] no-snapshot  https://www.myalivechurch.org
[2026-04-24T15:30:33Z]   availability check failed: <urlopen error [Errno 8] nodename nor servname provided, or not known>
[2026-04-24T15:30:33Z]   CDX check failed: <urlopen error [Errno 8] nodename nor servname provided, or not known>
[2026-04-24T15:30:33Z] [1529/1937] no-snapshot  https://influencechurch.org
[2026-04-24T15:30:33Z]   availability check failed: <urlopen error [Errno 8] nodename nor servname provided, or not known>
[2026-04-24T15:30:33Z]   CDX check failed: <urlopen error [Errno 8] nodename nor servname provided, or not known>
[2026-04-24T15:30:33Z] [1530/1937] no-snapshot  https://generation.church
[2026-04-24T15:30:33Z]   checkpoint: {"fresh": 269, "older": 98, "saved": 0, "skip": 4, "fail": 0, "cached": 0, "no-snapshot": 1159}
[2026-04-24T15:30:33Z]   availability check failed: <urlopen error [Errno 8] nodename nor servname provided, or not known>
[2026-04-24T15:30:33Z]   CDX check failed: <urlopen error [Errno 8] nodename nor servname provided, or not known>
[2026-04-24T15:30:33Z] [1531/1937] no-snapshot  https://www.missionventura.com/about
[2026-04-24T15:30:33Z]   availability check failed: <urlopen error [Errno 8] nodename nor servname provided, or not known>
[2026-04-24T15:30:33Z]   CDX check failed: <urlopen error [Errno 8] nodename nor servname provided, or not known>
[2026-04-24T15:30:33Z] [1532/1937] no-snapshot  https://www.missionventura.com/theteam
[2026-04-24T15:30:33Z]   availability check failed: <urlopen error [Errno 8] nodename nor servname provided, or not known>
[2026-04-24T15:30:33Z]   CDX check failed: <urlopen error [Errno 8] nodename nor servname provided, or not known>
[2026-04-24T15:30:33Z] [1533/1937] no-snapshot  https://christianstandard.com/2019/03/spotlight-mission-church-ventura-california/
[2026-04-24T15:30:33Z]   availability check failed: <urlopen error [Errno 8] nodename nor servname provided, or not known>
[2026-04-24T15:30:33Z]   CDX check failed: <urlopen error [Errno 8] nodename nor servname provided, or not known>
[2026-04-24T15:30:33Z] [1534/1937] no-snapshot  https://c3church.cc/
[2026-04-24T15:30:33Z]   availability check failed: <urlopen error [Errno 8] nodename nor servname provided, or not known>
[2026-04-24T15:30:33Z]   CDX check failed: <urlopen error [Errno 8] nodename nor servname provided, or not known>
[2026-04-24T15:30:33Z] [1535/1937] no-snapshot  https://c3church.cc/pastor-byron/
[2026-04-24T15:30:33Z]   availability check failed: <urlopen error [Errno 8] nodename nor servname provided, or not known>
[2026-04-24T15:30:33Z]   CDX check failed: <urlopen error [Errno 8] nodename nor servname provided, or not known>
[2026-04-24T15:30:33Z] [1536/1937] no-snapshot  https://www.christcentralpca.org/
[2026-04-24T15:30:33Z]   availability check failed: <urlopen error [Errno 8] nodename nor servname provided, or not known>
[2026-04-24T15:30:33Z]   CDX check failed: <urlopen error [Errno 8] nodename nor servname provided, or not known>
[2026-04-24T15:30:33Z] [1537/1937] no-snapshot  https://pcahistory.org/pca/succession/Florida.pdf
[2026-04-24T15:30:33Z]   availability check failed: <urlopen error [Errno 8] nodename nor servname provided, or not known>
[2026-04-24T15:30:33Z]   CDX check failed: <urlopen error [Errno 8] nodename nor servname provided, or not known>
[2026-04-24T15:30:33Z] [1538/1937] no-snapshot  https://www.newlifelajolla.org
[2026-04-24T15:30:33Z]   availability check failed: <urlopen error [Errno 8] nodename nor servname provided, or not known>
[2026-04-24T15:30:33Z]   CDX check failed: <urlopen error [Errno 8] nodename nor servname provided, or not known>
[2026-04-24T15:30:33Z] [1539/1937] no-snapshot  https://www.harborsdchurch.com/about
[2026-04-24T15:30:33Z]   availability check failed: <urlopen error [Errno 8] nodename nor servname provided, or not known>
[2026-04-24T15:30:33Z]   CDX check failed: <urlopen error [Errno 8] nodename nor servname provided, or not known>
[2026-04-24T15:30:33Z] [1540/1937] no-snapshot  https://www.fpcslc.org
[2026-04-24T15:30:33Z]   checkpoint: {"fresh": 269, "older": 98, "saved": 0, "skip": 4, "fail": 0, "cached": 0, "no-snapshot": 1169}
[2026-04-24T15:30:33Z]   availability check failed: <urlopen error [Errno 8] nodename nor servname provided, or not known>
[2026-04-24T15:30:33Z]   CDX check failed: <urlopen error [Errno 8] nodename nor servname provided, or not known>
[2026-04-24T15:30:33Z] [1541/1937] no-snapshot  https://pcusa.org/congregation/first-church-salt-lake-city-ut
[2026-04-24T15:30:33Z]   availability check failed: <urlopen error [Errno 8] nodename nor servname provided, or not known>
[2026-04-24T15:30:33Z]   CDX check failed: <urlopen error [Errno 8] nodename nor servname provided, or not known>
[2026-04-24T15:30:33Z] [1542/1937] no-snapshot  https://pbyutah.org/church-directory/first-presbyterian-salt-lake
[2026-04-24T15:30:33Z]   availability check failed: <urlopen error [Errno 8] nodename nor servname provided, or not known>
[2026-04-24T15:30:33Z]   CDX check failed: <urlopen error [Errno 8] nodename nor servname provided, or not known>
[2026-04-24T15:30:33Z] [1543/1937] no-snapshot  https://www.ljpres.org
[2026-04-24T15:30:33Z]   availability check failed: <urlopen error [Errno 8] nodename nor servname provided, or not known>
[2026-04-24T15:30:33Z]   CDX check failed: <urlopen error [Errno 8] nodename nor servname provided, or not known>
[2026-04-24T15:30:33Z] [1544/1937] no-snapshot  https://ljpres.org/deacons/
[2026-04-24T15:30:33Z]   availability check failed: <urlopen error [Errno 8] nodename nor servname provided, or not known>
[2026-04-24T15:30:33Z]   CDX check failed: <urlopen error [Errno 8] nodename nor servname provided, or not known>
[2026-04-24T15:30:33Z] [1545/1937] no-snapshot  https://wesleyan.life/newhope
[2026-04-24T15:30:33Z]   availability check failed: <urlopen error [Errno 8] nodename nor servname provided, or not known>
[2026-04-24T15:30:33Z]   CDX check failed: <urlopen error [Errno 8] nodename nor servname provided, or not known>
[2026-04-24T15:30:33Z] [1546/1937] no-snapshot  https://www.wesleyan.org/newhope-celebrates-ten-years-472
[2026-04-24T15:30:33Z]   availability check failed: <urlopen error [Errno 8] nodename nor servname provided, or not known>
[2026-04-24T15:30:33Z]   CDX check failed: <urlopen error [Errno 8] nodename nor servname provided, or not known>
[2026-04-24T15:30:33Z] [1547/1937] no-snapshot  https://benjikelley.com/about/
[2026-04-24T15:30:33Z]   availability check failed: <urlopen error [Errno 8] nodename nor servname provided, or not known>
[2026-04-24T15:30:33Z]   CDX check failed: <urlopen error [Errno 8] nodename nor servname provided, or not known>
[2026-04-24T15:30:33Z] [1548/1937] no-snapshot  https://wesleyan.life/the-legacy-of-women-in-the-wesleyan-church
[2026-04-24T15:30:33Z]   availability check failed: <urlopen error [Errno 8] nodename nor servname provided, or not known>
[2026-04-24T15:30:33Z]   CDX check failed: <urlopen error [Errno 8] nodename nor servname provided, or not known>
[2026-04-24T15:30:33Z] [1549/1937] no-snapshot  https://eastlake.church
[2026-04-24T15:30:33Z]   availability check failed: <urlopen error [Errno 8] nodename nor servname provided, or not known>
[2026-04-24T15:30:33Z]   CDX check failed: <urlopen error [Errno 8] nodename nor servname provided, or not known>
[2026-04-24T15:30:33Z] [1550/1937] no-snapshot  https://www.usachurches.org/church/eastlake-church.htm
[2026-04-24T15:30:33Z]   checkpoint: {"fresh": 269, "older": 98, "saved": 0, "skip": 4, "fail": 0, "cached": 0, "no-snapshot": 1179}
[2026-04-24T15:30:33Z]   availability check failed: <urlopen error [Errno 8] nodename nor servname provided, or not known>
[2026-04-24T15:30:33Z]   CDX check failed: <urlopen error [Errno 8] nodename nor servname provided, or not known>
[2026-04-24T15:30:33Z] [1551/1937] no-snapshot  https://www.indynaz.org
[2026-04-24T15:30:33Z]   availability check failed: <urlopen error [Errno 8] nodename nor servname provided, or not known>
[2026-04-24T15:30:33Z]   CDX check failed: <urlopen error [Errno 8] nodename nor servname provided, or not known>
[2026-04-24T15:30:33Z] [1552/1937] no-snapshot  https://collegechurch.com/about
[2026-04-24T15:30:33Z]   availability check failed: <urlopen error [Errno 8] nodename nor servname provided, or not known>
[2026-04-24T15:30:33Z]   CDX check failed: <urlopen error [Errno 8] nodename nor servname provided, or not known>
[2026-04-24T15:30:33Z] [1553/1937] no-snapshot  https://collegechurch.com/staff
[2026-04-24T15:30:33Z]   availability check failed: <urlopen error [Errno 8] nodename nor servname provided, or not known>
[2026-04-24T15:30:33Z]   CDX check failed: <urlopen error [Errno 8] nodename nor servname provided, or not known>
[2026-04-24T15:30:33Z] [1554/1937] no-snapshot  https://www.shawneenaz.org
[2026-04-24T15:30:33Z]   availability check failed: <urlopen error [Errno 8] nodename nor servname provided, or not known>
[2026-04-24T15:30:33Z]   CDX check failed: <urlopen error [Errno 8] nodename nor servname provided, or not known>
[2026-04-24T15:30:33Z] [1555/1937] no-snapshot  https://shawneenaz.org/cara
[2026-04-24T15:30:33Z]   availability check failed: <urlopen error [Errno 8] nodename nor servname provided, or not known>
[2026-04-24T15:30:33Z]   CDX check failed: <urlopen error [Errno 8] nodename nor servname provided, or not known>
[2026-04-24T15:30:33Z] [1556/1937] no-snapshot  https://metrolifechurch.com
[2026-04-24T15:30:33Z]   availability check failed: <urlopen error [Errno 8] nodename nor servname provided, or not known>
[2026-04-24T15:30:33Z]   CDX check failed: <urlopen error [Errno 8] nodename nor servname provided, or not known>
[2026-04-24T15:30:33Z] [1557/1937] no-snapshot  https://www.epicsf.com
[2026-04-24T15:30:33Z]   availability check failed: <urlopen error [Errno 8] nodename nor servname provided, or not known>
[2026-04-24T15:30:33Z]   CDX check failed: <urlopen error [Errno 8] nodename nor servname provided, or not known>
[2026-04-24T15:30:33Z] [1558/1937] no-snapshot  https://bridgetown.church/about
[2026-04-24T15:30:33Z]   availability check failed: <urlopen error [Errno 8] nodename nor servname provided, or not known>
[2026-04-24T15:30:33Z]   CDX check failed: <urlopen error [Errno 8] nodename nor servname provided, or not known>
[2026-04-24T15:30:33Z] [1559/1937] no-snapshot  https://bridgetown.church/elders
[2026-04-24T15:30:33Z]   availability check failed: <urlopen error [Errno 8] nodename nor servname provided, or not known>
[2026-04-24T15:30:33Z]   CDX check failed: <urlopen error [Errno 8] nodename nor servname provided, or not known>
[2026-04-24T15:30:33Z] [1560/1937] no-snapshot  https://bridgetown.church/series/womeneldership
[2026-04-24T15:30:33Z]   checkpoint: {"fresh": 269, "older": 98, "saved": 0, "skip": 4, "fail": 0, "cached": 0, "no-snapshot": 1189}
[2026-04-24T15:30:33Z]   availability check failed: <urlopen error [Errno 8] nodename nor servname provided, or not known>
[2026-04-24T15:30:33Z]   CDX check failed: <urlopen error [Errno 8] nodename nor servname provided, or not known>
[2026-04-24T15:30:33Z] [1561/1937] no-snapshot  https://evangelicaldarkweb.org/2023/10/08/debunking-bridgetown-churchs-best-worst-arguments-for-female-pastors/
[2026-04-24T15:30:33Z]   availability check failed: <urlopen error [Errno 8] nodename nor servname provided, or not known>
[2026-04-24T15:30:33Z]   CDX check failed: <urlopen error [Errno 8] nodename nor servname provided, or not known>
[2026-04-24T15:30:33Z] [1562/1937] no-snapshot  https://newhopepdx.org/about
[2026-04-24T15:30:33Z]   availability check failed: <urlopen error [Errno 8] nodename nor servname provided, or not known>
[2026-04-24T15:30:33Z]   CDX check failed: <urlopen error [Errno 8] nodename nor servname provided, or not known>
[2026-04-24T15:30:33Z] [1563/1937] no-snapshot  https://hopecc.com/beliefs
[2026-04-24T15:30:33Z]   availability check failed: <urlopen error [Errno 8] nodename nor servname provided, or not known>
[2026-04-24T15:30:33Z]   CDX check failed: <urlopen error [Errno 8] nodename nor servname provided, or not known>
[2026-04-24T15:30:33Z] [1564/1937] no-snapshot  https://hopecc.com/leadership/steve-treichler/
[2026-04-24T15:30:33Z]   availability check failed: <urlopen error [Errno 8] nodename nor servname provided, or not known>
[2026-04-24T15:30:33Z]   CDX check failed: <urlopen error [Errno 8] nodename nor servname provided, or not known>
[2026-04-24T15:30:33Z] [1565/1937] no-snapshot  https://twincities.thegospelcoalition.org/twin-cities-churches/church/16/hope-community-church-downtown
[2026-04-24T15:30:33Z]   availability check failed: <urlopen error [Errno 8] nodename nor servname provided, or not known>
[2026-04-24T15:30:33Z]   CDX check failed: <urlopen error [Errno 8] nodename nor servname provided, or not known>
[2026-04-24T15:30:33Z] [1566/1937] no-snapshot  https://www.gospeltab.org
[2026-04-24T15:30:33Z]   availability check failed: <urlopen error [Errno 8] nodename nor servname provided, or not known>
[2026-04-24T15:30:33Z]   CDX check failed: <urlopen error [Errno 8] nodename nor servname provided, or not known>
[2026-04-24T15:30:33Z] [1567/1937] no-snapshot  https://www.sacornerstone.org/
[2026-04-24T15:30:33Z]   availability check failed: <urlopen error [Errno 8] nodename nor servname provided, or not known>
[2026-04-24T15:30:33Z]   CDX check failed: <urlopen error [Errno 8] nodename nor servname provided, or not known>
[2026-04-24T15:30:33Z] [1568/1937] no-snapshot  https://www.sacornerstone.org/about/leadership/
[2026-04-24T15:30:33Z]   availability check failed: <urlopen error [Errno 8] nodename nor servname provided, or not known>
[2026-04-24T15:30:33Z]   CDX check failed: <urlopen error [Errno 8] nodename nor servname provided, or not known>
[2026-04-24T15:30:33Z] [1569/1937] no-snapshot  https://www.jhm.org/about
[2026-04-24T15:30:33Z]   availability check failed: <urlopen error [Errno 8] nodename nor servname provided, or not known>
[2026-04-24T15:30:33Z]   CDX check failed: <urlopen error [Errno 8] nodename nor servname provided, or not known>
[2026-04-24T15:30:33Z] [1570/1937] no-snapshot  https://en.wikipedia.org/wiki/John_Hagee
[2026-04-24T15:30:33Z]   checkpoint: {"fresh": 269, "older": 98, "saved": 0, "skip": 4, "fail": 0, "cached": 0, "no-snapshot": 1199}
[2026-04-24T15:30:33Z]   availability check failed: <urlopen error [Errno 8] nodename nor servname provided, or not known>
[2026-04-24T15:30:33Z]   CDX check failed: <urlopen error [Errno 8] nodename nor servname provided, or not known>
[2026-04-24T15:30:33Z] [1571/1937] no-snapshot  https://mynewlife.org/our-pastors/
[2026-04-24T15:30:33Z]   availability check failed: <urlopen error [Errno 8] nodename nor servname provided, or not known>
[2026-04-24T15:30:33Z]   CDX check failed: <urlopen error [Errno 8] nodename nor servname provided, or not known>
[2026-04-24T15:30:33Z] [1572/1937] no-snapshot  https://mynewlife.org/
[2026-04-24T15:30:33Z]   availability check failed: <urlopen error [Errno 8] nodename nor servname provided, or not known>
[2026-04-24T15:30:33Z]   CDX check failed: <urlopen error [Errno 8] nodename nor servname provided, or not known>
[2026-04-24T15:30:33Z] [1573/1937] no-snapshot  https://www.hopefellowshipchurch.org
[2026-04-24T15:30:33Z]   availability check failed: <urlopen error [Errno 8] nodename nor servname provided, or not known>
[2026-04-24T15:30:33Z]   CDX check failed: <urlopen error [Errno 8] nodename nor servname provided, or not known>
[2026-04-24T15:30:33Z] [1574/1937] no-snapshot  https://churches.sbc.net/church/hope-fellowship-church-cambridge/
[2026-04-24T15:30:33Z]   availability check failed: <urlopen error [Errno 8] nodename nor servname provided, or not known>
[2026-04-24T15:30:33Z]   CDX check failed: <urlopen error [Errno 8] nodename nor servname provided, or not known>
[2026-04-24T15:30:33Z] [1575/1937] no-snapshot  https://www.thegospelcoalition.org/profile/curtis-cook/
[2026-04-24T15:30:33Z]   availability check failed: <urlopen error [Errno 8] nodename nor servname provided, or not known>
[2026-04-24T15:30:33Z]   CDX check failed: <urlopen error [Errno 8] nodename nor servname provided, or not known>
[2026-04-24T15:30:33Z] [1576/1937] no-snapshot  https://www.rethinkbaptist.org/
[2026-04-24T15:30:33Z]   availability check failed: <urlopen error [Errno 8] nodename nor servname provided, or not known>
[2026-04-24T15:30:33Z]   CDX check failed: <urlopen error [Errno 8] nodename nor servname provided, or not known>
[2026-04-24T15:30:33Z] [1577/1937] no-snapshot  https://awab.org/staff/
[2026-04-24T15:30:33Z]   availability check failed: <urlopen error [Errno 8] nodename nor servname provided, or not known>
[2026-04-24T15:30:33Z]   CDX check failed: <urlopen error [Errno 8] nodename nor servname provided, or not known>
[2026-04-24T15:30:33Z] [1578/1937] no-snapshot  https://baptistnews.com/article/25-years-ago-this-week-five-baptist-churches-were-booted-for-affirming-gay-members/
[2026-04-24T15:30:33Z]   availability check failed: <urlopen error [Errno 8] nodename nor servname provided, or not known>
[2026-04-24T15:30:33Z]   CDX check failed: <urlopen error [Errno 8] nodename nor servname provided, or not known>
[2026-04-24T15:30:33Z] [1579/1937] no-snapshot  https://www.westword.com/news/reverend-brian-henderson-is-keeping-the-faith-5122688/
[2026-04-24T15:30:33Z]   availability check failed: <urlopen error [Errno 8] nodename nor servname provided, or not known>
[2026-04-24T15:30:33Z]   CDX check failed: <urlopen error [Errno 8] nodename nor servname provided, or not known>
[2026-04-24T15:30:33Z] [1580/1937] no-snapshot  https://www.stonebridge.church/about
[2026-04-24T15:30:33Z]   checkpoint: {"fresh": 269, "older": 98, "saved": 0, "skip": 4, "fail": 0, "cached": 0, "no-snapshot": 1209}
[2026-04-24T15:30:33Z]   availability check failed: <urlopen error [Errno 8] nodename nor servname provided, or not known>
[2026-04-24T15:30:33Z]   CDX check failed: <urlopen error [Errno 8] nodename nor servname provided, or not known>
[2026-04-24T15:30:33Z] [1581/1937] no-snapshot  https://churches.efca.org/?id=12383
[2026-04-24T15:30:33Z]   availability check failed: <urlopen error [Errno 8] nodename nor servname provided, or not known>
[2026-04-24T15:30:33Z]   CDX check failed: <urlopen error [Errno 8] nodename nor servname provided, or not known>
[2026-04-24T15:30:33Z] [1582/1937] no-snapshot  https://www.gmchc.org
[2026-04-24T15:30:33Z]   availability check failed: <urlopen error [Errno 8] nodename nor servname provided, or not known>
[2026-04-24T15:30:33Z]   CDX check failed: <urlopen error [Errno 8] nodename nor servname provided, or not known>
[2026-04-24T15:30:33Z] [1583/1937] no-snapshot  https://www.washingtoninformer.com/dc-church-installation-rev-carter-jr/
[2026-04-24T15:30:33Z]   availability check failed: <urlopen error [Errno 8] nodename nor servname provided, or not known>
[2026-04-24T15:30:33Z]   CDX check failed: <urlopen error [Errno 8] nodename nor servname provided, or not known>
[2026-04-24T15:30:33Z] [1584/1937] no-snapshot  https://www.fbcglenarden.org
[2026-04-24T15:30:33Z]   availability check failed: <urlopen error [Errno 8] nodename nor servname provided, or not known>
[2026-04-24T15:30:33Z]   CDX check failed: <urlopen error [Errno 8] nodename nor servname provided, or not known>
[2026-04-24T15:30:33Z] [1585/1937] no-snapshot  https://en.wikipedia.org/wiki/First_Baptist_Church_of_Glenarden
[2026-04-24T15:30:33Z]   availability check failed: <urlopen error [Errno 8] nodename nor servname provided, or not known>
[2026-04-24T15:30:33Z]   CDX check failed: <urlopen error [Errno 8] nodename nor servname provided, or not known>
[2026-04-24T15:30:33Z] [1586/1937] no-snapshot  https://johnkjenkins.com/bio/
[2026-04-24T15:30:33Z]   availability check failed: <urlopen error [Errno 8] nodename nor servname provided, or not known>
[2026-04-24T15:30:33Z]   CDX check failed: <urlopen error [Errno 8] nodename nor servname provided, or not known>
[2026-04-24T15:30:33Z] [1587/1937] no-snapshot  https://www.springsiac.org/
[2026-04-24T15:30:33Z]   availability check failed: <urlopen error [Errno 8] nodename nor servname provided, or not known>
[2026-04-24T15:30:33Z]   CDX check failed: <urlopen error [Errno 8] nodename nor servname provided, or not known>
[2026-04-24T15:30:33Z] [1588/1937] no-snapshot  https://www.acna.org/admin_units/506
[2026-04-24T15:30:33Z]   availability check failed: <urlopen error [Errno 8] nodename nor servname provided, or not known>
[2026-04-24T15:30:33Z]   CDX check failed: <urlopen error [Errno 8] nodename nor servname provided, or not known>
[2026-04-24T15:30:33Z] [1589/1937] no-snapshot  https://en.wikipedia.org/wiki/Ken_Ross_(bishop)
[2026-04-24T15:30:33Z]   availability check failed: <urlopen error [Errno 8] nodename nor servname provided, or not known>
[2026-04-24T15:30:33Z]   CDX check failed: <urlopen error [Errno 8] nodename nor servname provided, or not known>
[2026-04-24T15:30:33Z] [1590/1937] no-snapshot  https://www.missionchattanooga.org/staff
[2026-04-24T15:30:33Z]   checkpoint: {"fresh": 269, "older": 98, "saved": 0, "skip": 4, "fail": 0, "cached": 0, "no-snapshot": 1219}
[2026-04-24T15:30:33Z]   availability check failed: <urlopen error [Errno 8] nodename nor servname provided, or not known>
[2026-04-24T15:30:33Z]   CDX check failed: <urlopen error [Errno 8] nodename nor servname provided, or not known>
[2026-04-24T15:30:33Z] [1591/1937] no-snapshot  https://www.restorationarlington.org/leadership
[2026-04-24T15:30:33Z]   availability check failed: <urlopen error [Errno 8] nodename nor servname provided, or not known>
[2026-04-24T15:30:33Z]   CDX check failed: <urlopen error [Errno 8] nodename nor servname provided, or not known>
[2026-04-24T15:30:33Z] [1592/1937] no-snapshot  https://sthelenas1712.org/leadership
[2026-04-24T15:30:33Z]   availability check failed: <urlopen error [Errno 8] nodename nor servname provided, or not known>
[2026-04-24T15:30:33Z]   CDX check failed: <urlopen error [Errno 8] nodename nor servname provided, or not known>
[2026-04-24T15:30:33Z] [1593/1937] no-snapshot  https://adosc.org/find-churches/listing/beaufort-the-parish-church-of-st-helena
[2026-04-24T15:30:33Z]   availability check failed: <urlopen error [Errno 8] nodename nor servname provided, or not known>
[2026-04-24T15:30:33Z]   CDX check failed: <urlopen error [Errno 8] nodename nor servname provided, or not known>
[2026-04-24T15:30:33Z] [1594/1937] no-snapshot  https://www.saint-andrews.org/about
[2026-04-24T15:30:33Z]   availability check failed: <urlopen error [Errno 8] nodename nor servname provided, or not known>
[2026-04-24T15:30:33Z]   CDX check failed: <urlopen error [Errno 8] nodename nor servname provided, or not known>
[2026-04-24T15:30:33Z] [1595/1937] no-snapshot  https://www.christchurchplano.org
[2026-04-24T15:30:33Z]   availability check failed: <urlopen error [Errno 8] nodename nor servname provided, or not known>
[2026-04-24T15:30:33Z]   CDX check failed: <urlopen error [Errno 8] nodename nor servname provided, or not known>
[2026-04-24T15:30:33Z] [1596/1937] no-snapshot  https://anglicanchurch.net/christ-church-plano-appoints-fr-paul-donison-as-rector-elect/
[2026-04-24T15:30:33Z]   availability check failed: <urlopen error [Errno 8] nodename nor servname provided, or not known>
[2026-04-24T15:30:33Z]   CDX check failed: <urlopen error [Errno 8] nodename nor servname provided, or not known>
[2026-04-24T15:30:33Z] [1597/1937] no-snapshot  https://redeemerrva.org/team
[2026-04-24T15:30:33Z]   availability check failed: <urlopen error [Errno 8] nodename nor servname provided, or not known>
[2026-04-24T15:30:33Z]   CDX check failed: <urlopen error [Errno 8] nodename nor servname provided, or not known>
[2026-04-24T15:30:33Z] [1598/1937] no-snapshot  https://redeemerrva.org/who-we-are
[2026-04-24T15:30:33Z]   availability check failed: <urlopen error [Errno 8] nodename nor servname provided, or not known>
[2026-04-24T15:30:33Z]   CDX check failed: <urlopen error [Errno 8] nodename nor servname provided, or not known>
[2026-04-24T15:30:33Z] [1599/1937] no-snapshot  https://www.anglicandoma.org/map-of-churches/redeemer-richmond
[2026-04-24T15:30:33Z]   availability check failed: <urlopen error [Errno 8] nodename nor servname provided, or not known>
[2026-04-24T15:30:33Z]   CDX check failed: <urlopen error [Errno 8] nodename nor servname provided, or not known>
[2026-04-24T15:30:33Z] [1600/1937] no-snapshot  https://www.rezaustin.com
[2026-04-24T15:30:33Z]   checkpoint: {"fresh": 269, "older": 98, "saved": 0, "skip": 4, "fail": 0, "cached": 0, "no-snapshot": 1229}
[2026-04-24T15:30:33Z]   availability check failed: <urlopen error [Errno 8] nodename nor servname provided, or not known>
[2026-04-24T15:30:33Z]   CDX check failed: <urlopen error [Errno 8] nodename nor servname provided, or not known>
[2026-04-24T15:30:33Z] [1601/1937] no-snapshot  https://www.trinitychurchseattle.org/who-we-are
[2026-04-24T15:30:33Z]   availability check failed: <urlopen error [Errno 8] nodename nor servname provided, or not known>
[2026-04-24T15:30:33Z]   CDX check failed: <urlopen error [Errno 8] nodename nor servname provided, or not known>
[2026-04-24T15:30:33Z] [1602/1937] no-snapshot  https://www.pacificnorthwestpresbytery.com/churches
[2026-04-24T15:30:33Z]   availability check failed: <urlopen error [Errno 8] nodename nor servname provided, or not known>
[2026-04-24T15:30:33Z]   CDX check failed: <urlopen error [Errno 8] nodename nor servname provided, or not known>
[2026-04-24T15:30:33Z] [1603/1937] no-snapshot  https://www.apexbaptist.org/what-we-believe
[2026-04-24T15:30:33Z]   availability check failed: <urlopen error [Errno 8] nodename nor servname provided, or not known>
[2026-04-24T15:30:33Z]   CDX check failed: <urlopen error [Errno 8] nodename nor servname provided, or not known>
[2026-04-24T15:30:33Z] [1604/1937] no-snapshot  https://mbcnc.org
[2026-04-24T15:30:33Z]   availability check failed: <urlopen error [Errno 8] nodename nor servname provided, or not known>
[2026-04-24T15:30:33Z]   CDX check failed: <urlopen error [Errno 8] nodename nor servname provided, or not known>
[2026-04-24T15:30:33Z] [1605/1937] no-snapshot  https://macedonia-nc.com/meet-us/
[2026-04-24T15:30:33Z]   availability check failed: <urlopen error [Errno 8] nodename nor servname provided, or not known>
[2026-04-24T15:30:33Z]   CDX check failed: <urlopen error [Errno 8] nodename nor servname provided, or not known>
[2026-04-24T15:30:33Z] [1606/1937] no-snapshot  https://shepherds.org
[2026-04-24T15:30:33Z]   availability check failed: <urlopen error [Errno 8] nodename nor servname provided, or not known>
[2026-04-24T15:30:33Z]   CDX check failed: <urlopen error [Errno 8] nodename nor servname provided, or not known>
[2026-04-24T15:30:33Z] [1607/1937] no-snapshot  https://shepherds.org/about/
[2026-04-24T15:30:33Z]   availability check failed: <urlopen error [Errno 8] nodename nor servname provided, or not known>
[2026-04-24T15:30:33Z]   CDX check failed: <urlopen error [Errno 8] nodename nor servname provided, or not known>
[2026-04-24T15:30:33Z] [1608/1937] no-snapshot  https://www.inspirationalgospelmusicchannel.com/post/pastor-john-gray-s-relentless-church-to-change-its-name-to-love-story-church-in-2024
[2026-04-24T15:30:33Z]   availability check failed: <urlopen error [Errno 8] nodename nor servname provided, or not known>
[2026-04-24T15:30:33Z]   CDX check failed: <urlopen error [Errno 8] nodename nor servname provided, or not known>
[2026-04-24T15:30:33Z] [1609/1937] no-snapshot  https://www.foxcarolina.com/2024/01/02/upstate-megachurch-announces-plan-change-name/
[2026-04-24T15:30:33Z]   availability check failed: <urlopen error [Errno 8] nodename nor servname provided, or not known>
[2026-04-24T15:30:33Z]   CDX check failed: <urlopen error [Errno 8] nodename nor servname provided, or not known>
[2026-04-24T15:30:33Z] [1610/1937] no-snapshot  https://nazarene.org/women-clergy
[2026-04-24T15:30:33Z]   checkpoint: {"fresh": 269, "older": 98, "saved": 0, "skip": 4, "fail": 0, "cached": 0, "no-snapshot": 1239}
[2026-04-24T15:30:33Z]   availability check failed: <urlopen error [Errno 8] nodename nor servname provided, or not known>
[2026-04-24T15:30:33Z]   CDX check failed: <urlopen error [Errno 8] nodename nor servname provided, or not known>
[2026-04-24T15:30:33Z] [1611/1937] no-snapshot  https://en.wikipedia.org/wiki/Church_of_the_Nazarene
[2026-04-24T15:30:33Z]   availability check failed: <urlopen error [Errno 8] nodename nor servname provided, or not known>
[2026-04-24T15:30:33Z]   CDX check failed: <urlopen error [Errno 8] nodename nor servname provided, or not known>
[2026-04-24T15:30:33Z] [1612/1937] no-snapshot  https://www.sdrock.com/stories/womenpastors
[2026-04-24T15:30:33Z]   availability check failed: <urlopen error [Errno 8] nodename nor servname provided, or not known>
[2026-04-24T15:30:33Z]   CDX check failed: <urlopen error [Errno 8] nodename nor servname provided, or not known>
[2026-04-24T15:30:33Z] [1613/1937] no-snapshot  https://www.sdrock.com/about
[2026-04-24T15:30:33Z]   availability check failed: <urlopen error [Errno 8] nodename nor servname provided, or not known>
[2026-04-24T15:30:33Z]   CDX check failed: <urlopen error [Errno 8] nodename nor servname provided, or not known>
[2026-04-24T15:30:33Z] [1614/1937] no-snapshot  https://bethlehemchurch.us/who-we-are/
[2026-04-24T15:30:33Z]   availability check failed: <urlopen error [Errno 8] nodename nor servname provided, or not known>
[2026-04-24T15:30:33Z]   CDX check failed: <urlopen error [Errno 8] nodename nor servname provided, or not known>
[2026-04-24T15:30:33Z] [1615/1937] no-snapshot  https://bethlehemchurch.us
[2026-04-24T15:30:33Z]   availability check failed: <urlopen error [Errno 8] nodename nor servname provided, or not known>
[2026-04-24T15:30:33Z]   CDX check failed: <urlopen error [Errno 8] nodename nor servname provided, or not known>
[2026-04-24T15:30:33Z] [1616/1937] no-snapshot  https://www.skylinechurch.org/
[2026-04-24T15:30:33Z]   availability check failed: <urlopen error [Errno 8] nodename nor servname provided, or not known>
[2026-04-24T15:30:33Z]   CDX check failed: <urlopen error [Errno 8] nodename nor servname provided, or not known>
[2026-04-24T15:30:33Z] [1617/1937] no-snapshot  https://www.southsidenaz.org
[2026-04-24T15:30:33Z]   availability check failed: <urlopen error [Errno 8] nodename nor servname provided, or not known>
[2026-04-24T15:30:33Z]   CDX check failed: <urlopen error [Errno 8] nodename nor servname provided, or not known>
[2026-04-24T15:30:33Z] [1618/1937] no-snapshot  https://www.fbcmarshall.org/
[2026-04-24T15:30:33Z]   availability check failed: <urlopen error [Errno 8] nodename nor servname provided, or not known>
[2026-04-24T15:30:33Z]   CDX check failed: <urlopen error [Errno 8] nodename nor servname provided, or not known>
[2026-04-24T15:30:33Z] [1619/1937] no-snapshot  https://www.fbcsherman.org
[2026-04-24T15:30:33Z]   availability check failed: <urlopen error [Errno 8] nodename nor servname provided, or not known>
[2026-04-24T15:30:33Z]   CDX check failed: <urlopen error [Errno 8] nodename nor servname provided, or not known>
[2026-04-24T15:30:33Z] [1620/1937] no-snapshot  https://www.tealhq.com/job/pastor_35eed6b1-a931-43f2-8ab2-0c7a2a424a5a
[2026-04-24T15:30:33Z]   checkpoint: {"fresh": 269, "older": 98, "saved": 0, "skip": 4, "fail": 0, "cached": 0, "no-snapshot": 1249}
[2026-04-24T15:30:33Z]   availability check failed: <urlopen error [Errno 8] nodename nor servname provided, or not known>
[2026-04-24T15:30:33Z]   CDX check failed: <urlopen error [Errno 8] nodename nor servname provided, or not known>
[2026-04-24T15:30:33Z] [1621/1937] no-snapshot  https://www.championforest.org/about/beliefs/
[2026-04-24T15:30:33Z]   availability check failed: <urlopen error [Errno 8] nodename nor servname provided, or not known>
[2026-04-24T15:30:33Z]   CDX check failed: <urlopen error [Errno 8] nodename nor servname provided, or not known>
[2026-04-24T15:30:33Z] [1622/1937] no-snapshot  https://www.championforest.org
[2026-04-24T15:30:33Z]   availability check failed: <urlopen error [Errno 8] nodename nor servname provided, or not known>
[2026-04-24T15:30:33Z]   CDX check failed: <urlopen error [Errno 8] nodename nor servname provided, or not known>
[2026-04-24T15:30:33Z] [1623/1937] no-snapshot  https://www.calvarywinstonsalem.com/about
[2026-04-24T15:30:33Z]   availability check failed: <urlopen error [Errno 8] nodename nor servname provided, or not known>
[2026-04-24T15:30:33Z]   CDX check failed: <urlopen error [Errno 8] nodename nor servname provided, or not known>
[2026-04-24T15:30:33Z] [1624/1937] no-snapshot  https://forsythfamilymagazine.com/calvary-introduces-will-toburen-senior-pastor/
[2026-04-24T15:30:33Z]   availability check failed: <urlopen error [Errno 8] nodename nor servname provided, or not known>
[2026-04-24T15:30:33Z]   CDX check failed: <urlopen error [Errno 8] nodename nor servname provided, or not known>
[2026-04-24T15:30:33Z] [1625/1937] no-snapshot  https://www.fbcbr.com
[2026-04-24T15:30:33Z]   availability check failed: <urlopen error [Errno 8] nodename nor servname provided, or not known>
[2026-04-24T15:30:33Z]   CDX check failed: <urlopen error [Errno 8] nodename nor servname provided, or not known>
[2026-04-24T15:30:33Z] [1626/1937] no-snapshot  https://www.firstbenton.org/
[2026-04-24T15:30:33Z]   availability check failed: <urlopen error [Errno 8] nodename nor servname provided, or not known>
[2026-04-24T15:30:33Z]   CDX check failed: <urlopen error [Errno 8] nodename nor servname provided, or not known>
[2026-04-24T15:30:33Z] [1627/1937] no-snapshot  https://churches.sbc.net/church/benton-first-baptist-church/
[2026-04-24T15:30:33Z]   availability check failed: <urlopen error [Errno 8] nodename nor servname provided, or not known>
[2026-04-24T15:30:33Z]   CDX check failed: <urlopen error [Errno 8] nodename nor servname provided, or not known>
[2026-04-24T15:30:33Z] [1628/1937] no-snapshot  https://www.fbcedmond.org/about
[2026-04-24T15:30:33Z]   availability check failed: <urlopen error [Errno 8] nodename nor servname provided, or not known>
[2026-04-24T15:30:33Z]   CDX check failed: <urlopen error [Errno 8] nodename nor servname provided, or not known>
[2026-04-24T15:30:33Z] [1629/1937] no-snapshot  https://fbcedmond.org/staff/pastor-blake-gideon/
[2026-04-24T15:30:33Z]   availability check failed: <urlopen error [Errno 8] nodename nor servname provided, or not known>
[2026-04-24T15:30:33Z]   CDX check failed: <urlopen error [Errno 8] nodename nor servname provided, or not known>
[2026-04-24T15:30:33Z] [1630/1937] no-snapshot  https://www.fbcba.org/beliefs
[2026-04-24T15:30:33Z]   checkpoint: {"fresh": 269, "older": 98, "saved": 0, "skip": 4, "fail": 0, "cached": 0, "no-snapshot": 1259}
[2026-04-24T15:30:33Z]   availability check failed: <urlopen error [Errno 8] nodename nor servname provided, or not known>
[2026-04-24T15:30:33Z]   CDX check failed: <urlopen error [Errno 8] nodename nor servname provided, or not known>
[2026-04-24T15:30:33Z] [1631/1937] no-snapshot  https://fbcozark.org/
[2026-04-24T15:30:33Z]   availability check failed: <urlopen error [Errno 8] nodename nor servname provided, or not known>
[2026-04-24T15:30:33Z]   CDX check failed: <urlopen error [Errno 8] nodename nor servname provided, or not known>
[2026-04-24T15:30:33Z] [1632/1937] no-snapshot  https://churches.sbc.net/church/first-baptist-church-ozark/
[2026-04-24T15:30:33Z]   availability check failed: <urlopen error [Errno 8] nodename nor servname provided, or not known>
[2026-04-24T15:30:33Z]   CDX check failed: <urlopen error [Errno 8] nodename nor servname provided, or not known>
[2026-04-24T15:30:33Z] [1633/1937] no-snapshot  https://www.northpoint.org
[2026-04-24T15:30:33Z]   availability check failed: <urlopen error [Errno 8] nodename nor servname provided, or not known>
[2026-04-24T15:30:33Z]   CDX check failed: <urlopen error [Errno 8] nodename nor servname provided, or not known>
[2026-04-24T15:30:33Z] [1634/1937] no-snapshot  https://julieroys.com/andy-stanleys-atlanta-megachurch-faces-pushback-for-leaked-video-seemingly-supporting-sex-transition-for-children/
[2026-04-24T15:30:33Z]   availability check failed: <urlopen error [Errno 8] nodename nor servname provided, or not known>
[2026-04-24T15:30:33Z]   CDX check failed: <urlopen error [Errno 8] nodename nor servname provided, or not known>
[2026-04-24T15:30:33Z] [1635/1937] no-snapshot  https://www.christianpost.com/news/andy-stanley-criticizes-sbc-for-ousting-saddleback-church.html
[2026-04-24T15:30:33Z]   availability check failed: <urlopen error [Errno 8] nodename nor servname provided, or not known>
[2026-04-24T15:30:33Z]   CDX check failed: <urlopen error [Errno 8] nodename nor servname provided, or not known>
[2026-04-24T15:30:33Z] [1636/1937] no-snapshot  https://www.sugarcreek.net/about/values-and-beliefs
[2026-04-24T15:30:33Z]   availability check failed: <urlopen error [Errno 8] nodename nor servname provided, or not known>
[2026-04-24T15:30:33Z]   CDX check failed: <urlopen error [Errno 8] nodename nor servname provided, or not known>
[2026-04-24T15:30:33Z] [1637/1937] no-snapshot  https://rpcerie.org/
[2026-04-24T15:30:33Z]   availability check failed: <urlopen error [Errno 8] nodename nor servname provided, or not known>
[2026-04-24T15:30:33Z]   CDX check failed: <urlopen error [Errno 8] nodename nor servname provided, or not known>
[2026-04-24T15:30:33Z] [1638/1937] no-snapshot  https://rpcerie.org/about-us/staff/
[2026-04-24T15:30:33Z]   availability check failed: <urlopen error [Errno 8] nodename nor servname provided, or not known>
[2026-04-24T15:30:33Z]   CDX check failed: <urlopen error [Errno 8] nodename nor servname provided, or not known>
[2026-04-24T15:30:33Z] [1639/1937] no-snapshot  https://epconnection.org/2019/12/04/redeemer-presbyterian-church-erie-pa-launches-ministry-relationship-in-monterrey-mexico/
[2026-04-24T15:30:33Z]   availability check failed: <urlopen error [Errno 8] nodename nor servname provided, or not known>
[2026-04-24T15:30:33Z]   CDX check failed: <urlopen error [Errno 8] nodename nor servname provided, or not known>
[2026-04-24T15:30:33Z] [1640/1937] no-snapshot  https://www.12stone.com/about
[2026-04-24T15:30:33Z]   checkpoint: {"fresh": 269, "older": 98, "saved": 0, "skip": 4, "fail": 0, "cached": 0, "no-snapshot": 1269}
[2026-04-24T15:30:33Z]   availability check failed: <urlopen error [Errno 8] nodename nor servname provided, or not known>
[2026-04-24T15:30:33Z]   CDX check failed: <urlopen error [Errno 8] nodename nor servname provided, or not known>
[2026-04-24T15:30:33Z] [1641/1937] no-snapshot  https://www.ccob.org
[2026-04-24T15:30:33Z]   availability check failed: <urlopen error [Errno 8] nodename nor servname provided, or not known>
[2026-04-24T15:30:33Z]   CDX check failed: <urlopen error [Errno 8] nodename nor servname provided, or not known>
[2026-04-24T15:30:33Z] [1642/1937] no-snapshot  https://www.ccsnj.net/staff.html
[2026-04-24T15:30:33Z]   availability check failed: <urlopen error [Errno 8] nodename nor servname provided, or not known>
[2026-04-24T15:30:33Z]   CDX check failed: <urlopen error [Errno 8] nodename nor servname provided, or not known>
[2026-04-24T15:30:33Z] [1643/1937] no-snapshot  https://providenceaustin.com/
[2026-04-24T15:30:33Z]   availability check failed: <urlopen error [Errno 8] nodename nor servname provided, or not known>
[2026-04-24T15:30:33Z]   CDX check failed: <urlopen error [Errno 8] nodename nor servname provided, or not known>
[2026-04-24T15:30:33Z] [1644/1937] no-snapshot  https://www.acts29.com/church/providence-church/
[2026-04-24T15:30:33Z]   availability check failed: <urlopen error [Errno 8] nodename nor servname provided, or not known>
[2026-04-24T15:30:33Z]   CDX check failed: <urlopen error [Errno 8] nodename nor servname provided, or not known>
[2026-04-24T15:30:33Z] [1645/1937] no-snapshot  https://www.midtownbaptist.org/
[2026-04-24T15:30:33Z]   availability check failed: <urlopen error [Errno 8] nodename nor servname provided, or not known>
[2026-04-24T15:30:33Z]   CDX check failed: <urlopen error [Errno 8] nodename nor servname provided, or not known>
[2026-04-24T15:30:33Z] [1646/1937] no-snapshot  https://www.gospelgrace.com/about/leadership
[2026-04-24T15:30:33Z]   availability check failed: <urlopen error [Errno 8] nodename nor servname provided, or not known>
[2026-04-24T15:30:33Z]   CDX check failed: <urlopen error [Errno 8] nodename nor servname provided, or not known>
[2026-04-24T15:30:33Z] [1647/1937] no-snapshot  https://churches.sbc.net/church/gospel-grace-church/
[2026-04-24T15:30:33Z]   availability check failed: <urlopen error [Errno 8] nodename nor servname provided, or not known>
[2026-04-24T15:30:33Z]   CDX check failed: <urlopen error [Errno 8] nodename nor servname provided, or not known>
[2026-04-24T15:30:33Z] [1648/1937] no-snapshot  https://templebaptistchurch.com/
[2026-04-24T15:30:33Z]   availability check failed: <urlopen error [Errno 8] nodename nor servname provided, or not known>
[2026-04-24T15:30:33Z]   CDX check failed: <urlopen error [Errno 8] nodename nor servname provided, or not known>
[2026-04-24T15:30:33Z] [1649/1937] no-snapshot  http://clarencesexton.com/about/
[2026-04-24T15:30:33Z]   availability check failed: <urlopen error [Errno 8] nodename nor servname provided, or not known>
[2026-04-24T15:30:33Z]   CDX check failed: <urlopen error [Errno 8] nodename nor servname provided, or not known>
[2026-04-24T15:30:33Z] [1650/1937] no-snapshot  https://www.wbir.com/article/news/local/clarence-sexton-dead-at-75-years-old/51-8e440b43-be96-4792-a4b4-da03e9a4f723
[2026-04-24T15:30:33Z]   checkpoint: {"fresh": 269, "older": 98, "saved": 0, "skip": 4, "fail": 0, "cached": 0, "no-snapshot": 1279}
[2026-04-24T15:30:33Z]   availability check failed: <urlopen error [Errno 8] nodename nor servname provided, or not known>
[2026-04-24T15:30:33Z]   CDX check failed: <urlopen error [Errno 8] nodename nor servname provided, or not known>
[2026-04-24T15:30:33Z] [1651/1937] no-snapshot  https://abcconn.org/church-directory-list/
[2026-04-24T15:30:33Z]   availability check failed: <urlopen error [Errno 8] nodename nor servname provided, or not known>
[2026-04-24T15:30:33Z]   CDX check failed: <urlopen error [Errno 8] nodename nor servname provided, or not known>
[2026-04-24T15:30:33Z] [1652/1937] no-snapshot  https://www.fbcbridgeport.org
[2026-04-24T15:30:33Z]   availability check failed: <urlopen error [Errno 8] nodename nor servname provided, or not known>
[2026-04-24T15:30:33Z]   CDX check failed: <urlopen error [Errno 8] nodename nor servname provided, or not known>
[2026-04-24T15:30:33Z] [1653/1937] no-snapshot  https://www.redeemindy.org/staff-leadership
[2026-04-24T15:30:33Z]   availability check failed: <urlopen error [Errno 8] nodename nor servname provided, or not known>
[2026-04-24T15:30:33Z]   CDX check failed: <urlopen error [Errno 8] nodename nor servname provided, or not known>
[2026-04-24T15:30:33Z] [1654/1937] no-snapshot  https://www.firstarpchurch.org
[2026-04-24T15:30:33Z]   availability check failed: <urlopen error [Errno 8] nodename nor servname provided, or not known>
[2026-04-24T15:30:33Z]   CDX check failed: <urlopen error [Errno 8] nodename nor servname provided, or not known>
[2026-04-24T15:30:33Z] [1655/1937] no-snapshot  https://arpchurch.org/churches/gastonia-first-arp-church/
[2026-04-24T15:30:33Z]   availability check failed: <urlopen error [Errno 8] nodename nor servname provided, or not known>
[2026-04-24T15:30:33Z]   CDX check failed: <urlopen error [Errno 8] nodename nor servname provided, or not known>
[2026-04-24T15:30:33Z] [1656/1937] no-snapshot  https://fellowshiproswell.org/
[2026-04-24T15:30:33Z]   availability check failed: <urlopen error [Errno 8] nodename nor servname provided, or not known>
[2026-04-24T15:30:33Z]   CDX check failed: <urlopen error [Errno 8] nodename nor servname provided, or not known>
[2026-04-24T15:30:33Z] [1657/1937] no-snapshot  https://fellowshiproswell.org/leadership/
[2026-04-24T15:30:33Z]   availability check failed: <urlopen error [Errno 8] nodename nor servname provided, or not known>
[2026-04-24T15:30:33Z]   CDX check failed: <urlopen error [Errno 8] nodename nor servname provided, or not known>
[2026-04-24T15:30:33Z] [1658/1937] no-snapshot  https://fellowshiproswell.org/doctrine/
[2026-04-24T15:30:33Z]   availability check failed: <urlopen error [Errno 8] nodename nor servname provided, or not known>
[2026-04-24T15:30:33Z]   CDX check failed: <urlopen error [Errno 8] nodename nor servname provided, or not known>
[2026-04-24T15:30:33Z] [1659/1937] no-snapshot  https://churches.sbc.net/church/cleveland-first-baptist-church-2/
[2026-04-24T15:30:33Z]   availability check failed: <urlopen error [Errno 8] nodename nor servname provided, or not known>
[2026-04-24T15:30:33Z]   CDX check failed: <urlopen error [Errno 8] nodename nor servname provided, or not known>
[2026-04-24T15:30:33Z] [1660/1937] no-snapshot  https://www.firstcleveland.com/
[2026-04-24T15:30:33Z]   checkpoint: {"fresh": 269, "older": 98, "saved": 0, "skip": 4, "fail": 0, "cached": 0, "no-snapshot": 1289}
[2026-04-24T15:30:33Z]   availability check failed: <urlopen error [Errno 8] nodename nor servname provided, or not known>
[2026-04-24T15:30:33Z]   CDX check failed: <urlopen error [Errno 8] nodename nor servname provided, or not known>
[2026-04-24T15:30:33Z] [1661/1937] no-snapshot  https://www.fbctullahoma.org/whatwebelieve
[2026-04-24T15:30:33Z]   availability check failed: <urlopen error [Errno 8] nodename nor servname provided, or not known>
[2026-04-24T15:30:33Z]   CDX check failed: <urlopen error [Errno 8] nodename nor servname provided, or not known>
[2026-04-24T15:30:33Z] [1662/1937] no-snapshot  https://firstbaptistdublin.org/
[2026-04-24T15:30:33Z]   availability check failed: <urlopen error [Errno 8] nodename nor servname provided, or not known>
[2026-04-24T15:30:33Z]   CDX check failed: <urlopen error [Errno 8] nodename nor servname provided, or not known>
[2026-04-24T15:30:33Z] [1663/1937] no-snapshot  https://churches.sbc.net/church/first-baptist-church-of-dublin-georgia-inc/
[2026-04-24T15:30:33Z]   availability check failed: <urlopen error [Errno 8] nodename nor servname provided, or not known>
[2026-04-24T15:30:33Z]   CDX check failed: <urlopen error [Errno 8] nodename nor servname provided, or not known>
[2026-04-24T15:30:33Z] [1664/1937] no-snapshot  https://www.fbcsandersville.org
[2026-04-24T15:30:33Z]   availability check failed: <urlopen error [Errno 8] nodename nor servname provided, or not known>
[2026-04-24T15:30:33Z]   CDX check failed: <urlopen error [Errno 8] nodename nor servname provided, or not known>
[2026-04-24T15:30:33Z] [1665/1937] no-snapshot  https://churches.sbc.net/church/the-first-baptist-church-of-sandersville-inc/
[2026-04-24T15:30:33Z]   availability check failed: <urlopen error [Errno 8] nodename nor servname provided, or not known>
[2026-04-24T15:30:33Z]   CDX check failed: <urlopen error [Errno 8] nodename nor servname provided, or not known>
[2026-04-24T15:30:33Z] [1666/1937] no-snapshot  https://www.baptistpress.com/resource-library/news/sbc-digest-ga-executive-director-search-underway-ncs-c-j-bordeaux-dies-mohler-to-address-nrb-luncheon/
[2026-04-24T15:30:33Z]   availability check failed: <urlopen error [Errno 8] nodename nor servname provided, or not known>
[2026-04-24T15:30:33Z]   CDX check failed: <urlopen error [Errno 8] nodename nor servname provided, or not known>
[2026-04-24T15:30:33Z] [1667/1937] no-snapshot  https://abbevillefbc.com/about/
[2026-04-24T15:30:33Z]   availability check failed: <urlopen error [Errno 8] nodename nor servname provided, or not known>
[2026-04-24T15:30:33Z]   CDX check failed: <urlopen error [Errno 8] nodename nor servname provided, or not known>
[2026-04-24T15:30:33Z] [1668/1937] no-snapshot  https://www.scbaptist.org/churches/abbeville-first-baptist-church/
[2026-04-24T15:30:33Z]   availability check failed: <urlopen error [Errno 8] nodename nor servname provided, or not known>
[2026-04-24T15:30:33Z]   CDX check failed: <urlopen error [Errno 8] nodename nor servname provided, or not known>
[2026-04-24T15:30:33Z] [1669/1937] no-snapshot  https://www.easleyfbc.org
[2026-04-24T15:30:33Z]   availability check failed: <urlopen error [Errno 8] nodename nor servname provided, or not known>
[2026-04-24T15:30:33Z]   CDX check failed: <urlopen error [Errno 8] nodename nor servname provided, or not known>
[2026-04-24T15:30:33Z] [1670/1937] no-snapshot  https://churches.sbc.net/church/easley-first-baptist-church/
[2026-04-24T15:30:33Z]   checkpoint: {"fresh": 269, "older": 98, "saved": 0, "skip": 4, "fail": 0, "cached": 0, "no-snapshot": 1299}
[2026-04-24T15:30:33Z]   availability check failed: <urlopen error [Errno 8] nodename nor servname provided, or not known>
[2026-04-24T15:30:33Z]   CDX check failed: <urlopen error [Errno 8] nodename nor servname provided, or not known>
[2026-04-24T15:30:33Z] [1671/1937] no-snapshot  https://cornerstonelife.com/
[2026-04-24T15:30:33Z]   availability check failed: <urlopen error [Errno 8] nodename nor servname provided, or not known>
[2026-04-24T15:30:33Z]   CDX check failed: <urlopen error [Errno 8] nodename nor servname provided, or not known>
[2026-04-24T15:30:33Z] [1672/1937] no-snapshot  https://en.wikipedia.org/wiki/Cornerstone_Church_(Ames)
[2026-04-24T15:30:33Z]   availability check failed: <urlopen error [Errno 8] nodename nor servname provided, or not known>
[2026-04-24T15:30:33Z]   CDX check failed: <urlopen error [Errno 8] nodename nor servname provided, or not known>
[2026-04-24T15:30:33Z] [1673/1937] no-snapshot  https://www.changechurch.org
[2026-04-24T15:30:33Z]   availability check failed: <urlopen error [Errno 8] nodename nor servname provided, or not known>
[2026-04-24T15:30:33Z]   CDX check failed: <urlopen error [Errno 8] nodename nor servname provided, or not known>
[2026-04-24T15:30:33Z] [1674/1937] no-snapshot  https://www.redeemerjackson.com/
[2026-04-24T15:30:33Z]   availability check failed: <urlopen error [Errno 8] nodename nor servname provided, or not known>
[2026-04-24T15:30:33Z]   CDX check failed: <urlopen error [Errno 8] nodename nor servname provided, or not known>
[2026-04-24T15:30:33Z] [1675/1937] no-snapshot  https://www.thegospelcoalition.org/article/how-one-deep-south-church-left-segregation-behind/
[2026-04-24T15:30:33Z]   availability check failed: <urlopen error [Errno 8] nodename nor servname provided, or not known>
[2026-04-24T15:30:33Z]   CDX check failed: <urlopen error [Errno 8] nodename nor servname provided, or not known>
[2026-04-24T15:30:33Z] [1676/1937] no-snapshot  https://www.lmpc.org
[2026-04-24T15:30:33Z]   availability check failed: <urlopen error [Errno 8] nodename nor servname provided, or not known>
[2026-04-24T15:30:33Z]   CDX check failed: <urlopen error [Errno 8] nodename nor servname provided, or not known>
[2026-04-24T15:30:33Z] [1677/1937] no-snapshot  https://lmpc.org/about
[2026-04-24T15:30:33Z]   availability check failed: <urlopen error [Errno 8] nodename nor servname provided, or not known>
[2026-04-24T15:30:33Z]   CDX check failed: <urlopen error [Errno 8] nodename nor servname provided, or not known>
[2026-04-24T15:30:33Z] [1678/1937] no-snapshot  https://www.fbcminden.com
[2026-04-24T15:30:33Z]   availability check failed: <urlopen error [Errno 8] nodename nor servname provided, or not known>
[2026-04-24T15:30:33Z]   CDX check failed: <urlopen error [Errno 8] nodename nor servname provided, or not known>
[2026-04-24T15:30:33Z] [1679/1937] no-snapshot  https://louisianabaptists.org/church/first-baptist-church-minden/
[2026-04-24T15:30:33Z]   availability check failed: <urlopen error [Errno 8] nodename nor servname provided, or not known>
[2026-04-24T15:30:33Z]   CDX check failed: <urlopen error [Errno 8] nodename nor servname provided, or not known>
[2026-04-24T15:30:33Z] [1680/1937] no-snapshot  https://www.fbcmaryville.org
[2026-04-24T15:30:33Z]   checkpoint: {"fresh": 269, "older": 98, "saved": 0, "skip": 4, "fail": 0, "cached": 0, "no-snapshot": 1309}
[2026-04-24T15:30:33Z]   availability check failed: <urlopen error [Errno 8] nodename nor servname provided, or not known>
[2026-04-24T15:30:33Z]   CDX check failed: <urlopen error [Errno 8] nodename nor servname provided, or not known>
[2026-04-24T15:30:33Z] [1681/1937] no-snapshot  https://churches.sbc.net/church/maryville-first-baptist-church/
[2026-04-24T15:30:33Z]   availability check failed: <urlopen error [Errno 8] nodename nor servname provided, or not known>
[2026-04-24T15:30:33Z]   CDX check failed: <urlopen error [Errno 8] nodename nor servname provided, or not known>
[2026-04-24T15:30:33Z] [1682/1937] no-snapshot  https://aquiachurch.org
[2026-04-24T15:30:33Z]   availability check failed: <urlopen error [Errno 8] nodename nor servname provided, or not known>
[2026-04-24T15:30:33Z]   CDX check failed: <urlopen error [Errno 8] nodename nor servname provided, or not known>
[2026-04-24T15:30:33Z] [1683/1937] no-snapshot  https://www.cogath.org/about-us
[2026-04-24T15:30:33Z]   availability check failed: <urlopen error [Errno 8] nodename nor servname provided, or not known>
[2026-04-24T15:30:33Z]   CDX check failed: <urlopen error [Errno 8] nodename nor servname provided, or not known>
[2026-04-24T15:30:33Z] [1684/1937] no-snapshot  https://www.cogath.org/presiding-prelate
[2026-04-24T15:30:33Z] [1685/1937] skip      https://www.facebook.com/TrueHolinessofFredericksburg/
[2026-04-24T15:30:33Z]   availability check failed: <urlopen error [Errno 8] nodename nor servname provided, or not known>
[2026-04-24T15:30:33Z]   CDX check failed: <urlopen error [Errno 8] nodename nor servname provided, or not known>
[2026-04-24T15:30:33Z] [1686/1937] no-snapshot  https://fredburgucc.com
[2026-04-24T15:30:33Z]   availability check failed: <urlopen error [Errno 8] nodename nor servname provided, or not known>
[2026-04-24T15:30:33Z]   CDX check failed: <urlopen error [Errno 8] nodename nor servname provided, or not known>
[2026-04-24T15:30:33Z] [1687/1937] no-snapshot  https://stjudechurch.us/ (403)
[2026-04-24T15:30:33Z]   availability check failed: <urlopen error [Errno 8] nodename nor servname provided, or not known>
[2026-04-24T15:30:33Z]   CDX check failed: <urlopen error [Errno 8] nodename nor servname provided, or not known>
[2026-04-24T15:30:33Z] [1688/1937] no-snapshot  https://www.catholicherald.com/article/local/parishes/st-jude/
[2026-04-24T15:30:33Z]   availability check failed: <urlopen error [Errno 8] nodename nor servname provided, or not known>
[2026-04-24T15:30:33Z]   CDX check failed: <urlopen error [Errno 8] nodename nor servname provided, or not known>
[2026-04-24T15:30:33Z] [1689/1937] no-snapshot  https://www.arlingtondiocese.org/2018/07/12/new-church-holds-relics-of-the-twelve-apostles/
[2026-04-24T15:30:33Z]   availability check failed: <urlopen error [Errno 8] nodename nor servname provided, or not known>
[2026-04-24T15:30:33Z]   CDX check failed: <urlopen error [Errno 8] nodename nor servname provided, or not known>
[2026-04-24T15:30:33Z] [1690/1937] no-snapshot  https://www.christchurchspotsy.com
[2026-04-24T15:30:34Z]   checkpoint: {"fresh": 269, "older": 98, "saved": 0, "skip": 5, "fail": 0, "cached": 0, "no-snapshot": 1318}
[2026-04-24T15:30:34Z]   availability check failed: <urlopen error [Errno 8] nodename nor servname provided, or not known>
[2026-04-24T15:30:34Z]   CDX check failed: <urlopen error [Errno 8] nodename nor servname provided, or not known>
[2026-04-24T15:30:34Z] [1691/1937] no-snapshot  https://www.progressivechicago.org/pastor
[2026-04-24T15:30:34Z]   availability check failed: <urlopen error [Errno 8] nodename nor servname provided, or not known>
[2026-04-24T15:30:34Z]   CDX check failed: <urlopen error [Errno 8] nodename nor servname provided, or not known>
[2026-04-24T15:30:34Z] [1692/1937] no-snapshot  https://religionnews.com/2020/12/18/we-out-charlie-dates-on-why-his-church-is-leaving-the-sbc-over-rejection-of-critical-race-theory/
[2026-04-24T15:30:34Z]   availability check failed: <urlopen error [Errno 8] nodename nor servname provided, or not known>
[2026-04-24T15:30:34Z]   CDX check failed: <urlopen error [Errno 8] nodename nor servname provided, or not known>
[2026-04-24T15:30:34Z] [1693/1937] no-snapshot  https://thefountainofpraise.org (ECONNREFUSED)
[2026-04-24T15:30:34Z]   availability check failed: <urlopen error [Errno 8] nodename nor servname provided, or not known>
[2026-04-24T15:30:34Z]   CDX check failed: <urlopen error [Errno 8] nodename nor servname provided, or not known>
[2026-04-24T15:30:34Z] [1694/1937] no-snapshot  https://www.tfop.org/remuswright/
[2026-04-24T15:30:34Z]   availability check failed: <urlopen error [Errno 8] nodename nor servname provided, or not known>
[2026-04-24T15:30:34Z]   CDX check failed: <urlopen error [Errno 8] nodename nor servname provided, or not known>
[2026-04-24T15:30:34Z] [1695/1937] no-snapshot  https://www.tfop.org/miawright/
[2026-04-24T15:30:34Z]   availability check failed: <urlopen error [Errno 8] nodename nor servname provided, or not known>
[2026-04-24T15:30:34Z]   CDX check failed: <urlopen error [Errno 8] nodename nor servname provided, or not known>
[2026-04-24T15:30:34Z] [1696/1937] no-snapshot  https://www.tfop.org/about/
[2026-04-24T15:30:34Z]   availability check failed: <urlopen error [Errno 8] nodename nor servname provided, or not known>
[2026-04-24T15:30:34Z]   CDX check failed: <urlopen error [Errno 8] nodename nor servname provided, or not known>
[2026-04-24T15:30:34Z] [1697/1937] no-snapshot  https://www.allencathedral.org
[2026-04-24T15:30:34Z]   availability check failed: <urlopen error [Errno 8] nodename nor servname provided, or not known>
[2026-04-24T15:30:34Z]   CDX check failed: <urlopen error [Errno 8] nodename nor servname provided, or not known>
[2026-04-24T15:30:34Z] [1698/1937] no-snapshot  https://famela.org (ECONNREFUSED)
[2026-04-24T15:30:34Z]   availability check failed: <urlopen error [Errno 8] nodename nor servname provided, or not known>
[2026-04-24T15:30:34Z]   CDX check failed: <urlopen error [Errno 8] nodename nor servname provided, or not known>
[2026-04-24T15:30:34Z] [1699/1937] no-snapshot  https://www.famechurchla.org/ministries/our-pastor/
[2026-04-24T15:30:34Z]   availability check failed: <urlopen error [Errno 8] nodename nor servname provided, or not known>
[2026-04-24T15:30:34Z]   CDX check failed: <urlopen error [Errno 8] nodename nor servname provided, or not known>
[2026-04-24T15:30:34Z] [1700/1937] no-snapshot  WebSearch: First AME LA pastor 2025
[2026-04-24T15:30:34Z]   checkpoint: {"fresh": 269, "older": 98, "saved": 0, "skip": 5, "fail": 0, "cached": 0, "no-snapshot": 1328}
[2026-04-24T15:30:34Z]   availability check failed: <urlopen error [Errno 8] nodename nor servname provided, or not known>
[2026-04-24T15:30:34Z]   CDX check failed: <urlopen error [Errno 8] nodename nor servname provided, or not known>
[2026-04-24T15:30:34Z] [1701/1937] no-snapshot  https://www.ebenezeratl.org/
[2026-04-24T15:30:34Z]   availability check failed: <urlopen error [Errno 8] nodename nor servname provided, or not known>
[2026-04-24T15:30:34Z]   CDX check failed: <urlopen error [Errno 8] nodename nor servname provided, or not known>
[2026-04-24T15:30:34Z] [1702/1937] no-snapshot  https://en.wikipedia.org/wiki/Ebenezer_Baptist_Church
[2026-04-24T15:30:34Z]   availability check failed: <urlopen error [Errno 8] nodename nor servname provided, or not known>
[2026-04-24T15:30:34Z]   CDX check failed: <urlopen error [Errno 8] nodename nor servname provided, or not known>
[2026-04-24T15:30:34Z] [1703/1937] no-snapshot  https://www.advocate.com/commentary/2020/10/27/senate-candidate-rev-warnock-religious-freedom-and-lgbtq-rights
[2026-04-24T15:30:34Z]   availability check failed: <urlopen error [Errno 8] nodename nor servname provided, or not known>
[2026-04-24T15:30:34Z]   CDX check failed: <urlopen error [Errno 8] nodename nor servname provided, or not known>
[2026-04-24T15:30:34Z] [1704/1937] no-snapshot  https://www.mbcnewarknj.org/
[2026-04-24T15:30:34Z]   availability check failed: <urlopen error [Errno 8] nodename nor servname provided, or not known>
[2026-04-24T15:30:34Z]   CDX check failed: <urlopen error [Errno 8] nodename nor servname provided, or not known>
[2026-04-24T15:30:34Z] [1705/1937] no-snapshot  https://www.mbcnewarknj.org/our-pastor
[2026-04-24T15:30:34Z]   availability check failed: <urlopen error [Errno 8] nodename nor servname provided, or not known>
[2026-04-24T15:30:34Z]   CDX check failed: <urlopen error [Errno 8] nodename nor servname provided, or not known>
[2026-04-24T15:30:34Z] [1706/1937] no-snapshot  https://www.newbirth.org
[2026-04-24T15:30:34Z]   availability check failed: <urlopen error [Errno 8] nodename nor servname provided, or not known>
[2026-04-24T15:30:34Z]   CDX check failed: <urlopen error [Errno 8] nodename nor servname provided, or not known>
[2026-04-24T15:30:34Z] [1707/1937] no-snapshot  https://www.allen-temple.org
[2026-04-24T15:30:34Z]   availability check failed: <urlopen error [Errno 8] nodename nor servname provided, or not known>
[2026-04-24T15:30:34Z]   CDX check failed: <urlopen error [Errno 8] nodename nor servname provided, or not known>
[2026-04-24T15:30:34Z] [1708/1937] no-snapshot  https://www.ourconvergence.org
[2026-04-24T15:30:34Z]   availability check failed: <urlopen error [Errno 8] nodename nor servname provided, or not known>
[2026-04-24T15:30:34Z]   CDX check failed: <urlopen error [Errno 8] nodename nor servname provided, or not known>
[2026-04-24T15:30:34Z] [1709/1937] no-snapshot  https://baptistnews.com/article/at-convergence-being-missional-cuts-two-ways/
[2026-04-24T15:30:34Z]   availability check failed: <urlopen error [Errno 8] nodename nor servname provided, or not known>
[2026-04-24T15:30:34Z]   CDX check failed: <urlopen error [Errno 8] nodename nor servname provided, or not known>
[2026-04-24T15:30:34Z] [1710/1937] no-snapshot  https://fbcrhinebeck.org
[2026-04-24T15:30:34Z]   checkpoint: {"fresh": 269, "older": 98, "saved": 0, "skip": 5, "fail": 0, "cached": 0, "no-snapshot": 1338}
[2026-04-24T15:30:34Z]   availability check failed: <urlopen error [Errno 8] nodename nor servname provided, or not known>
[2026-04-24T15:30:34Z]   CDX check failed: <urlopen error [Errno 8] nodename nor servname provided, or not known>
[2026-04-24T15:30:34Z] [1711/1937] no-snapshot  https://www.townsendbiblechurch.com
[2026-04-24T15:30:34Z]   availability check failed: <urlopen error [Errno 8] nodename nor servname provided, or not known>
[2026-04-24T15:30:34Z]   CDX check failed: <urlopen error [Errno 8] nodename nor servname provided, or not known>
[2026-04-24T15:30:34Z] [1712/1937] no-snapshot  https://www.crossroadsaogny.org
[2026-04-24T15:30:34Z]   availability check failed: <urlopen error [Errno 8] nodename nor servname provided, or not known>
[2026-04-24T15:30:34Z]   CDX check failed: <urlopen error [Errno 8] nodename nor servname provided, or not known>
[2026-04-24T15:30:34Z] [1713/1937] no-snapshot  https://www.fountainoflifechurch.org
[2026-04-24T15:30:34Z]   availability check failed: <urlopen error [Errno 8] nodename nor servname provided, or not known>
[2026-04-24T15:30:34Z]   CDX check failed: <urlopen error [Errno 8] nodename nor servname provided, or not known>
[2026-04-24T15:30:34Z] [1714/1937] no-snapshot  https://www.fbckingston.com
[2026-04-24T15:30:34Z]   availability check failed: <urlopen error [Errno 8] nodename nor servname provided, or not known>
[2026-04-24T15:30:34Z]   CDX check failed: <urlopen error [Errno 8] nodename nor servname provided, or not known>
[2026-04-24T15:30:34Z] [1715/1937] no-snapshot  https://newlife-saugerties.org
[2026-04-24T15:30:34Z]   availability check failed: <urlopen error [Errno 8] nodename nor servname provided, or not known>
[2026-04-24T15:30:34Z]   CDX check failed: <urlopen error [Errno 8] nodename nor servname provided, or not known>
[2026-04-24T15:30:34Z] [1716/1937] no-snapshot  https://www.albanybaptist.net/about/what-we-believe
[2026-04-24T15:30:34Z]   availability check failed: <urlopen error [Errno 8] nodename nor servname provided, or not known>
[2026-04-24T15:30:34Z]   CDX check failed: <urlopen error [Errno 8] nodename nor servname provided, or not known>
[2026-04-24T15:30:34Z] [1717/1937] no-snapshot  https://lighthousebaptist.org
[2026-04-24T15:30:34Z]   availability check failed: <urlopen error [Errno 8] nodename nor servname provided, or not known>
[2026-04-24T15:30:34Z]   CDX check failed: <urlopen error [Errno 8] nodename nor servname provided, or not known>
[2026-04-24T15:30:34Z] [1718/1937] no-snapshot  https://www.troyfirst.com
[2026-04-24T15:30:34Z]   availability check failed: <urlopen error [Errno 8] nodename nor servname provided, or not known>
[2026-04-24T15:30:34Z]   CDX check failed: <urlopen error [Errno 8] nodename nor servname provided, or not known>
[2026-04-24T15:30:34Z] [1719/1937] no-snapshot  https://gbctroyny.com
[2026-04-24T15:30:34Z]   availability check failed: <urlopen error [Errno 8] nodename nor servname provided, or not known>
[2026-04-24T15:30:34Z]   CDX check failed: <urlopen error [Errno 8] nodename nor servname provided, or not known>
[2026-04-24T15:30:34Z] [1720/1937] no-snapshot  https://www.northsideonline.org
[2026-04-24T15:30:34Z]   checkpoint: {"fresh": 269, "older": 98, "saved": 0, "skip": 5, "fail": 0, "cached": 0, "no-snapshot": 1348}
[2026-04-24T15:30:34Z]   availability check failed: <urlopen error [Errno 8] nodename nor servname provided, or not known>
[2026-04-24T15:30:34Z]   CDX check failed: <urlopen error [Errno 8] nodename nor servname provided, or not known>
[2026-04-24T15:30:34Z] [1721/1937] no-snapshot  https://www.missiochurch.org
[2026-04-24T15:30:34Z]   availability check failed: <urlopen error [Errno 8] nodename nor servname provided, or not known>
[2026-04-24T15:30:34Z]   CDX check failed: <urlopen error [Errno 8] nodename nor servname provided, or not known>
[2026-04-24T15:30:34Z] [1722/1937] no-snapshot  https://www.uticabaptist.com
[2026-04-24T15:30:34Z]   availability check failed: <urlopen error [Errno 8] nodename nor servname provided, or not known>
[2026-04-24T15:30:34Z]   CDX check failed: <urlopen error [Errno 8] nodename nor servname provided, or not known>
[2026-04-24T15:30:34Z] [1723/1937] no-snapshot  https://www.ctkutica.org
[2026-04-24T15:30:34Z]   availability check failed: <urlopen error [Errno 8] nodename nor servname provided, or not known>
[2026-04-24T15:30:34Z]   CDX check failed: <urlopen error [Errno 8] nodename nor servname provided, or not known>
[2026-04-24T15:30:34Z] [1724/1937] no-snapshot  https://lighthousecnychurch.com
[2026-04-24T15:30:34Z]   availability check failed: <urlopen error [Errno 8] nodename nor servname provided, or not known>
[2026-04-24T15:30:34Z]   CDX check failed: <urlopen error [Errno 8] nodename nor servname provided, or not known>
[2026-04-24T15:30:34Z] [1725/1937] no-snapshot  https://www.newhope-ny.org
[2026-04-24T15:30:34Z]   availability check failed: <urlopen error [Errno 8] nodename nor servname provided, or not known>
[2026-04-24T15:30:34Z]   CDX check failed: <urlopen error [Errno 8] nodename nor servname provided, or not known>
[2026-04-24T15:30:34Z] [1726/1937] no-snapshot  https://parksidebible.org
[2026-04-24T15:30:34Z]   availability check failed: <urlopen error [Errno 8] nodename nor servname provided, or not known>
[2026-04-24T15:30:34Z]   CDX check failed: <urlopen error [Errno 8] nodename nor servname provided, or not known>
[2026-04-24T15:30:34Z] [1727/1937] no-snapshot  https://www.breadoflifebc.org
[2026-04-24T15:30:34Z]   availability check failed: <urlopen error [Errno 8] nodename nor servname provided, or not known>
[2026-04-24T15:30:34Z]   CDX check failed: <urlopen error [Errno 8] nodename nor servname provided, or not known>
[2026-04-24T15:30:34Z] [1728/1937] no-snapshot  https://www.bbcplattsburgh.com
[2026-04-24T15:30:34Z]   availability check failed: <urlopen error [Errno 8] nodename nor servname provided, or not known>
[2026-04-24T15:30:34Z]   CDX check failed: <urlopen error [Errno 8] nodename nor servname provided, or not known>
[2026-04-24T15:30:34Z] [1729/1937] no-snapshot  https://bg.org
[2026-04-24T15:30:34Z]   availability check failed: <urlopen error [Errno 8] nodename nor servname provided, or not known>
[2026-04-24T15:30:34Z]   CDX check failed: <urlopen error [Errno 8] nodename nor servname provided, or not known>
[2026-04-24T15:30:34Z] [1730/1937] no-snapshot  https://bg.org/beliefs
[2026-04-24T15:30:34Z]   checkpoint: {"fresh": 269, "older": 98, "saved": 0, "skip": 5, "fail": 0, "cached": 0, "no-snapshot": 1358}
[2026-04-24T15:30:34Z]   availability check failed: <urlopen error [Errno 8] nodename nor servname provided, or not known>
[2026-04-24T15:30:34Z]   CDX check failed: <urlopen error [Errno 8] nodename nor servname provided, or not known>
[2026-04-24T15:30:34Z] [1731/1937] no-snapshot  https://www.christchapelithaca.org
[2026-04-24T15:30:34Z]   availability check failed: <urlopen error [Errno 8] nodename nor servname provided, or not known>
[2026-04-24T15:30:34Z]   CDX check failed: <urlopen error [Errno 8] nodename nor servname provided, or not known>
[2026-04-24T15:30:34Z] [1732/1937] no-snapshot  https://www.christchapelithaca.org/beliefs
[2026-04-24T15:30:34Z]   availability check failed: <urlopen error [Errno 8] nodename nor servname provided, or not known>
[2026-04-24T15:30:34Z]   CDX check failed: <urlopen error [Errno 8] nodename nor servname provided, or not known>
[2026-04-24T15:30:34Z] [1733/1937] no-snapshot  https://www.cbcbing.com
[2026-04-24T15:30:34Z]   availability check failed: <urlopen error [Errno 8] nodename nor servname provided, or not known>
[2026-04-24T15:30:34Z]   CDX check failed: <urlopen error [Errno 8] nodename nor servname provided, or not known>
[2026-04-24T15:30:34Z] [1734/1937] no-snapshot  https://mainstreetbaptist.net
[2026-04-24T15:30:34Z]   availability check failed: <urlopen error [Errno 8] nodename nor servname provided, or not known>
[2026-04-24T15:30:34Z]   CDX check failed: <urlopen error [Errno 8] nodename nor servname provided, or not known>
[2026-04-24T15:30:34Z] [1735/1937] no-snapshot  https://calvarybinghamton.com (SSL cert error)
[2026-04-24T15:30:34Z]   availability check failed: <urlopen error [Errno 8] nodename nor servname provided, or not known>
[2026-04-24T15:30:34Z]   CDX check failed: <urlopen error [Errno 8] nodename nor servname provided, or not known>
[2026-04-24T15:30:34Z] [1736/1937] no-snapshot  https://ccohv.org
[2026-04-24T15:30:34Z]   availability check failed: <urlopen error [Errno 8] nodename nor servname provided, or not known>
[2026-04-24T15:30:34Z]   CDX check failed: <urlopen error [Errno 8] nodename nor servname provided, or not known>
[2026-04-24T15:30:34Z] [1737/1937] no-snapshot  https://eastside.redeemer.com
[2026-04-24T15:30:34Z]   availability check failed: <urlopen error [Errno 8] nodename nor servname provided, or not known>
[2026-04-24T15:30:34Z]   CDX check failed: <urlopen error [Errno 8] nodename nor servname provided, or not known>
[2026-04-24T15:30:34Z] [1738/1937] no-snapshot  https://redeemeres.com
[2026-04-24T15:30:34Z]   availability check failed: <urlopen error [Errno 8] nodename nor servname provided, or not known>
[2026-04-24T15:30:34Z]   CDX check failed: <urlopen error [Errno 8] nodename nor servname provided, or not known>
[2026-04-24T15:30:34Z] [1739/1937] no-snapshot  https://eastharlem.redeemer.com
[2026-04-24T15:30:34Z]   availability check failed: <urlopen error [Errno 8] nodename nor servname provided, or not known>
[2026-04-24T15:30:34Z]   CDX check failed: <urlopen error [Errno 8] nodename nor servname provided, or not known>
[2026-04-24T15:30:34Z] [1740/1937] no-snapshot  https://reh.nyc
[2026-04-24T15:30:34Z]   checkpoint: {"fresh": 269, "older": 98, "saved": 0, "skip": 5, "fail": 0, "cached": 0, "no-snapshot": 1368}
[2026-04-24T15:30:34Z]   availability check failed: <urlopen error [Errno 8] nodename nor servname provided, or not known>
[2026-04-24T15:30:34Z]   CDX check failed: <urlopen error [Errno 8] nodename nor servname provided, or not known>
[2026-04-24T15:30:34Z] [1741/1937] no-snapshot  https://apostlesuptown.nyc
[2026-04-24T15:30:34Z]   availability check failed: <urlopen error [Errno 8] nodename nor servname provided, or not known>
[2026-04-24T15:30:34Z]   CDX check failed: <urlopen error [Errno 8] nodename nor servname provided, or not known>
[2026-04-24T15:30:34Z] [1742/1937] no-snapshot  https://www.acna.org
[2026-04-24T15:30:34Z]   availability check failed: <urlopen error [Errno 8] nodename nor servname provided, or not known>
[2026-04-24T15:30:34Z]   CDX check failed: <urlopen error [Errno 8] nodename nor servname provided, or not known>
[2026-04-24T15:30:34Z] [1743/1937] no-snapshot  https://downtown.apostles.nyc
[2026-04-24T15:30:34Z]   availability check failed: <urlopen error [Errno 8] nodename nor servname provided, or not known>
[2026-04-24T15:30:34Z]   CDX check failed: <urlopen error [Errno 8] nodename nor servname provided, or not known>
[2026-04-24T15:30:34Z] [1744/1937] no-snapshot  http://apostles.nyc/about/our-beliefs/
[2026-04-24T15:30:34Z]   availability check failed: <urlopen error [Errno 8] nodename nor servname provided, or not known>
[2026-04-24T15:30:34Z]   CDX check failed: <urlopen error [Errno 8] nodename nor servname provided, or not known>
[2026-04-24T15:30:34Z] [1745/1937] no-snapshot  https://apostleschurch.nyc/about
[2026-04-24T15:30:34Z]   availability check failed: <urlopen error [Errno 8] nodename nor servname provided, or not known>
[2026-04-24T15:30:34Z]   CDX check failed: <urlopen error [Errno 8] nodename nor servname provided, or not known>
[2026-04-24T15:30:34Z] [1746/1937] no-snapshot  https://www.church.nyc
[2026-04-24T15:30:34Z]   availability check failed: <urlopen error [Errno 8] nodename nor servname provided, or not known>
[2026-04-24T15:30:34Z]   CDX check failed: <urlopen error [Errno 8] nodename nor servname provided, or not known>
[2026-04-24T15:30:34Z] [1747/1937] no-snapshot  https://www.hopemidtown.org
[2026-04-24T15:30:34Z]   availability check failed: <urlopen error [Errno 8] nodename nor servname provided, or not known>
[2026-04-24T15:30:34Z]   CDX check failed: <urlopen error [Errno 8] nodename nor servname provided, or not known>
[2026-04-24T15:30:34Z] [1748/1937] no-snapshot  https://trinitygracechurch.com
[2026-04-24T15:30:34Z]   availability check failed: <urlopen error [Errno 8] nodename nor servname provided, or not known>
[2026-04-24T15:30:34Z]   CDX check failed: <urlopen error [Errno 8] nodename nor servname provided, or not known>
[2026-04-24T15:30:34Z] [1749/1937] no-snapshot  https://trinitygracechurch.com/about
[2026-04-24T15:30:34Z]   availability check failed: <urlopen error [Errno 8] nodename nor servname provided, or not known>
[2026-04-24T15:30:34Z]   CDX check failed: <urlopen error [Errno 8] nodename nor servname provided, or not known>
[2026-04-24T15:30:34Z] [1750/1937] no-snapshot  https://kingscrossnyc.org
[2026-04-24T15:30:34Z]   checkpoint: {"fresh": 269, "older": 98, "saved": 0, "skip": 5, "fail": 0, "cached": 0, "no-snapshot": 1378}
[2026-04-24T15:30:34Z]   availability check failed: <urlopen error [Errno 8] nodename nor servname provided, or not known>
[2026-04-24T15:30:34Z]   CDX check failed: <urlopen error [Errno 8] nodename nor servname provided, or not known>
[2026-04-24T15:30:34Z] [1751/1937] no-snapshot  https://renaissancenyc.com
[2026-04-24T15:30:34Z]   availability check failed: <urlopen error [Errno 8] nodename nor servname provided, or not known>
[2026-04-24T15:30:34Z]   CDX check failed: <urlopen error [Errno 8] nodename nor servname provided, or not known>
[2026-04-24T15:30:34Z] [1752/1937] no-snapshot  https://www.gbcnyc.org
[2026-04-24T15:30:34Z]   availability check failed: <urlopen error [Errno 8] nodename nor servname provided, or not known>
[2026-04-24T15:30:34Z]   CDX check failed: <urlopen error [Errno 8] nodename nor servname provided, or not known>
[2026-04-24T15:30:34Z] [1753/1937] no-snapshot  https://www.gbcnyc.org/leadership-staff
[2026-04-24T15:30:34Z]   availability check failed: <urlopen error [Errno 8] nodename nor servname provided, or not known>
[2026-04-24T15:30:34Z]   CDX check failed: <urlopen error [Errno 8] nodename nor servname provided, or not known>
[2026-04-24T15:30:34Z] [1754/1937] no-snapshot  https://merfnyc.org
[2026-04-24T15:30:34Z]   availability check failed: <urlopen error [Errno 8] nodename nor servname provided, or not known>
[2026-04-24T15:30:34Z]   CDX check failed: <urlopen error [Errno 8] nodename nor servname provided, or not known>
[2026-04-24T15:30:34Z] [1755/1937] no-snapshot  http://libaptist.org
[2026-04-24T15:30:34Z]   availability check failed: <urlopen error [Errno 8] nodename nor servname provided, or not known>
[2026-04-24T15:30:34Z]   CDX check failed: <urlopen error [Errno 8] nodename nor servname provided, or not known>
[2026-04-24T15:30:34Z] [1756/1937] no-snapshot  https://www.levittownbaptist.com/our-beliefs
[2026-04-24T15:30:34Z]   availability check failed: <urlopen error [Errno 8] nodename nor servname provided, or not known>
[2026-04-24T15:30:34Z]   CDX check failed: <urlopen error [Errno 8] nodename nor servname provided, or not known>
[2026-04-24T15:30:34Z] [1757/1937] no-snapshot  https://www.levittownbaptist.com
[2026-04-24T15:30:34Z]   availability check failed: <urlopen error [Errno 8] nodename nor servname provided, or not known>
[2026-04-24T15:30:34Z]   CDX check failed: <urlopen error [Errno 8] nodename nor servname provided, or not known>
[2026-04-24T15:30:34Z] [1758/1937] no-snapshot  https://www.lynbrookbaptist.org
[2026-04-24T15:30:34Z]   availability check failed: <urlopen error [Errno 8] nodename nor servname provided, or not known>
[2026-04-24T15:30:34Z]   CDX check failed: <urlopen error [Errno 8] nodename nor servname provided, or not known>
[2026-04-24T15:30:34Z] [1759/1937] no-snapshot  https://gracereformedbaptistchurch.org
[2026-04-24T15:30:34Z]   availability check failed: <urlopen error [Errno 8] nodename nor servname provided, or not known>
[2026-04-24T15:30:34Z]   CDX check failed: <urlopen error [Errno 8] nodename nor servname provided, or not known>
[2026-04-24T15:30:34Z] [1760/1937] no-snapshot  https://sbcrvcny.org
[2026-04-24T15:30:34Z]   checkpoint: {"fresh": 269, "older": 98, "saved": 0, "skip": 5, "fail": 0, "cached": 0, "no-snapshot": 1388}
[2026-04-24T15:30:34Z]   availability check failed: <urlopen error [Errno 8] nodename nor servname provided, or not known>
[2026-04-24T15:30:34Z]   CDX check failed: <urlopen error [Errno 8] nodename nor servname provided, or not known>
[2026-04-24T15:30:34Z] [1761/1937] no-snapshot  https://www.calvarybaptistli.com
[2026-04-24T15:30:34Z]   availability check failed: <urlopen error [Errno 8] nodename nor servname provided, or not known>
[2026-04-24T15:30:34Z]   CDX check failed: <urlopen error [Errno 8] nodename nor servname provided, or not known>
[2026-04-24T15:30:34Z] [1762/1937] no-snapshot  https://crossroadsli.org
[2026-04-24T15:30:34Z]   availability check failed: <urlopen error [Errno 8] nodename nor servname provided, or not known>
[2026-04-24T15:30:34Z]   CDX check failed: <urlopen error [Errno 8] nodename nor servname provided, or not known>
[2026-04-24T15:30:34Z] [1763/1937] no-snapshot  https://harvestchurchny.com
[2026-04-24T15:30:34Z]   availability check failed: <urlopen error [Errno 8] nodename nor servname provided, or not known>
[2026-04-24T15:30:34Z]   CDX check failed: <urlopen error [Errno 8] nodename nor servname provided, or not known>
[2026-04-24T15:30:34Z] [1764/1937] no-snapshot  https://nbccwny.org
[2026-04-24T15:30:34Z]   availability check failed: <urlopen error [Errno 8] nodename nor servname provided, or not known>
[2026-04-24T15:30:34Z]   CDX check failed: <urlopen error [Errno 8] nodename nor servname provided, or not known>
[2026-04-24T15:30:34Z] [1765/1937] no-snapshot  https://www.amherstbaptist.com
[2026-04-24T15:30:34Z]   availability check failed: <urlopen error [Errno 8] nodename nor servname provided, or not known>
[2026-04-24T15:30:34Z]   CDX check failed: <urlopen error [Errno 8] nodename nor servname provided, or not known>
[2026-04-24T15:30:34Z] [1766/1937] no-snapshot  https://www.livingstonebuffalo.org/about
[2026-04-24T15:30:34Z]   availability check failed: <urlopen error [Errno 8] nodename nor servname provided, or not known>
[2026-04-24T15:30:34Z]   CDX check failed: <urlopen error [Errno 8] nodename nor servname provided, or not known>
[2026-04-24T15:30:34Z] [1767/1937] no-snapshot  https://jamestownbaptist.org
[2026-04-24T15:30:34Z]   availability check failed: <urlopen error [Errno 8] nodename nor servname provided, or not known>
[2026-04-24T15:30:34Z]   CDX check failed: <urlopen error [Errno 8] nodename nor servname provided, or not known>
[2026-04-24T15:30:34Z] [1768/1937] no-snapshot  https://www.betheljtn.org
[2026-04-24T15:30:34Z]   availability check failed: <urlopen error [Errno 8] nodename nor servname provided, or not known>
[2026-04-24T15:30:34Z]   CDX check failed: <urlopen error [Errno 8] nodename nor servname provided, or not known>
[2026-04-24T15:30:34Z] [1769/1937] no-snapshot  https://www.hillcrestjamestown.com
[2026-04-24T15:30:34Z]   availability check failed: <urlopen error [Errno 8] nodename nor servname provided, or not known>
[2026-04-24T15:30:34Z]   CDX check failed: <urlopen error [Errno 8] nodename nor servname provided, or not known>
[2026-04-24T15:30:34Z] [1770/1937] no-snapshot  https://oleanfirstbaptist.com
[2026-04-24T15:30:34Z]   checkpoint: {"fresh": 269, "older": 98, "saved": 0, "skip": 5, "fail": 0, "cached": 0, "no-snapshot": 1398}
[2026-04-24T15:30:34Z]   availability check failed: <urlopen error [Errno 8] nodename nor servname provided, or not known>
[2026-04-24T15:30:34Z]   CDX check failed: <urlopen error [Errno 8] nodename nor servname provided, or not known>
[2026-04-24T15:30:34Z] [1771/1937] no-snapshot  https://churches.sbc.net/church/central-baptist-church-olean/
[2026-04-24T15:30:34Z]   availability check failed: <urlopen error [Errno 8] nodename nor servname provided, or not known>
[2026-04-24T15:30:34Z]   CDX check failed: <urlopen error [Errno 8] nodename nor servname provided, or not known>
[2026-04-24T15:30:34Z] [1772/1937] no-snapshot  https://www.fbcnny.com
[2026-04-24T15:30:34Z]   availability check failed: <urlopen error [Errno 8] nodename nor servname provided, or not known>
[2026-04-24T15:30:34Z]   CDX check failed: <urlopen error [Errno 8] nodename nor servname provided, or not known>
[2026-04-24T15:30:34Z] [1773/1937] no-snapshot  https://www.watertownevangelicalchurch.org
[2026-04-24T15:30:34Z]   availability check failed: <urlopen error [Errno 8] nodename nor servname provided, or not known>
[2026-04-24T15:30:34Z]   CDX check failed: <urlopen error [Errno 8] nodename nor servname provided, or not known>
[2026-04-24T15:30:34Z] [1774/1937] no-snapshot  https://www.watertownbaptisttemple.org
[2026-04-24T15:30:34Z]   availability check failed: <urlopen error [Errno 8] nodename nor servname provided, or not known>
[2026-04-24T15:30:34Z]   CDX check failed: <urlopen error [Errno 8] nodename nor servname provided, or not known>
[2026-04-24T15:30:34Z] [1775/1937] no-snapshot  https://www.trinitypresbyterianmtc.com
[2026-04-24T15:30:34Z]   availability check failed: <urlopen error [Errno 8] nodename nor servname provided, or not known>
[2026-04-24T15:30:34Z]   CDX check failed: <urlopen error [Errno 8] nodename nor servname provided, or not known>
[2026-04-24T15:30:34Z] [1776/1937] no-snapshot  https://trinitypresbyterianmtc.com/pastor
[2026-04-24T15:30:34Z]   availability check failed: <urlopen error [Errno 8] nodename nor servname provided, or not known>
[2026-04-24T15:30:34Z]   CDX check failed: <urlopen error [Errno 8] nodename nor servname provided, or not known>
[2026-04-24T15:30:34Z] [1777/1937] no-snapshot  https://pcusa.org/congregation/trinity-church-montclair-nj
[2026-04-24T15:30:34Z]   availability check failed: <urlopen error [Errno 8] nodename nor servname provided, or not known>
[2026-04-24T15:30:34Z]   CDX check failed: <urlopen error [Errno 8] nodename nor servname provided, or not known>
[2026-04-24T15:30:34Z] [1778/1937] no-snapshot  https://christchurchusa.org/about
[2026-04-24T15:30:34Z]   availability check failed: <urlopen error [Errno 8] nodename nor servname provided, or not known>
[2026-04-24T15:30:34Z]   CDX check failed: <urlopen error [Errno 8] nodename nor servname provided, or not known>
[2026-04-24T15:30:34Z] [1779/1937] no-snapshot  https://christchurchusa.org/staff
[2026-04-24T15:30:34Z]   availability check failed: <urlopen error [Errno 8] nodename nor servname provided, or not known>
[2026-04-24T15:30:34Z]   CDX check failed: <urlopen error [Errno 8] nodename nor servname provided, or not known>
[2026-04-24T15:30:34Z] [1780/1937] no-snapshot  https://christchurchusa.org/leadership
[2026-04-24T15:30:34Z]   checkpoint: {"fresh": 269, "older": 98, "saved": 0, "skip": 5, "fail": 0, "cached": 0, "no-snapshot": 1408}
[2026-04-24T15:30:34Z]   availability check failed: <urlopen error [Errno 8] nodename nor servname provided, or not known>
[2026-04-24T15:30:34Z]   CDX check failed: <urlopen error [Errno 8] nodename nor servname provided, or not known>
[2026-04-24T15:30:34Z] [1781/1937] no-snapshot  https://www.chapelonthehill.org
[2026-04-24T15:30:34Z]   availability check failed: <urlopen error [Errno 8] nodename nor servname provided, or not known>
[2026-04-24T15:30:34Z]   CDX check failed: <urlopen error [Errno 8] nodename nor servname provided, or not known>
[2026-04-24T15:30:34Z] [1782/1937] no-snapshot  https://www.firstpresridgewood.org
[2026-04-24T15:30:34Z]   availability check failed: <urlopen error [Errno 8] nodename nor servname provided, or not known>
[2026-04-24T15:30:34Z]   CDX check failed: <urlopen error [Errno 8] nodename nor servname provided, or not known>
[2026-04-24T15:30:34Z] [1783/1937] no-snapshot  https://www.firstpresridgewood.org/staff
[2026-04-24T15:30:34Z]   availability check failed: <urlopen error [Errno 8] nodename nor servname provided, or not known>
[2026-04-24T15:30:34Z]   CDX check failed: <urlopen error [Errno 8] nodename nor servname provided, or not known>
[2026-04-24T15:30:34Z] [1784/1937] no-snapshot  https://redeemermontclair.com/about
[2026-04-24T15:30:34Z]   availability check failed: <urlopen error [Errno 8] nodename nor servname provided, or not known>
[2026-04-24T15:30:34Z]   CDX check failed: <urlopen error [Errno 8] nodename nor servname provided, or not known>
[2026-04-24T15:30:34Z] [1785/1937] no-snapshot  https://www.trinitymontville.org/about
[2026-04-24T15:30:34Z]   availability check failed: <urlopen error [Errno 8] nodename nor servname provided, or not known>
[2026-04-24T15:30:34Z]   CDX check failed: <urlopen error [Errno 8] nodename nor servname provided, or not known>
[2026-04-24T15:30:34Z] [1786/1937] no-snapshot  https://thechapel.org/about
[2026-04-24T15:30:34Z]   availability check failed: <urlopen error [Errno 8] nodename nor servname provided, or not known>
[2026-04-24T15:30:34Z]   CDX check failed: <urlopen error [Errno 8] nodename nor servname provided, or not known>
[2026-04-24T15:30:34Z] [1787/1937] no-snapshot  https://cranfordalliance.org
[2026-04-24T15:30:34Z]   availability check failed: <urlopen error [Errno 8] nodename nor servname provided, or not known>
[2026-04-24T15:30:34Z]   CDX check failed: <urlopen error [Errno 8] nodename nor servname provided, or not known>
[2026-04-24T15:30:34Z] [1788/1937] no-snapshot  https://www.fpcep.com
[2026-04-24T15:30:34Z]   availability check failed: <urlopen error [Errno 8] nodename nor servname provided, or not known>
[2026-04-24T15:30:34Z]   CDX check failed: <urlopen error [Errno 8] nodename nor servname provided, or not known>
[2026-04-24T15:30:34Z] [1789/1937] no-snapshot  https://sttimothynj.org
[2026-04-24T15:30:34Z]   availability check failed: <urlopen error [Errno 8] nodename nor servname provided, or not known>
[2026-04-24T15:30:34Z]   CDX check failed: <urlopen error [Errno 8] nodename nor servname provided, or not known>
[2026-04-24T15:30:34Z] [1790/1937] no-snapshot  https://graceredeemer.com
[2026-04-24T15:30:34Z]   checkpoint: {"fresh": 269, "older": 98, "saved": 0, "skip": 5, "fail": 0, "cached": 0, "no-snapshot": 1418}
[2026-04-24T15:30:34Z]   availability check failed: <urlopen error [Errno 8] nodename nor servname provided, or not known>
[2026-04-24T15:30:34Z]   CDX check failed: <urlopen error [Errno 8] nodename nor servname provided, or not known>
[2026-04-24T15:30:34Z] [1791/1937] no-snapshot  https://graceredeemer.com/about
[2026-04-24T15:30:34Z]   availability check failed: <urlopen error [Errno 8] nodename nor servname provided, or not known>
[2026-04-24T15:30:34Z]   CDX check failed: <urlopen error [Errno 8] nodename nor servname provided, or not known>
[2026-04-24T15:30:34Z] [1792/1937] no-snapshot  https://www.princetonalliance.org/doctrine/
[2026-04-24T15:30:34Z]   availability check failed: <urlopen error [Errno 8] nodename nor servname provided, or not known>
[2026-04-24T15:30:34Z]   CDX check failed: <urlopen error [Errno 8] nodename nor servname provided, or not known>
[2026-04-24T15:30:34Z] [1793/1937] no-snapshot  https://www.princetonalliance.org/beliefs
[2026-04-24T15:30:34Z]   availability check failed: <urlopen error [Errno 8] nodename nor servname provided, or not known>
[2026-04-24T15:30:34Z]   CDX check failed: <urlopen error [Errno 8] nodename nor servname provided, or not known>
[2026-04-24T15:30:34Z] [1794/1937] no-snapshot  https://steltonbaptistchurch.org
[2026-04-24T15:30:34Z]   availability check failed: <urlopen error [Errno 8] nodename nor servname provided, or not known>
[2026-04-24T15:30:34Z]   CDX check failed: <urlopen error [Errno 8] nodename nor servname provided, or not known>
[2026-04-24T15:30:34Z] [1795/1937] no-snapshot  https://www.abc-usa.org/2023/06/statement-of-the-board-of-directors-of-american-baptist-home-mission-societies-affirming-women-pastors/
[2026-04-24T15:30:34Z]   availability check failed: <urlopen error [Errno 8] nodename nor servname provided, or not known>
[2026-04-24T15:30:34Z]   CDX check failed: <urlopen error [Errno 8] nodename nor servname provided, or not known>
[2026-04-24T15:30:34Z] [1796/1937] no-snapshot  https://millingtonbaptist.org
[2026-04-24T15:30:34Z]   availability check failed: <urlopen error [Errno 8] nodename nor servname provided, or not known>
[2026-04-24T15:30:34Z]   CDX check failed: <urlopen error [Errno 8] nodename nor servname provided, or not known>
[2026-04-24T15:30:34Z] [1797/1937] no-snapshot  https://pcct-nj.org
[2026-04-24T15:30:34Z]   availability check failed: <urlopen error [Errno 8] nodename nor servname provided, or not known>
[2026-04-24T15:30:34Z]   CDX check failed: <urlopen error [Errno 8] nodename nor servname provided, or not known>
[2026-04-24T15:30:34Z] [1798/1937] no-snapshot  https://www.ccmorrishills.org
[2026-04-24T15:30:34Z]   availability check failed: <urlopen error [Errno 8] nodename nor servname provided, or not known>
[2026-04-24T15:30:34Z]   CDX check failed: <urlopen error [Errno 8] nodename nor servname provided, or not known>
[2026-04-24T15:30:34Z] [1799/1937] no-snapshot  https://myfellowshipbible.church/
[2026-04-24T15:30:34Z]   availability check failed: <urlopen error [Errno 8] nodename nor servname provided, or not known>
[2026-04-24T15:30:34Z]   CDX check failed: <urlopen error [Errno 8] nodename nor servname provided, or not known>
[2026-04-24T15:30:34Z] [1800/1937] no-snapshot  https://www.linkedin.com/in/phil-moser-34b64198/
[2026-04-24T15:30:34Z]   checkpoint: {"fresh": 269, "older": 98, "saved": 0, "skip": 5, "fail": 0, "cached": 0, "no-snapshot": 1428}
[2026-04-24T15:30:34Z]   availability check failed: <urlopen error [Errno 8] nodename nor servname provided, or not known>
[2026-04-24T15:30:34Z]   CDX check failed: <urlopen error [Errno 8] nodename nor servname provided, or not known>
[2026-04-24T15:30:34Z] [1801/1937] no-snapshot  https://cornerstonechurchofjackson.org
[2026-04-24T15:30:34Z]   availability check failed: <urlopen error [Errno 8] nodename nor servname provided, or not known>
[2026-04-24T15:30:34Z]   CDX check failed: <urlopen error [Errno 8] nodename nor servname provided, or not known>
[2026-04-24T15:30:34Z] [1802/1937] no-snapshot  https://www.covenantnj.com
[2026-04-24T15:30:34Z]   availability check failed: <urlopen error [Errno 8] nodename nor servname provided, or not known>
[2026-04-24T15:30:34Z]   CDX check failed: <urlopen error [Errno 8] nodename nor servname provided, or not known>
[2026-04-24T15:30:34Z] [1803/1937] no-snapshot  https://myfac.org/what-we-believe
[2026-04-24T15:30:34Z]   availability check failed: <urlopen error [Errno 8] nodename nor servname provided, or not known>
[2026-04-24T15:30:34Z]   CDX check failed: <urlopen error [Errno 8] nodename nor servname provided, or not known>
[2026-04-24T15:30:34Z] [1804/1937] no-snapshot  https://ccsouthjersey.org
[2026-04-24T15:30:34Z]   availability check failed: <urlopen error [Errno 8] nodename nor servname provided, or not known>
[2026-04-24T15:30:34Z]   CDX check failed: <urlopen error [Errno 8] nodename nor servname provided, or not known>
[2026-04-24T15:30:34Z] [1805/1937] no-snapshot  https://www.cchammonton.org/about
[2026-04-24T15:30:34Z]   availability check failed: <urlopen error [Errno 8] nodename nor servname provided, or not known>
[2026-04-24T15:30:34Z]   CDX check failed: <urlopen error [Errno 8] nodename nor servname provided, or not known>
[2026-04-24T15:30:34Z] [1806/1937] no-snapshot  https://www.cc-gc.org
[2026-04-24T15:30:34Z]   availability check failed: <urlopen error [Errno 8] nodename nor servname provided, or not known>
[2026-04-24T15:30:34Z]   CDX check failed: <urlopen error [Errno 8] nodename nor servname provided, or not known>
[2026-04-24T15:30:34Z] [1807/1937] no-snapshot  https://www.ccmarlton.org
[2026-04-24T15:30:34Z]   availability check failed: <urlopen error [Errno 8] nodename nor servname provided, or not known>
[2026-04-24T15:30:34Z]   CDX check failed: <urlopen error [Errno 8] nodename nor servname provided, or not known>
[2026-04-24T15:30:34Z] [1808/1937] no-snapshot  https://pitmanpres.org
[2026-04-24T15:30:34Z]   availability check failed: <urlopen error [Errno 8] nodename nor servname provided, or not known>
[2026-04-24T15:30:34Z]   CDX check failed: <urlopen error [Errno 8] nodename nor servname provided, or not known>
[2026-04-24T15:30:34Z] [1809/1937] no-snapshot  https://pitmanpres.org/welcome
[2026-04-24T15:30:34Z]   availability check failed: <urlopen error [Errno 8] nodename nor servname provided, or not known>
[2026-04-24T15:30:34Z]   CDX check failed: <urlopen error [Errno 8] nodename nor servname provided, or not known>
[2026-04-24T15:30:34Z] [1810/1937] no-snapshot  https://pitmanpres.org/about
[2026-04-24T15:30:34Z]   checkpoint: {"fresh": 269, "older": 98, "saved": 0, "skip": 5, "fail": 0, "cached": 0, "no-snapshot": 1438}
[2026-04-24T15:30:34Z]   availability check failed: <urlopen error [Errno 8] nodename nor servname provided, or not known>
[2026-04-24T15:30:34Z]   CDX check failed: <urlopen error [Errno 8] nodename nor servname provided, or not known>
[2026-04-24T15:30:34Z] [1811/1937] no-snapshot  https://www.capemaypresbyterian.com
[2026-04-24T15:30:34Z]   availability check failed: <urlopen error [Errno 8] nodename nor servname provided, or not known>
[2026-04-24T15:30:34Z]   CDX check failed: <urlopen error [Errno 8] nodename nor servname provided, or not known>
[2026-04-24T15:30:34Z] [1812/1937] no-snapshot  https://www.firstbaptistsalem.org
[2026-04-24T15:30:34Z]   availability check failed: <urlopen error [Errno 8] nodename nor servname provided, or not known>
[2026-04-24T15:30:34Z]   CDX check failed: <urlopen error [Errno 8] nodename nor servname provided, or not known>
[2026-04-24T15:30:34Z] [1813/1937] no-snapshot  https://www.firstbaptistsalem.org/meet-our-staff/
[2026-04-24T15:30:34Z]   availability check failed: <urlopen error [Errno 8] nodename nor servname provided, or not known>
[2026-04-24T15:30:34Z]   CDX check failed: <urlopen error [Errno 8] nodename nor servname provided, or not known>
[2026-04-24T15:30:34Z] [1814/1937] no-snapshot  https://www.faithstreet.com/church/first-baptist-church-of-salem-new-jersey-salem-nj-1
[2026-04-24T15:30:34Z]   availability check failed: <urlopen error [Errno 8] nodename nor servname provided, or not known>
[2026-04-24T15:30:34Z]   CDX check failed: <urlopen error [Errno 8] nodename nor servname provided, or not known>
[2026-04-24T15:30:34Z] [1815/1937] no-snapshot  https://jscalvary.com
[2026-04-24T15:30:34Z]   availability check failed: <urlopen error [Errno 8] nodename nor servname provided, or not known>
[2026-04-24T15:30:34Z]   CDX check failed: <urlopen error [Errno 8] nodename nor servname provided, or not known>
[2026-04-24T15:30:34Z] [1816/1937] no-snapshot  https://www.cccoastlands.org
[2026-04-24T15:30:34Z] [1817/1937] skip      https://www.facebook.com/anchoredintheword/
[2026-04-24T15:30:34Z]   availability check failed: <urlopen error [Errno 8] nodename nor servname provided, or not known>
[2026-04-24T15:30:34Z]   CDX check failed: <urlopen error [Errno 8] nodename nor servname provided, or not known>
[2026-04-24T15:30:34Z] [1818/1937] no-snapshot  https://tricityministries.org/
[2026-04-24T15:30:34Z]   availability check failed: <urlopen error [Errno 8] nodename nor servname provided, or not known>
[2026-04-24T15:30:34Z]   CDX check failed: <urlopen error [Errno 8] nodename nor servname provided, or not known>
[2026-04-24T15:30:34Z] [1819/1937] no-snapshot  https://ibcs.edu/our-story/
[2026-04-24T15:30:34Z]   availability check failed: <urlopen error [Errno 8] nodename nor servname provided, or not known>
[2026-04-24T15:30:34Z]   CDX check failed: <urlopen error [Errno 8] nodename nor servname provided, or not known>
[2026-04-24T15:30:34Z] [1820/1937] no-snapshot  https://theorchardowasso.org
[2026-04-24T15:30:34Z]   checkpoint: {"fresh": 269, "older": 98, "saved": 0, "skip": 6, "fail": 0, "cached": 0, "no-snapshot": 1447}
[2026-04-24T15:30:34Z]   availability check failed: <urlopen error [Errno 8] nodename nor servname provided, or not known>
[2026-04-24T15:30:34Z]   CDX check failed: <urlopen error [Errno 8] nodename nor servname provided, or not known>
[2026-04-24T15:30:34Z] [1821/1937] no-snapshot  https://providencetemecula.com/
[2026-04-24T15:30:34Z]   availability check failed: <urlopen error [Errno 8] nodename nor servname provided, or not known>
[2026-04-24T15:30:34Z]   CDX check failed: <urlopen error [Errno 8] nodename nor servname provided, or not known>
[2026-04-24T15:30:34Z] [1822/1937] no-snapshot  https://opc.org/church.html?church_id=42
[2026-04-24T15:30:34Z]   availability check failed: <urlopen error [Errno 8] nodename nor servname provided, or not known>
[2026-04-24T15:30:34Z]   CDX check failed: <urlopen error [Errno 8] nodename nor servname provided, or not known>
[2026-04-24T15:30:34Z] [1823/1937] no-snapshot  https://escondido-opc.org/
[2026-04-24T15:30:34Z]   availability check failed: <urlopen error [Errno 8] nodename nor servname provided, or not known>
[2026-04-24T15:30:34Z]   CDX check failed: <urlopen error [Errno 8] nodename nor servname provided, or not known>
[2026-04-24T15:30:34Z] [1824/1937] no-snapshot  https://opc.org/church.html?church_id=17
[2026-04-24T15:30:34Z]   availability check failed: <urlopen error [Errno 8] nodename nor servname provided, or not known>
[2026-04-24T15:30:34Z]   CDX check failed: <urlopen error [Errno 8] nodename nor servname provided, or not known>
[2026-04-24T15:30:34Z] [1825/1937] no-snapshot  https://ccopc.org
[2026-04-24T15:30:34Z]   availability check failed: <urlopen error [Errno 8] nodename nor servname provided, or not known>
[2026-04-24T15:30:34Z]   CDX check failed: <urlopen error [Errno 8] nodename nor servname provided, or not known>
[2026-04-24T15:30:34Z] [1826/1937] no-snapshot  https://csopc.org
[2026-04-24T15:30:34Z]   availability check failed: <urlopen error [Errno 8] nodename nor servname provided, or not known>
[2026-04-24T15:30:34Z]   CDX check failed: <urlopen error [Errno 8] nodename nor servname provided, or not known>
[2026-04-24T15:30:34Z] [1827/1937] no-snapshot  https://tyleropc.org/
[2026-04-24T15:30:34Z]   availability check failed: <urlopen error [Errno 8] nodename nor servname provided, or not known>
[2026-04-24T15:30:34Z]   CDX check failed: <urlopen error [Errno 8] nodename nor servname provided, or not known>
[2026-04-24T15:30:34Z] [1828/1937] no-snapshot  https://www.tyleropc.org/
[2026-04-24T15:30:34Z]   availability check failed: <urlopen error [Errno 8] nodename nor servname provided, or not known>
[2026-04-24T15:30:34Z]   CDX check failed: <urlopen error [Errno 8] nodename nor servname provided, or not known>
[2026-04-24T15:30:34Z] [1829/1937] no-snapshot  https://opc.org/today.html?history_id=941
[2026-04-24T15:30:34Z]   availability check failed: <urlopen error [Errno 8] nodename nor servname provided, or not known>
[2026-04-24T15:30:34Z]   CDX check failed: <urlopen error [Errno 8] nodename nor servname provided, or not known>
[2026-04-24T15:30:34Z] [1830/1937] no-snapshot  https://reformedbaptistkc.org
[2026-04-24T15:30:34Z]   checkpoint: {"fresh": 269, "older": 98, "saved": 0, "skip": 6, "fail": 0, "cached": 0, "no-snapshot": 1457}
[2026-04-24T15:30:34Z]   availability check failed: <urlopen error [Errno 8] nodename nor servname provided, or not known>
[2026-04-24T15:30:34Z]   CDX check failed: <urlopen error [Errno 8] nodename nor servname provided, or not known>
[2026-04-24T15:30:34Z] [1831/1937] no-snapshot  https://bozemanrbc.org
[2026-04-24T15:30:34Z]   availability check failed: <urlopen error [Errno 8] nodename nor servname provided, or not known>
[2026-04-24T15:30:34Z]   CDX check failed: <urlopen error [Errno 8] nodename nor servname provided, or not known>
[2026-04-24T15:30:34Z] [1832/1937] no-snapshot  https://sycamorebaptistchurch.com
[2026-04-24T15:30:34Z]   availability check failed: <urlopen error [Errno 8] nodename nor servname provided, or not known>
[2026-04-24T15:30:34Z]   CDX check failed: <urlopen error [Errno 8] nodename nor servname provided, or not known>
[2026-04-24T15:30:34Z] [1833/1937] no-snapshot  https://sycamorebaptistchurch.com/about
[2026-04-24T15:30:34Z]   availability check failed: <urlopen error [Errno 8] nodename nor servname provided, or not known>
[2026-04-24T15:30:34Z]   CDX check failed: <urlopen error [Errno 8] nodename nor servname provided, or not known>
[2026-04-24T15:30:34Z] [1834/1937] no-snapshot  https://ccrbc1689.com
[2026-04-24T15:30:34Z]   availability check failed: <urlopen error [Errno 8] nodename nor servname provided, or not known>
[2026-04-24T15:30:34Z]   CDX check failed: <urlopen error [Errno 8] nodename nor servname provided, or not known>
[2026-04-24T15:30:34Z] [1835/1937] no-snapshot  http://stbcweb.org/
[2026-04-24T15:30:34Z]   availability check failed: <urlopen error [Errno 8] nodename nor servname provided, or not known>
[2026-04-24T15:30:34Z]   CDX check failed: <urlopen error [Errno 8] nodename nor servname provided, or not known>
[2026-04-24T15:30:34Z] [1836/1937] no-snapshot  https://www.reformedreader.org/rbnewmexico.htm
[2026-04-24T15:30:34Z]   availability check failed: <urlopen error [Errno 8] nodename nor servname provided, or not known>
[2026-04-24T15:30:34Z]   CDX check failed: <urlopen error [Errno 8] nodename nor servname provided, or not known>
[2026-04-24T15:30:34Z] [1837/1937] no-snapshot  https://www.bcnm.com/
[2026-04-24T15:30:34Z]   availability check failed: <urlopen error [Errno 8] nodename nor servname provided, or not known>
[2026-04-24T15:30:34Z]   CDX check failed: <urlopen error [Errno 8] nodename nor servname provided, or not known>
[2026-04-24T15:30:34Z] [1838/1937] no-snapshot  https://saviorsgracechurch.com/
[2026-04-24T15:30:34Z]   availability check failed: <urlopen error [Errno 8] nodename nor servname provided, or not known>
[2026-04-24T15:30:34Z]   CDX check failed: <urlopen error [Errno 8] nodename nor servname provided, or not known>
[2026-04-24T15:30:34Z] [1839/1937] no-snapshot  https://theocast.org/tools/church-finder/locations/savior-s-grace-church
[2026-04-24T15:30:34Z]   availability check failed: <urlopen error [Errno 8] nodename nor servname provided, or not known>
[2026-04-24T15:30:34Z]   CDX check failed: <urlopen error [Errno 8] nodename nor servname provided, or not known>
[2026-04-24T15:30:34Z] [1840/1937] no-snapshot  https://www.dallasreformedbaptistchurch.com/
[2026-04-24T15:30:34Z]   checkpoint: {"fresh": 269, "older": 98, "saved": 0, "skip": 6, "fail": 0, "cached": 0, "no-snapshot": 1467}
[2026-04-24T15:30:34Z]   availability check failed: <urlopen error [Errno 8] nodename nor servname provided, or not known>
[2026-04-24T15:30:34Z]   CDX check failed: <urlopen error [Errno 8] nodename nor servname provided, or not known>
[2026-04-24T15:30:34Z] [1841/1937] no-snapshot  WebSearch: Dallas Reformed Baptist 1689
[2026-04-24T15:30:34Z]   availability check failed: <urlopen error [Errno 8] nodename nor servname provided, or not known>
[2026-04-24T15:30:34Z]   CDX check failed: <urlopen error [Errno 8] nodename nor servname provided, or not known>
[2026-04-24T15:30:34Z] [1842/1937] no-snapshot  https://hillside-sbc.org
[2026-04-24T15:30:34Z]   availability check failed: <urlopen error [Errno 8] nodename nor servname provided, or not known>
[2026-04-24T15:30:34Z]   CDX check failed: <urlopen error [Errno 8] nodename nor servname provided, or not known>
[2026-04-24T15:30:34Z] [1843/1937] no-snapshot  https://providencechurchkaty.org
[2026-04-24T15:30:34Z]   availability check failed: <urlopen error [Errno 8] nodename nor servname provided, or not known>
[2026-04-24T15:30:34Z]   CDX check failed: <urlopen error [Errno 8] nodename nor servname provided, or not known>
[2026-04-24T15:30:34Z] [1844/1937] no-snapshot  https://sovgracetucson.org
[2026-04-24T15:30:34Z]   availability check failed: <urlopen error [Errno 8] nodename nor servname provided, or not known>
[2026-04-24T15:30:34Z]   CDX check failed: <urlopen error [Errno 8] nodename nor servname provided, or not known>
[2026-04-24T15:30:34Z] [1845/1937] no-snapshot  http://www.legacychurchyuma.org
[2026-04-24T15:30:34Z]   availability check failed: <urlopen error [Errno 8] nodename nor servname provided, or not known>
[2026-04-24T15:30:34Z]   CDX check failed: <urlopen error [Errno 8] nodename nor servname provided, or not known>
[2026-04-24T15:30:34Z] [1846/1937] no-snapshot  https://missioncityfellowshipsa.org
[2026-04-24T15:30:34Z]   availability check failed: <urlopen error [Errno 8] nodename nor servname provided, or not known>
[2026-04-24T15:30:34Z]   CDX check failed: <urlopen error [Errno 8] nodename nor servname provided, or not known>
[2026-04-24T15:30:34Z] [1847/1937] no-snapshot  https://sgcorange.com
[2026-04-24T15:30:34Z]   availability check failed: <urlopen error [Errno 8] nodename nor servname provided, or not known>
[2026-04-24T15:30:34Z]   CDX check failed: <urlopen error [Errno 8] nodename nor servname provided, or not known>
[2026-04-24T15:30:34Z] [1848/1937] no-snapshot  https://gccjax.org
[2026-04-24T15:30:34Z]   availability check failed: <urlopen error [Errno 8] nodename nor servname provided, or not known>
[2026-04-24T15:30:34Z]   CDX check failed: <urlopen error [Errno 8] nodename nor servname provided, or not known>
[2026-04-24T15:30:34Z] [1849/1937] no-snapshot  https://vctampa.org
[2026-04-24T15:30:34Z]   availability check failed: <urlopen error [Errno 8] nodename nor servname provided, or not known>
[2026-04-24T15:30:34Z]   CDX check failed: <urlopen error [Errno 8] nodename nor servname provided, or not known>
[2026-04-24T15:30:34Z] [1850/1937] no-snapshot  https://centergilbert.com
[2026-04-24T15:30:34Z]   checkpoint: {"fresh": 269, "older": 98, "saved": 0, "skip": 6, "fail": 0, "cached": 0, "no-snapshot": 1477}
[2026-04-24T15:30:34Z]   availability check failed: <urlopen error [Errno 8] nodename nor servname provided, or not known>
[2026-04-24T15:30:34Z]   CDX check failed: <urlopen error [Errno 8] nodename nor servname provided, or not known>
[2026-04-24T15:30:34Z] [1851/1937] no-snapshot  https://mysovgrace.church/
[2026-04-24T15:30:34Z]   availability check failed: <urlopen error [Errno 8] nodename nor servname provided, or not known>
[2026-04-24T15:30:34Z]   CDX check failed: <urlopen error [Errno 8] nodename nor servname provided, or not known>
[2026-04-24T15:30:34Z] [1852/1937] no-snapshot  https://mysovgrace.church/who-we-are/
[2026-04-24T15:30:34Z]   availability check failed: <urlopen error [Errno 8] nodename nor servname provided, or not known>
[2026-04-24T15:30:34Z]   CDX check failed: <urlopen error [Errno 8] nodename nor servname provided, or not known>
[2026-04-24T15:30:34Z] [1853/1937] no-snapshot  https://foothillsreformed.org/
[2026-04-24T15:30:34Z]   availability check failed: <urlopen error [Errno 8] nodename nor servname provided, or not known>
[2026-04-24T15:30:34Z]   CDX check failed: <urlopen error [Errno 8] nodename nor servname provided, or not known>
[2026-04-24T15:30:34Z] [1854/1937] no-snapshot  https://www.olympiabp.net/
[2026-04-24T15:30:34Z]   availability check failed: <urlopen error [Errno 8] nodename nor servname provided, or not known>
[2026-04-24T15:30:34Z]   CDX check failed: <urlopen error [Errno 8] nodename nor servname provided, or not known>
[2026-04-24T15:30:34Z] [1855/1937] no-snapshot  https://www.suncoastbpc.com/
[2026-04-24T15:30:34Z]   availability check failed: <urlopen error [Errno 8] nodename nor servname provided, or not known>
[2026-04-24T15:30:34Z]   CDX check failed: <urlopen error [Errno 8] nodename nor servname provided, or not known>
[2026-04-24T15:30:34Z] [1856/1937] no-snapshot  https://reedyriverbpc.org
[2026-04-24T15:30:34Z]   availability check failed: <urlopen error [Errno 8] nodename nor servname provided, or not known>
[2026-04-24T15:30:34Z]   CDX check failed: <urlopen error [Errno 8] nodename nor servname provided, or not known>
[2026-04-24T15:30:34Z] [1857/1937] no-snapshot  https://restorationmpls.org/
[2026-04-24T15:30:34Z]   availability check failed: <urlopen error [Errno 8] nodename nor servname provided, or not known>
[2026-04-24T15:30:34Z]   CDX check failed: <urlopen error [Errno 8] nodename nor servname provided, or not known>
[2026-04-24T15:30:34Z] [1858/1937] no-snapshot  https://alivingtext.com/restoration-anglican-minneapolis-departs-umd/
[2026-04-24T15:30:34Z]   availability check failed: <urlopen error [Errno 8] nodename nor servname provided, or not known>
[2026-04-24T15:30:34Z]   CDX check failed: <urlopen error [Errno 8] nodename nor servname provided, or not known>
[2026-04-24T15:30:34Z] [1859/1937] no-snapshot  https://midwestanglican.org/restorationbuilding/
[2026-04-24T15:30:34Z]   availability check failed: <urlopen error [Errno 8] nodename nor servname provided, or not known>
[2026-04-24T15:30:34Z]   CDX check failed: <urlopen error [Errno 8] nodename nor servname provided, or not known>
[2026-04-24T15:30:34Z] [1860/1937] no-snapshot  https://apostlesclt.org
[2026-04-24T15:30:34Z]   checkpoint: {"fresh": 269, "older": 98, "saved": 0, "skip": 6, "fail": 0, "cached": 0, "no-snapshot": 1487}
[2026-04-24T15:30:34Z]   availability check failed: <urlopen error [Errno 8] nodename nor servname provided, or not known>
[2026-04-24T15:30:34Z]   CDX check failed: <urlopen error [Errno 8] nodename nor servname provided, or not known>
[2026-04-24T15:30:34Z] [1861/1937] no-snapshot  https://apostlesclt.org/our-team
[2026-04-24T15:30:34Z]   availability check failed: <urlopen error [Errno 8] nodename nor servname provided, or not known>
[2026-04-24T15:30:34Z]   CDX check failed: <urlopen error [Errno 8] nodename nor servname provided, or not known>
[2026-04-24T15:30:34Z] [1862/1937] no-snapshot  https://ctrfw.org
[2026-04-24T15:30:34Z]   availability check failed: <urlopen error [Errno 8] nodename nor servname provided, or not known>
[2026-04-24T15:30:34Z]   CDX check failed: <urlopen error [Errno 8] nodename nor servname provided, or not known>
[2026-04-24T15:30:34Z] [1863/1937] no-snapshot  https://christchurchwaco.org/
[2026-04-24T15:30:34Z]   availability check failed: <urlopen error [Errno 8] nodename nor servname provided, or not known>
[2026-04-24T15:30:34Z]   CDX check failed: <urlopen error [Errno 8] nodename nor servname provided, or not known>
[2026-04-24T15:30:34Z] [1864/1937] no-snapshot  https://www.acna.org/admin_units/372
[2026-04-24T15:30:34Z]   availability check failed: <urlopen error [Errno 8] nodename nor servname provided, or not known>
[2026-04-24T15:30:34Z]   CDX check failed: <urlopen error [Errno 8] nodename nor servname provided, or not known>
[2026-04-24T15:30:34Z] [1865/1937] no-snapshot  https://www.holytrinityrecstl.com
[2026-04-24T15:30:34Z]   availability check failed: <urlopen error [Errno 8] nodename nor servname provided, or not known>
[2026-04-24T15:30:34Z]   CDX check failed: <urlopen error [Errno 8] nodename nor servname provided, or not known>
[2026-04-24T15:30:34Z] [1866/1937] no-snapshot  https://www.staidanskc.org
[2026-04-24T15:30:34Z]   availability check failed: <urlopen error [Errno 8] nodename nor servname provided, or not known>
[2026-04-24T15:30:34Z]   CDX check failed: <urlopen error [Errno 8] nodename nor servname provided, or not known>
[2026-04-24T15:30:34Z] [1867/1937] no-snapshot  https://www.allsoulsatl.org/
[2026-04-24T15:30:34Z]   availability check failed: <urlopen error [Errno 8] nodename nor servname provided, or not known>
[2026-04-24T15:30:34Z]   CDX check failed: <urlopen error [Errno 8] nodename nor servname provided, or not known>
[2026-04-24T15:30:34Z] [1868/1937] no-snapshot  https://www.allsoulsatl.org/leadership
[2026-04-24T15:30:34Z]   availability check failed: <urlopen error [Errno 8] nodename nor servname provided, or not known>
[2026-04-24T15:30:34Z]   CDX check failed: <urlopen error [Errno 8] nodename nor servname provided, or not known>
[2026-04-24T15:30:34Z] [1869/1937] no-snapshot  https://www.allsoulsatl.org/about-us
[2026-04-24T15:30:34Z]   availability check failed: <urlopen error [Errno 8] nodename nor servname provided, or not known>
[2026-04-24T15:30:34Z]   CDX check failed: <urlopen error [Errno 8] nodename nor servname provided, or not known>
[2026-04-24T15:30:34Z] [1870/1937] no-snapshot  https://www.providenceurc.com
[2026-04-24T15:30:34Z]   checkpoint: {"fresh": 269, "older": 98, "saved": 0, "skip": 6, "fail": 0, "cached": 0, "no-snapshot": 1497}
[2026-04-24T15:30:34Z]   availability check failed: <urlopen error [Errno 8] nodename nor servname provided, or not known>
[2026-04-24T15:30:34Z]   CDX check failed: <urlopen error [Errno 8] nodename nor servname provided, or not known>
[2026-04-24T15:30:34Z] [1871/1937] no-snapshot  https://www.saintbenedictparish.org
[2026-04-24T15:30:34Z]   availability check failed: <urlopen error [Errno 8] nodename nor servname provided, or not known>
[2026-04-24T15:30:34Z]   CDX check failed: <urlopen error [Errno 8] nodename nor servname provided, or not known>
[2026-04-24T15:30:34Z] [1872/1937] no-snapshot  https://www.urcna.org/find-a-church
[2026-04-24T15:30:34Z]   availability check failed: <urlopen error [Errno 8] nodename nor servname provided, or not known>
[2026-04-24T15:30:34Z]   CDX check failed: <urlopen error [Errno 8] nodename nor servname provided, or not known>
[2026-04-24T15:30:34Z] [1873/1937] no-snapshot  https://adorationurc.ca/
[2026-04-24T15:30:34Z]   availability check failed: <urlopen error [Errno 8] nodename nor servname provided, or not known>
[2026-04-24T15:30:34Z]   CDX check failed: <urlopen error [Errno 8] nodename nor servname provided, or not known>
[2026-04-24T15:30:34Z] [1874/1937] no-snapshot  https://anchorofhopechurch.org/
[2026-04-24T15:30:34Z]   availability check failed: <urlopen error [Errno 8] nodename nor servname provided, or not known>
[2026-04-24T15:30:34Z]   CDX check failed: <urlopen error [Errno 8] nodename nor servname provided, or not known>
[2026-04-24T15:30:34Z] [1875/1937] no-snapshot  https://ascensionreformed.org/
[2026-04-24T15:30:34Z]   availability check failed: <urlopen error [Errno 8] nodename nor servname provided, or not known>
[2026-04-24T15:30:34Z]   CDX check failed: <urlopen error [Errno 8] nodename nor servname provided, or not known>
[2026-04-24T15:30:34Z] [1876/1937] no-snapshot  https://urcbelgrade.com/
[2026-04-24T15:30:34Z]   availability check failed: <urlopen error [Errno 8] nodename nor servname provided, or not known>
[2026-04-24T15:30:34Z]   CDX check failed: <urlopen error [Errno 8] nodename nor servname provided, or not known>
[2026-04-24T15:30:34Z] [1877/1937] no-snapshot  https://bellinghamurc.com/
[2026-04-24T15:30:34Z]   availability check failed: <urlopen error [Errno 8] nodename nor servname provided, or not known>
[2026-04-24T15:30:34Z]   CDX check failed: <urlopen error [Errno 8] nodename nor servname provided, or not known>
[2026-04-24T15:30:34Z] [1878/1937] no-snapshot  https://bethanyurc.com/
[2026-04-24T15:30:34Z]   availability check failed: <urlopen error [Errno 8] nodename nor servname provided, or not known>
[2026-04-24T15:30:34Z]   CDX check failed: <urlopen error [Errno 8] nodename nor servname provided, or not known>
[2026-04-24T15:30:34Z] [1879/1937] no-snapshot  https://bethelsmithers.ca/
[2026-04-24T15:30:34Z]   availability check failed: <urlopen error [Errno 8] nodename nor servname provided, or not known>
[2026-04-24T15:30:34Z]   CDX check failed: <urlopen error [Errno 8] nodename nor servname provided, or not known>
[2026-04-24T15:30:34Z] [1880/1937] no-snapshot  https://bethelurcaylmer.com/
[2026-04-24T15:30:34Z]   checkpoint: {"fresh": 269, "older": 98, "saved": 0, "skip": 6, "fail": 0, "cached": 0, "no-snapshot": 1507}
[2026-04-24T15:30:34Z]   availability check failed: <urlopen error [Errno 8] nodename nor servname provided, or not known>
[2026-04-24T15:30:34Z]   CDX check failed: <urlopen error [Errno 8] nodename nor servname provided, or not known>
[2026-04-24T15:30:34Z] [1881/1937] no-snapshot  https://betheljenison.com/
[2026-04-24T15:30:34Z]   availability check failed: <urlopen error [Errno 8] nodename nor servname provided, or not known>
[2026-04-24T15:30:34Z]   CDX check failed: <urlopen error [Errno 8] nodename nor servname provided, or not known>
[2026-04-24T15:30:34Z] [1882/1937] no-snapshot  https://bigspringsurc.com/
[2026-04-24T15:30:34Z]   availability check failed: <urlopen error [Errno 8] nodename nor servname provided, or not known>
[2026-04-24T15:30:34Z]   CDX check failed: <urlopen error [Errno 8] nodename nor servname provided, or not known>
[2026-04-24T15:30:34Z] [1883/1937] no-snapshot  https://burlingtonurc.org/
[2026-04-24T15:30:34Z]   availability check failed: <urlopen error [Errno 8] nodename nor servname provided, or not known>
[2026-04-24T15:30:34Z]   CDX check failed: <urlopen error [Errno 8] nodename nor servname provided, or not known>
[2026-04-24T15:30:34Z] [1884/1937] no-snapshot  https://calvaryurc.org/
[2026-04-24T15:30:34Z]   availability check failed: <urlopen error [Errno 8] nodename nor servname provided, or not known>
[2026-04-24T15:30:34Z]   CDX check failed: <urlopen error [Errno 8] nodename nor servname provided, or not known>
[2026-04-24T15:30:34Z] [1885/1937] no-snapshot  https://christreformednky.org/
[2026-04-24T15:30:34Z]   availability check failed: <urlopen error [Errno 8] nodename nor servname provided, or not known>
[2026-04-24T15:30:34Z]   CDX check failed: <urlopen error [Errno 8] nodename nor servname provided, or not known>
[2026-04-24T15:30:34Z] [1886/1937] no-snapshot  https://christreformednampa.org/
[2026-04-24T15:30:34Z]   availability check failed: <urlopen error [Errno 8] nodename nor servname provided, or not known>
[2026-04-24T15:30:34Z]   CDX check failed: <urlopen error [Errno 8] nodename nor servname provided, or not known>
[2026-04-24T15:30:34Z] [1887/1937] no-snapshot  https://christreformedsf.org/
[2026-04-24T15:30:34Z]   availability check failed: <urlopen error [Errno 8] nodename nor servname provided, or not known>
[2026-04-24T15:30:34Z]   CDX check failed: <urlopen error [Errno 8] nodename nor servname provided, or not known>
[2026-04-24T15:30:34Z] [1888/1937] no-snapshot  https://christreformeddc.org/
[2026-04-24T15:30:34Z]   availability check failed: <urlopen error [Errno 8] nodename nor servname provided, or not known>
[2026-04-24T15:30:34Z]   CDX check failed: <urlopen error [Errno 8] nodename nor servname provided, or not known>
[2026-04-24T15:30:34Z] [1889/1937] no-snapshot  https://cloverdaleurc.org/
[2026-04-24T15:30:34Z]   availability check failed: <urlopen error [Errno 8] nodename nor servname provided, or not known>
[2026-04-24T15:30:34Z]   CDX check failed: <urlopen error [Errno 8] nodename nor servname provided, or not known>
[2026-04-24T15:30:34Z] [1890/1937] no-snapshot  https://communityurc.org/
[2026-04-24T15:30:34Z]   checkpoint: {"fresh": 269, "older": 98, "saved": 0, "skip": 6, "fail": 0, "cached": 0, "no-snapshot": 1517}
[2026-04-24T15:30:34Z]   availability check failed: <urlopen error [Errno 8] nodename nor servname provided, or not known>
[2026-04-24T15:30:34Z]   CDX check failed: <urlopen error [Errno 8] nodename nor servname provided, or not known>
[2026-04-24T15:30:34Z] [1891/1937] no-snapshot  https://coramdeourc.org/
[2026-04-24T15:30:34Z]   availability check failed: <urlopen error [Errno 8] nodename nor servname provided, or not known>
[2026-04-24T15:30:34Z]   CDX check failed: <urlopen error [Errno 8] nodename nor servname provided, or not known>
[2026-04-24T15:30:34Z] [1892/1937] no-snapshot  https://cccm.org/
[2026-04-24T15:30:34Z]   availability check failed: <urlopen error [Errno 8] nodename nor servname provided, or not known>
[2026-04-24T15:30:34Z]   CDX check failed: <urlopen error [Errno 8] nodename nor servname provided, or not known>
[2026-04-24T15:30:34Z] [1893/1937] no-snapshot  https://hvurc.org/
[2026-04-24T15:30:34Z]   availability check failed: <urlopen error [Errno 8] nodename nor servname provided, or not known>
[2026-04-24T15:30:34Z]   CDX check failed: <urlopen error [Errno 8] nodename nor servname provided, or not known>
[2026-04-24T15:30:34Z] [1894/1937] no-snapshot  https://graceurctorrance.org/
[2026-04-24T15:30:34Z]   availability check failed: <urlopen error [Errno 8] nodename nor servname provided, or not known>
[2026-04-24T15:30:34Z]   CDX check failed: <urlopen error [Errno 8] nodename nor servname provided, or not known>
[2026-04-24T15:30:34Z] [1895/1937] no-snapshot  https://www.philadelphia.opc.org/find-congregation
[2026-04-24T15:30:34Z]   availability check failed: <urlopen error [Errno 8] nodename nor servname provided, or not known>
[2026-04-24T15:30:34Z]   CDX check failed: <urlopen error [Errno 8] nodename nor servname provided, or not known>
[2026-04-24T15:30:34Z] [1896/1937] no-snapshot  https://opc.org/locator.html?search_go=Y&state=NJ
[2026-04-24T15:30:34Z]   availability check failed: <urlopen error [Errno 8] nodename nor servname provided, or not known>
[2026-04-24T15:30:34Z]   CDX check failed: <urlopen error [Errno 8] nodename nor servname provided, or not known>
[2026-04-24T15:30:34Z] [1897/1937] no-snapshot  https://opc.org/locator.html?search_go=Y&state=MI
[2026-04-24T15:30:34Z]   availability check failed: <urlopen error [Errno 8] nodename nor servname provided, or not known>
[2026-04-24T15:30:34Z]   CDX check failed: <urlopen error [Errno 8] nodename nor servname provided, or not known>
[2026-04-24T15:30:34Z] [1898/1937] no-snapshot  https://opc.org/locator.html?search_go=Y&state=VA
[2026-04-24T15:30:34Z]   availability check failed: <urlopen error [Errno 8] nodename nor servname provided, or not known>
[2026-04-24T15:30:34Z]   CDX check failed: <urlopen error [Errno 8] nodename nor servname provided, or not known>
[2026-04-24T15:30:34Z] [1899/1937] no-snapshot  https://opc.org/locator.html?search_go=Y&state=WA
[2026-04-24T15:30:34Z]   availability check failed: <urlopen error [Errno 8] nodename nor servname provided, or not known>
[2026-04-24T15:30:34Z]   CDX check failed: <urlopen error [Errno 8] nodename nor servname provided, or not known>
[2026-04-24T15:30:34Z] [1900/1937] no-snapshot  https://crechurches.org/churches/
[2026-04-24T15:30:34Z]   checkpoint: {"fresh": 269, "older": 98, "saved": 0, "skip": 6, "fail": 0, "cached": 0, "no-snapshot": 1527}
[2026-04-24T15:30:34Z]   availability check failed: <urlopen error [Errno 8] nodename nor servname provided, or not known>
[2026-04-24T15:30:34Z]   CDX check failed: <urlopen error [Errno 8] nodename nor servname provided, or not known>
[2026-04-24T15:30:34Z] [1901/1937] no-snapshot  https://christcovenantchicago.org
[2026-04-24T15:30:34Z]   availability check failed: <urlopen error [Errno 8] nodename nor servname provided, or not known>
[2026-04-24T15:30:34Z]   CDX check failed: <urlopen error [Errno 8] nodename nor servname provided, or not known>
[2026-04-24T15:30:34Z] [1902/1937] no-snapshot  https://churchofthekingsacramento.org
[2026-04-24T15:30:34Z]   availability check failed: <urlopen error [Errno 8] nodename nor servname provided, or not known>
[2026-04-24T15:30:34Z]   CDX check failed: <urlopen error [Errno 8] nodename nor servname provided, or not known>
[2026-04-24T15:30:34Z] [1903/1937] no-snapshot  https://ccrchurch.org
[2026-04-24T15:30:34Z]   availability check failed: <urlopen error [Errno 8] nodename nor servname provided, or not known>
[2026-04-24T15:30:34Z]   CDX check failed: <urlopen error [Errno 8] nodename nor servname provided, or not known>
[2026-04-24T15:30:34Z] [1904/1937] no-snapshot  https://christchurchindy.com
[2026-04-24T15:30:34Z]   availability check failed: <urlopen error [Errno 8] nodename nor servname provided, or not known>
[2026-04-24T15:30:34Z]   CDX check failed: <urlopen error [Errno 8] nodename nor servname provided, or not known>
[2026-04-24T15:30:34Z] [1905/1937] no-snapshot  https://redeemerokc.org
[2026-04-24T15:30:34Z]   availability check failed: <urlopen error [Errno 8] nodename nor servname provided, or not known>
[2026-04-24T15:30:34Z]   CDX check failed: <urlopen error [Errno 8] nodename nor servname provided, or not known>
[2026-04-24T15:30:34Z] [1906/1937] no-snapshot  https://trctulsa.org
[2026-04-24T15:30:34Z]   availability check failed: <urlopen error [Errno 8] nodename nor servname provided, or not known>
[2026-04-24T15:30:34Z]   CDX check failed: <urlopen error [Errno 8] nodename nor servname provided, or not known>
[2026-04-24T15:30:34Z] [1907/1937] no-snapshot  https://reformationcovenant.org
[2026-04-24T15:30:34Z]   availability check failed: <urlopen error [Errno 8] nodename nor servname provided, or not known>
[2026-04-24T15:30:34Z]   CDX check failed: <urlopen error [Errno 8] nodename nor servname provided, or not known>
[2026-04-24T15:30:34Z] [1908/1937] no-snapshot  https://allsaintskirk.com
[2026-04-24T15:30:34Z]   availability check failed: <urlopen error [Errno 8] nodename nor servname provided, or not known>
[2026-04-24T15:30:34Z]   CDX check failed: <urlopen error [Errno 8] nodename nor servname provided, or not known>
[2026-04-24T15:30:34Z] [1909/1937] no-snapshot  https://christchurchboerne.com
[2026-04-24T15:30:34Z]   availability check failed: <urlopen error [Errno 8] nodename nor servname provided, or not known>
[2026-04-24T15:30:34Z]   CDX check failed: <urlopen error [Errno 8] nodename nor servname provided, or not known>
[2026-04-24T15:30:34Z] [1910/1937] no-snapshot  https://christkirkdenver.church
[2026-04-24T15:30:34Z]   checkpoint: {"fresh": 269, "older": 98, "saved": 0, "skip": 6, "fail": 0, "cached": 0, "no-snapshot": 1537}
[2026-04-24T15:30:34Z]   availability check failed: <urlopen error [Errno 8] nodename nor servname provided, or not known>
[2026-04-24T15:30:34Z]   CDX check failed: <urlopen error [Errno 8] nodename nor servname provided, or not known>
[2026-04-24T15:30:34Z] [1911/1937] no-snapshot  https://saintpeterpresbyterian.org
[2026-04-24T15:30:34Z]   availability check failed: <urlopen error [Errno 8] nodename nor servname provided, or not known>
[2026-04-24T15:30:34Z]   CDX check failed: <urlopen error [Errno 8] nodename nor servname provided, or not known>
[2026-04-24T15:30:34Z] [1912/1937] no-snapshot  https://trinitychattanooga.com
[2026-04-24T15:30:34Z]   availability check failed: <urlopen error [Errno 8] nodename nor servname provided, or not known>
[2026-04-24T15:30:34Z]   CDX check failed: <urlopen error [Errno 8] nodename nor servname provided, or not known>
[2026-04-24T15:30:34Z] [1913/1937] no-snapshot  https://ccc-ship.org
[2026-04-24T15:30:34Z]   availability check failed: <urlopen error [Errno 8] nodename nor servname provided, or not known>
[2026-04-24T15:30:34Z]   CDX check failed: <urlopen error [Errno 8] nodename nor servname provided, or not known>
[2026-04-24T15:30:34Z] [1914/1937] no-snapshot  https://covenantheritage.com
[2026-04-24T15:30:34Z]   availability check failed: <urlopen error [Errno 8] nodename nor servname provided, or not known>
[2026-04-24T15:30:34Z]   CDX check failed: <urlopen error [Errno 8] nodename nor servname provided, or not known>
[2026-04-24T15:30:34Z] [1915/1937] no-snapshot  https://arpchurch.org/
[2026-04-24T15:30:34Z]   availability check failed: <urlopen error [Errno 8] nodename nor servname provided, or not known>
[2026-04-24T15:30:34Z]   CDX check failed: <urlopen error [Errno 8] nodename nor servname provided, or not known>
[2026-04-24T15:30:34Z] [1916/1937] no-snapshot  https://www.fayettevillearp.org
[2026-04-24T15:30:34Z]   availability check failed: <urlopen error [Errno 8] nodename nor servname provided, or not known>
[2026-04-24T15:30:34Z]   CDX check failed: <urlopen error [Errno 8] nodename nor servname provided, or not known>
[2026-04-24T15:30:34Z] [1917/1937] no-snapshot  https://www.richlandarp.org
[2026-04-24T15:30:34Z]   availability check failed: <urlopen error [Errno 8] nodename nor servname provided, or not known>
[2026-04-24T15:30:34Z]   CDX check failed: <urlopen error [Errno 8] nodename nor servname provided, or not known>
[2026-04-24T15:30:34Z] [1918/1937] no-snapshot  https://coddlecreekarp.org
[2026-04-24T15:30:34Z]   availability check failed: <urlopen error [Errno 8] nodename nor servname provided, or not known>
[2026-04-24T15:30:34Z]   CDX check failed: <urlopen error [Errno 8] nodename nor servname provided, or not known>
[2026-04-24T15:30:34Z] [1919/1937] no-snapshot  https://www.naparcsearch.com/arpc/congregations
[2026-04-24T15:30:34Z]   availability check failed: <urlopen error [Errno 8] nodename nor servname provided, or not known>
[2026-04-24T15:30:34Z]   CDX check failed: <urlopen error [Errno 8] nodename nor servname provided, or not known>
[2026-04-24T15:30:34Z] [1920/1937] no-snapshot  http://www.whiteoakarp.org
[2026-04-24T15:30:34Z]   checkpoint: {"fresh": 269, "older": 98, "saved": 0, "skip": 6, "fail": 0, "cached": 0, "no-snapshot": 1547}
[2026-04-24T15:30:34Z]   availability check failed: <urlopen error [Errno 8] nodename nor servname provided, or not known>
[2026-04-24T15:30:34Z]   CDX check failed: <urlopen error [Errno 8] nodename nor servname provided, or not known>
[2026-04-24T15:30:34Z] [1921/1937] no-snapshot  http://www.sherwoodforestchurch.com
[2026-04-24T15:30:34Z]   availability check failed: <urlopen error [Errno 8] nodename nor servname provided, or not known>
[2026-04-24T15:30:34Z]   CDX check failed: <urlopen error [Errno 8] nodename nor servname provided, or not known>
[2026-04-24T15:30:34Z] [1922/1937] no-snapshot  http://www.livingwatersweb.org
[2026-04-24T15:30:34Z]   availability check failed: <urlopen error [Errno 8] nodename nor servname provided, or not known>
[2026-04-24T15:30:34Z]   CDX check failed: <urlopen error [Errno 8] nodename nor servname provided, or not known>
[2026-04-24T15:30:34Z] [1923/1937] no-snapshot  http://www.ballstoncenterchurch.org
[2026-04-24T15:30:34Z]   availability check failed: <urlopen error [Errno 8] nodename nor servname provided, or not known>
[2026-04-24T15:30:35Z]   CDX check failed: <urlopen error [Errno 8] nodename nor servname provided, or not known>
[2026-04-24T15:30:35Z] [1924/1937] no-snapshot  http://www.providencearp.com
[2026-04-24T15:30:35Z]   availability check failed: <urlopen error [Errno 8] nodename nor servname provided, or not known>
[2026-04-24T15:30:35Z]   CDX check failed: <urlopen error [Errno 8] nodename nor servname provided, or not known>
[2026-04-24T15:30:35Z] [1925/1937] no-snapshot  http://www.goodshepherdarp.org
[2026-04-24T15:30:35Z]   availability check failed: <urlopen error [Errno 8] nodename nor servname provided, or not known>
[2026-04-24T15:30:35Z]   CDX check failed: <urlopen error [Errno 8] nodename nor servname provided, or not known>
[2026-04-24T15:30:35Z] [1926/1937] no-snapshot  https://en.wikipedia.org/wiki/Associate_Reformed_Presbyterian_Church
[2026-04-24T15:30:35Z]   availability check failed: <urlopen error [Errno 8] nodename nor servname provided, or not known>
[2026-04-24T15:30:35Z]   CDX check failed: <urlopen error [Errno 8] nodename nor servname provided, or not known>
[2026-04-24T15:30:35Z] [1927/1937] no-snapshot  http://www.lhcbelmont.org
[2026-04-24T15:30:35Z]   availability check failed: <urlopen error [Errno 8] nodename nor servname provided, or not known>
[2026-04-24T15:30:35Z]   CDX check failed: <urlopen error [Errno 8] nodename nor servname provided, or not known>
[2026-04-24T15:30:35Z] [1928/1937] no-snapshot  https://rehobetharp.org
[2026-04-24T15:30:35Z]   availability check failed: <urlopen error [Errno 8] nodename nor servname provided, or not known>
[2026-04-24T15:30:35Z]   CDX check failed: <urlopen error [Errno 8] nodename nor servname provided, or not known>
[2026-04-24T15:30:35Z] [1929/1937] no-snapshot  https://concordarp.org
[2026-04-24T15:30:35Z]   availability check failed: <urlopen error [Errno 8] nodename nor servname provided, or not known>
[2026-04-24T15:30:35Z]   CDX check failed: <urlopen error [Errno 8] nodename nor servname provided, or not known>
[2026-04-24T15:30:35Z] [1930/1937] no-snapshot  https://caycepres.org
[2026-04-24T15:30:35Z]   checkpoint: {"fresh": 269, "older": 98, "saved": 0, "skip": 6, "fail": 0, "cached": 0, "no-snapshot": 1557}
[2026-04-24T15:30:35Z]   availability check failed: <urlopen error [Errno 8] nodename nor servname provided, or not known>
[2026-04-24T15:30:35Z]   CDX check failed: <urlopen error [Errno 8] nodename nor servname provided, or not known>
[2026-04-24T15:30:35Z] [1931/1937] no-snapshot  https://ballantynepres.com
[2026-04-24T15:30:35Z]   availability check failed: <urlopen error [Errno 8] nodename nor servname provided, or not known>
[2026-04-24T15:30:35Z]   CDX check failed: <urlopen error [Errno 8] nodename nor servname provided, or not known>
[2026-04-24T15:30:35Z] [1932/1937] no-snapshot  https://gumtreepres.com
[2026-04-24T15:30:35Z]   availability check failed: <urlopen error [Errno 8] nodename nor servname provided, or not known>
[2026-04-24T15:30:35Z]   CDX check failed: <urlopen error [Errno 8] nodename nor servname provided, or not known>
[2026-04-24T15:30:35Z] [1933/1937] no-snapshot  http://www.highlandsarp.org
[2026-04-24T15:30:35Z]   availability check failed: <urlopen error [Errno 8] nodename nor servname provided, or not known>
[2026-04-24T15:30:35Z]   CDX check failed: <urlopen error [Errno 8] nodename nor servname provided, or not known>
[2026-04-24T15:30:35Z] [1934/1937] no-snapshot  https://faithfulcity.church
[2026-04-24T15:30:35Z]   availability check failed: <urlopen error [Errno 8] nodename nor servname provided, or not known>
[2026-04-24T15:30:35Z]   CDX check failed: <urlopen error [Errno 8] nodename nor servname provided, or not known>
[2026-04-24T15:30:35Z] [1935/1937] no-snapshot  https://ambassadorpres.org
[2026-04-24T15:30:35Z]   availability check failed: <urlopen error [Errno 8] nodename nor servname provided, or not known>
[2026-04-24T15:30:35Z]   CDX check failed: <urlopen error [Errno 8] nodename nor servname provided, or not known>
[2026-04-24T15:30:35Z] [1936/1937] no-snapshot  https://tampabaychinesechurch.org
[2026-04-24T15:30:35Z]   availability check failed: <urlopen error [Errno 8] nodename nor servname provided, or not known>
[2026-04-24T15:30:35Z]   CDX check failed: <urlopen error [Errno 8] nodename nor servname provided, or not known>
[2026-04-24T15:30:35Z] [1937/1937] no-snapshot  https://www.usachurches.org/christian/presbyterian/associate-reformed-presbyterian-church/
[2026-04-24T15:30:35Z] DONE. Final stats: {"fresh": 269, "older": 98, "saved": 0, "skip": 6, "fail": 0, "cached": 0, "no-snapshot": 1564}
[2026-04-24T15:30:35Z] Total snaps: 367  total fails: 1570
